"","logFC","logCPM","PValue","FDR"
"ENSG00000239474",-4.87106163072348,-0.338009530271715,2.51092960287093e-98,6.98364850446493e-94
"ENSG00000101605",-4.59396341750737,2.08748814919962,5.65098913689572e-95,7.85854804322403e-91
"ENSG00000163380",-3.91495627125632,-1.75057114035036,1.27879583997439e-91,1.18557162324026e-87
"ENSG00000163815",-4.47440475213947,1.92863354105422,2.99998132647391e-90,2.08596201583047e-86
"ENSG00000077157",-3.97080401136653,6.04812507880103,1.20437248346903e-83,6.69944237654484e-80
"ENSG00000112425",-2.70239439274318,1.85231285080389,3.52215508923207e-83,1.63269499161353e-79
"ENSG00000068976",-4.71867673485126,1.54562019893153,4.48780167635812e-82,1.78313182892212e-78
"ENSG00000183963",-3.30497317671017,6.44956355733763,1.09597490874941e-81,3.60604577948328e-78
"ENSG00000115556",-2.95178669373239,1.52715983878944,1.16687922968934e-81,3.60604577948328e-78
"ENSG00000228789",-7.05246418981639,-0.709879714153946,8.81555595237473e-81,2.45187057703398e-77
"ENSG00000159176",-3.39179314591908,7.9921579491103,2.67489134314459e-80,6.76334117517095e-77
"ENSG00000229619",-4.0373035224199,2.21233440383711,4.5127136958041e-80,1.04593421684499e-76
"ENSG00000182253",-5.43627307582411,6.65764394025355,5.02419835671538e-78,1.07490791457942e-74
"ENSG00000163681",-2.65408261555834,5.6528157624934,6.67594265580191e-78,1.26328814176273e-74
"ENSG00000118526",-4.28999291381293,1.99089210538679,6.8131169332474e-78,1.26328814176273e-74
"ENSG00000079308",-4.32506933339948,7.12205594124282,8.54555836415111e-77,1.48548509238834e-73
"ENSG00000118407",-4.3670355010619,2.56752575587029,7.82405920763535e-76,1.28006211024684e-72
"ENSG00000263065",-5.37366891993838,-2.06574769664507,2.70877772452931e-74,4.18551304735187e-71
"ENSG00000261616",-4.33178317602521,-0.351638469798142,3.2784858836855e-72,4.79918567804972e-69
"ENSG00000108924",-4.71432784606256,1.3009176966388,1.75398546907384e-71,2.43917989256754e-68
"ENSG00000196666",-5.06540261636571,-3.16749356617846,5.36031984716484e-71,7.09936075758075e-68
"ENSG00000172403",-5.13535025597212,6.80466688028427,5.96763168511215e-71,7.5444427299102e-68
"ENSG00000165410",-3.28057748269829,4.14970783206256,1.17471581172635e-67,1.42053786398021e-64
"ENSG00000148339",-2.73101591735828,4.05289074575874,6.09867406631275e-67,7.06760090859819e-64
"ENSG00000145012",-2.8532179018767,6.84497391905582,5.35699938695786e-66,5.95976895797836e-63
"ENSG00000065325",-5.29682862013908,0.620379956324384,3.12958999909989e-65,3.34781871711404e-62
"ENSG00000065534",-4.27739535125279,7.04372325153017,3.85329843888127e-65,3.9693255363187e-62
"ENSG00000140416",-3.46250704487044,7.63216746099411,4.05878481992999e-65,4.03167793559689e-62
"ENSG00000121577",-4.11437248836825,2.51866742480886,4.21347687050155e-65,4.04101490342274e-62
"ENSG00000135842",-3.77723391665847,5.7182342080548,6.12183665963301e-64,5.67555476714576e-61
"ENSG00000181856",-4.81324646981096,1.81889185819425,7.15200682945452e-64,6.41673438540705e-61
"ENSG00000185437",-2.94922325472461,1.6445611342503,5.71005538868699e-63,4.96293032892348e-60
"ENSG00000259370",-4.72997002334696,-0.989541198818565,1.19776281441496e-62,1.00949627749464e-59
"ENSG00000144655",-2.7879770057762,5.07302859562592,5.25171057356566e-62,4.2960537112524e-59
"ENSG00000128591",-5.0415505593322,6.46863820075291,2.37102776487151e-61,1.88415414926775e-58
"ENSG00000091436",-3.09532883281793,5.49156114542105,6.19396478158385e-61,4.78535395750533e-58
"ENSG00000168079",-5.18678780385554,2.64145128869152,9.23750842147446e-61,6.94386004666133e-58
"ENSG00000141052",-4.83324108544543,2.72503441591398,3.22619906563816e-60,2.3613230161209e-57
"ENSG00000143772",-2.15400631146897,4.8564131702788,8.2366726044715e-60,5.87401474738887e-57
"ENSG00000156113",-4.12123425620764,3.43574384844912,1.10083160071975e-59,7.65435732770459e-57
"ENSG00000198838",-3.01425965219666,0.447574106494243,2.13971257069382e-59,1.45150794460262e-56
"ENSG00000106034",-3.96089263396512,2.76223782887149,3.11295504403179e-59,2.06144330094419e-56
"ENSG00000075073",-4.41482659397183,1.63233355709731,1.89269137616175e-58,1.22421919174853e-55
"ENSG00000197321",-2.95375570359123,6.48603435806302,2.42003111341728e-58,1.52973466721533e-55
"ENSG00000133392",-5.37257275645453,9.8071755263793,1.3908526340518e-57,8.59639651352948e-55
"ENSG00000197361",-3.54838849411326,1.29561300163362,2.31110900324553e-57,1.39736684146235e-54
"ENSG00000095637",-4.36361480849563,5.74946839222935,2.89285935739499e-57,1.71189568738781e-54
"ENSG00000123358",-3.82408101121846,6.51604381575913,1.2535038534791e-56,7.26327139100297e-54
"ENSG00000111696",-2.79663018934647,3.29845432334082,2.09182432770721e-56,1.18734510258205e-53
"ENSG00000123570",-3.62098575724917,1.08339010862846,1.24626153846395e-55,6.93245443385956e-53
"ENSG00000241158",-4.98775812858138,0.708482827155535,1.80928470920077e-55,9.82987530160786e-53
"ENSG00000058272",-1.97172335025146,5.61221127678772,1.8378222977874e-55,9.82987530160786e-53
"ENSG00000267505",-4.99467402333063,0.205834816277644,2.7575014593966e-55,1.44706392623014e-52
"ENSG00000022267",-4.37860206655906,5.72871823626797,1.27103182826143e-54,6.54652004433985e-52
"ENSG00000197256",-2.8601848415532,5.93530232074033,2.13426225045948e-54,1.07927701767327e-51
"ENSG00000198932",-3.12967656737814,2.25756642952306,2.94652056131251e-54,1.46342100663901e-51
"ENSG00000120738",-3.43019077129379,7.57756655067048,3.49294883028648e-54,1.70437518976768e-51
"ENSG00000168477",-4.31534784790775,3.75789685765995,3.8356923842116e-54,1.83934676348409e-51
"ENSG00000232855",-4.50947800546925,0.824401554071339,3.96861851375395e-54,1.87083367327184e-51
"ENSG00000164188",-4.65806223624467,0.184905656843594,4.67852715619848e-54,2.16873126325581e-51
"ENSG00000125868",-1.99157784448012,8.17204769607712,9.86890279528884e-54,4.49973431877653e-51
"ENSG00000059915",-3.88888996019938,3.47658444449817,1.59928561373422e-53,7.1743436733532e-51
"ENSG00000153179",-2.38139914529759,4.77831778959892,2.06020107213499e-53,9.09529720941118e-51
"ENSG00000168497",-3.84245624796748,3.63363425188236,5.27291852068564e-53,2.29149504399734e-50
"ENSG00000154330",-4.82673069068368,4.81484499966609,1.54810786794925e-52,6.62423448173423e-50
"ENSG00000150764",-3.19657573253311,3.31459907739023,1.88624605418043e-52,7.94881234923035e-50
"ENSG00000101335",-3.90621655325061,8.42213404168668,2.37005508175502e-52,9.83855850579887e-50
"ENSG00000100307",-2.48993510632908,4.23401802139888,2.49509826833282e-52,1.00991116851047e-49
"ENSG00000167281",-5.24783828495001,1.81011829400088,2.50544244156409e-52,1.00991116851047e-49
"ENSG00000156218",-4.28798513799717,1.19790259009426,2.91743133731992e-52,1.15917882549827e-49
"ENSG00000151320",-3.84256337008188,1.88989772088269,3.64951492689461e-52,1.4296332205876e-49
"ENSG00000095303",-4.32722629868707,5.58227388183247,8.84643055482489e-52,3.41730240307423e-49
"ENSG00000148411",-2.51837547357188,4.29688685355543,1.13102275675664e-51,4.30919670324279e-49
"ENSG00000138944",-4.33454964550511,2.11915071632041,1.22922929129431e-51,4.62007490253629e-49
"ENSG00000267405",-5.16345952759971,-0.256473813527809,1.4005252568157e-51,5.19370786237535e-49
"ENSG00000168309",-4.03160254453524,2.55034961708799,1.50034774774925e-51,5.49068051423027e-49
"ENSG00000187239",-2.43551326364726,5.14058384672783,2.0887071954517e-51,7.54457314637639e-49
"ENSG00000172260",-4.1808001256709,2.58769730141938,2.20535388886406e-51,7.86378303986871e-49
"ENSG00000072163",-3.42507307652631,4.43576219316077,4.71758453788424e-51,1.66088833863512e-48
"ENSG00000077943",-3.43266176816407,2.97181756974924,4.7846251437478e-51,1.66343473903822e-48
"ENSG00000117600",-3.60249782541642,1.115841570216,6.19997477518744e-51,2.12888763484306e-48
"ENSG00000198947",-3.87586027167229,3.55641784068807,1.0826219312882e-50,3.67206875303887e-48
"ENSG00000121671",-1.69846777927581,4.20584754747589,1.5916664441271e-50,5.33361672415748e-48
"ENSG00000154734",-3.39926419796441,5.88745211531629,1.84377355024644e-50,6.10486592297668e-48
"ENSG00000126218",-3.68045464667583,0.5695430019537,1.88664892105885e-50,6.17333722840114e-48
"ENSG00000132840",-4.05833136904943,0.457159751656457,1.92069961733178e-50,6.21167656474986e-48
"ENSG00000112658",-1.70557103183044,5.66209899356344,2.73056624029556e-50,8.72933779785522e-48
"ENSG00000278309",-5.10707247312049,0.879957751221261,3.16100267593689e-50,9.99056448020827e-48
"ENSG00000158445",-4.76618852651116,0.0607322912517227,4.4297827904301e-50,1.38433200842958e-47
"ENSG00000123243",-3.58739054574832,4.41447212462264,5.76606896692568e-50,1.78190751307893e-47
"ENSG00000172348",-3.25052071319154,3.39068858999222,7.38502715556441e-50,2.25714022283201e-47
"ENSG00000163431",-4.44365149705571,5.83918626740153,1.51884231957154e-49,4.59169146024384e-47
"ENSG00000129116",-3.14728181803029,7.03304273890372,1.81220209506123e-49,5.41965342687506e-47
"ENSG00000163145",-3.75491972908362,0.968057689671633,3.46646048709636e-49,1.02566665454905e-46
"ENSG00000196924",-3.29150603638553,9.97050037860664,5.47160388633919e-49,1.60191283042897e-46
"ENSG00000225398",-5.26413042278439,-2.53923466481639,1.06882604996922e-48,3.09658947164521e-46
"ENSG00000004776",-4.76005303917126,4.80263879988981,1.19981552539106e-48,3.44025455749501e-46
"ENSG00000197766",-3.71098672174697,4.56776622633203,1.80377155877638e-48,5.11921411880075e-46
"ENSG00000162407",-2.37966340029815,5.2316456201288,2.21172967980853e-48,6.21361995803178e-46
"ENSG00000154678",-3.81011095272172,1.25158930184515,2.45293251982153e-48,6.82234121737962e-46
"ENSG00000196557",-3.61296378510947,4.20726513349863,4.92690735838235e-48,1.35675321147216e-45
"ENSG00000116473",-1.53761410779583,5.66512746092917,8.8785997949813e-48,2.42098525586093e-45
"ENSG00000154556",-3.65380988168163,4.26427743960369,1.21727117036062e-47,3.28698670497475e-45
"ENSG00000179388",-3.72008371556048,3.23160141270393,1.67635723765271e-47,4.48312729334949e-45
"ENSG00000128849",-3.29185419363566,2.77468659787522,1.69354784507393e-47,4.48596630619441e-45
"ENSG00000112210",-2.99877110549361,3.23548192664737,2.41041490145618e-47,6.32461034473592e-45
"ENSG00000254510",-4.25491903261949,-0.952700576906598,3.71933172770663e-47,9.66782928436492e-45
"ENSG00000132837",-2.82803131203553,-1.32316110243042,4.04770470385716e-47,1.04239639748499e-44
"ENSG00000164530",-5.54624905839274,3.44048359935241,4.2110326944117e-47,1.07450873696947e-44
"ENSG00000128016",-2.91824984604837,7.90202921739464,5.84396306337559e-47,1.47761949710605e-44
"ENSG00000241684",-4.0067304953423,-1.39880976873043,9.34543385912327e-47,2.3416626299441e-44
"ENSG00000104936",-2.13454914576259,5.29865316765561,1.41722272788458e-46,3.51939426166551e-44
"ENSG00000112320",-3.25531554273929,1.91448817590797,2.10243336112607e-46,5.17477690911499e-44
"ENSG00000137076",-2.06696739043922,7.85367480781053,2.83205405292113e-46,6.90946661174521e-44
"ENSG00000145936",-3.91992668781674,3.28866483245483,2.96460646923849e-46,7.16996519382e-44
"ENSG00000269186",-4.07802005480258,-0.706462016978162,4.03021234377958e-46,9.66312895840874e-44
"ENSG00000174099",-3.580607269266,4.63353792844597,4.5159011934788e-46,1.07351076832672e-43
"ENSG00000133710",-4.54587471654095,4.7954396749169,4.9108769626759e-46,1.15751034714326e-43
"ENSG00000152049",-3.61600973888057,2.74662153514849,6.65333877289157e-46,1.55503622933137e-43
"ENSG00000268505",-4.20299754106372,-1.74322806413803,6.80406309606401e-46,1.57701172409024e-43
"ENSG00000166831",-3.68771307632633,3.01893582473776,9.37044141048427e-46,2.15388501611404e-43
"ENSG00000132326",-2.21007405636273,3.71144090952388,1.05263286047596e-45,2.39974407773917e-43
"ENSG00000160613",-1.98557523319725,4.28875740267633,1.12783696572573e-45,2.55028695347397e-43
"ENSG00000119508",-3.86959247214473,3.60090855302582,1.24940612747009e-45,2.80239779220368e-43
"ENSG00000034971",-5.5904678066022,0.136010285547668,2.75981621778613e-45,6.14070147722284e-43
"ENSG00000122786",-3.17768404732121,7.61130049022537,4.25623901338781e-45,9.39514092693296e-43
"ENSG00000076555",-2.80571766319655,3.35038971053254,4.36347212751789e-45,9.55600395926417e-43
"ENSG00000165124",-3.11710368066181,3.13918038611064,4.59608736528427e-45,9.98679514770714e-43
"ENSG00000170153",-3.58445314008265,2.42630102400784,5.7726767498752e-45,1.24461595693239e-42
"ENSG00000198624",-2.7924747388711,4.91529142858646,7.67598268929809e-45,1.64224697336498e-42
"ENSG00000185873",-8.10565367015497,0.0352389527822053,9.04192781728687e-45,1.91971861360458e-42
"ENSG00000134769",-3.97078633335724,2.9487373976458,1.08609462267927e-44,2.28845073792261e-42
"ENSG00000170271",-2.83120444618637,2.45109341655996,1.15142048698839e-44,2.40785398530888e-42
"ENSG00000150995",-2.79956487391937,4.23947498391145,2.19706106512858e-44,4.56021338838964e-42
"ENSG00000198961",-1.86731805894996,5.5919028482701,2.36933119631472e-44,4.88134878245194e-42
"ENSG00000143536",-8.55908279634626,4.80562304372299,2.80770043238163e-44,5.74195383278164e-42
"ENSG00000226306",-4.99838887615387,-0.667525182381586,3.14283602605817e-44,6.38041594107708e-42
"ENSG00000155970",-3.28521967171163,-0.0622484589295868,3.86389579428631e-44,7.78742998018009e-42
"ENSG00000162614",-3.35637428366477,3.5631765870097,4.00501525846129e-44,8.01377621464632e-42
"ENSG00000130176",-4.64128098868725,7.07498367862943,6.17069670441056e-44,1.22589705314122e-41
"ENSG00000148357",-3.70977396064176,1.98553815036295,8.66884249840013e-44,1.69869969874254e-41
"ENSG00000147166",-2.72859889533737,0.279672569899761,8.67275580561033e-44,1.69869969874254e-41
"ENSG00000163820",-2.03801711507113,5.21771185419584,1.07799098204878e-43,2.0966547680925e-41
"ENSG00000204544",-6.46010290276388,3.29144694727551,1.32671701148431e-43,2.56249862780646e-41
"ENSG00000108405",-4.46174536853053,2.92374028036325,1.48131871589771e-43,2.84137361691468e-41
"ENSG00000227954",-3.90559275284729,-1.74263128942307,1.75680940985621e-43,3.34672192577607e-41
"ENSG00000127951",-3.54825288546875,4.29679680535888,2.54559065109694e-43,4.81636141353464e-41
"ENSG00000109846",-3.71790168180747,4.46959501126798,2.82455975377614e-43,5.30807300214702e-41
"ENSG00000106772",-4.44364419018738,4.13560889547836,4.11942897051718e-43,7.68950858771775e-41
"ENSG00000280551",-4.07580744075297,-2.53404775851881,5.34397255823962e-43,9.90879391748791e-41
"ENSG00000068024",-2.11000047230873,3.26528473124885,1.09121138056653e-42,2.00992464421834e-40
"ENSG00000152583",-3.14788167068045,6.76474200149938,2.07021198780265e-42,3.78807934320758e-40
"ENSG00000279484",-4.24621952321604,-3.33746518056975,2.87050975078811e-42,5.21813645089345e-40
"ENSG00000148516",-2.94347335966746,3.96185668496713,2.89073497527559e-42,5.22077999138572e-40
"ENSG00000148180",-2.43037079427972,8.35288960510967,3.44078483279582e-42,6.17409990674517e-40
"ENSG00000153446",-4.34227573562604,0.888228624898859,6.16014666177836e-42,1.09828307117975e-39
"ENSG00000127528",-2.89132827200917,3.76683114283886,1.01210983304101e-41,1.79298157874966e-39
"ENSG00000137124",-2.63493998917324,5.3923651565146,1.40188544763695e-41,2.46776202247636e-39
"ENSG00000165966",-4.86427550657792,1.11902316850643,1.65504967309877e-41,2.89508783382994e-39
"ENSG00000120129",-3.10440963209579,7.56004446694367,2.09590187764286e-41,3.64333243268005e-39
"ENSG00000131471",-3.47722480508103,5.0606315304914,2.23576732901417e-41,3.86232277775597e-39
"ENSG00000207980",-3.83975799349163,-2.78948564127732,2.79894184548319e-41,4.80536849064346e-39
"ENSG00000168906",-1.69501498096157,6.5468950130776,4.15946626962474e-41,7.0973764022744e-39
"ENSG00000097007",-1.65941827977805,5.88660417239131,4.29585893283138e-41,7.28541003041702e-39
"ENSG00000165197",-3.74000761819714,0.0305632320965974,5.29279525906545e-41,8.92172815396288e-39
"ENSG00000165995",-3.17237831147748,1.36333802144026,6.35254171908756e-41,1.06435688453604e-38
"ENSG00000259291",-2.47236354750085,1.37623493696513,9.53610357738015e-41,1.58818951375853e-38
"ENSG00000189134",-3.2090428830127,-2.39710752256261,1.3375072683325e-40,2.21429105084118e-38
"ENSG00000149090",-2.86487140694993,2.88588812681036,3.2226686191356e-40,5.30367350911351e-38
"ENSG00000171368",-3.41068287916067,2.35844003236641,4.67191216345582e-40,7.64352311777627e-38
"ENSG00000164736",-2.89055900462384,1.16745261209319,5.13196120727551e-40,8.34708988643004e-38
"ENSG00000188215",-1.73040620552959,3.45762754134822,5.20482193384231e-40,8.41637863057885e-38
"ENSG00000004799",-3.59372976008735,4.76208668700946,6.06594801015629e-40,9.75215098303334e-38
"ENSG00000077522",-4.55513881382934,0.405642243272975,7.50899086140007e-40,1.2002733495869e-37
"ENSG00000170345",-3.10389676931331,8.43796664960593,1.02849106006926e-39,1.6345955344975e-37
"ENSG00000159200",-2.6639503977965,5.33436487275573,1.45228955535408e-39,2.29503007971949e-37
"ENSG00000174944",-3.13240578401525,0.339548115010281,1.81442706677493e-39,2.85111073492718e-37
"ENSG00000179796",-5.18108566328562,-2.13476537190578,2.31875260585149e-39,3.62311608014311e-37
"ENSG00000131711",-3.33392034355411,5.11509547437416,4.70243596283241e-39,7.30663974493061e-37
"ENSG00000125740",-3.78757464435732,7.03533613942414,5.26669359448375e-39,8.13791938574314e-37
"ENSG00000237125",-4.33496288187022,0.760653428576121,7.10309085031592e-39,1.09148213160131e-36
"ENSG00000258274",-4.57698048423325,-1.19822020346594,7.45410252957123e-39,1.13912611898332e-36
"ENSG00000141404",-2.94132144520647,2.47939020030529,8.38959402191174e-39,1.27508075700236e-36
"ENSG00000116604",-1.34880903828536,5.26973462418755,9.99186475575023e-39,1.51034638288957e-36
"ENSG00000137094",-2.88231254276751,3.36553050975801,1.24116289150752e-38,1.86597100008102e-36
"ENSG00000280143",-3.70533929153453,2.97749442964984,1.47380724304448e-38,2.20381725004281e-36
"ENSG00000100628",-3.50165108544877,2.48887782371816,2.2107247889754e-38,3.28806890672581e-36
"ENSG00000244953",-3.32683250425517,-2.01295481906386,3.70947618567607e-38,5.48785431660684e-36
"ENSG00000187942",-2.38524011061147,0.0125808400478814,3.76428828601333e-38,5.53947884121104e-36
"ENSG00000119138",-2.71529635917116,4.53542499089789,4.17304193318377e-38,6.10867448882317e-36
"ENSG00000281852",-3.90330214072807,-3.43637346974281,4.4656077293222e-38,6.50271977882923e-36
"ENSG00000073712",-2.85504733769348,4.78403010577875,6.80852431072304e-38,9.86278576323645e-36
"ENSG00000053328",-3.70511051169351,-1.58991388087524,7.86213285033056e-38,1.13300259568002e-35
"ENSG00000268926",-4.32910232774731,-4.16452344914654,7.97870809245658e-38,1.14387529987369e-35
"ENSG00000090006",-2.51319135812502,5.99824924272233,8.84805233782116e-38,1.26200451113754e-35
"ENSG00000185681",-4.89860277375204,-2.4847409033487,8.89711941345819e-38,1.26252848084955e-35
"ENSG00000111452",-4.13983384789779,2.29663253635747,9.01902897221907e-38,1.27333123250928e-35
"ENSG00000103710",-3.0959205460961,3.02918890079852,1.04124475586038e-37,1.46263335326993e-35
"ENSG00000163017",-4.33718203295068,8.16873018419015,1.05262207287123e-37,1.47118480968681e-35
"ENSG00000072952",-3.09622797602698,4.33984763243299,1.26040814451364e-37,1.7527865861679e-35
"ENSG00000162398",-3.84003442197367,-1.60136425121679,1.50106089715951e-37,2.07706501157699e-35
"ENSG00000136842",-3.57992562618592,1.7264534082957,1.86292039829986e-37,2.56502005138189e-35
"ENSG00000166333",-2.09291102189338,2.80275934808623,1.92709066633175e-37,2.63252617641708e-35
"ENSG00000162616",-2.20070969610092,3.67873694755583,1.93112060487632e-37,2.63252617641708e-35
"ENSG00000167641",-3.16155249413884,3.0932405394025,1.94034396205192e-37,2.63252617641708e-35
"ENSG00000138135",-3.2931697390341,1.6989802495766,2.24963237950802e-37,3.03733132870177e-35
"ENSG00000137727",-3.27280843062612,0.437020596587845,2.29982900998571e-37,3.09010358718515e-35
"ENSG00000197381",-2.65353928359285,4.41027474124233,2.65089116610649e-37,3.54467480783269e-35
"ENSG00000166091",-3.80963001477454,-2.93286465544882,3.44359137908426e-37,4.58261277638615e-35
"ENSG00000113448",-2.340437105903,4.04543693589264,3.95704588473012e-37,5.24082462819042e-35
"ENSG00000103241",-3.09387032922111,3.51584811002106,3.99827207107589e-37,5.27032896269355e-35
"ENSG00000268388",-3.74353496112986,3.18346003250163,5.24468235262113e-37,6.88067689969111e-35
"ENSG00000163827",-3.84077518084925,-0.628642121531672,5.5178145152402e-37,7.20502230574533e-35
"ENSG00000253636",-2.84388120407425,-0.0585145057835092,5.76985365731038e-37,7.49892241919502e-35
"ENSG00000267060",-2.62998508411507,-0.590208055533582,6.73768093773101e-37,8.7021651100755e-35
"ENSG00000152484",-1.55271356265911,4.3309969137995,6.75823414869417e-37,8.7021651100755e-35
"ENSG00000182534",-2.29014775403555,5.38778027248305,7.19302063860843e-37,9.21933101482102e-35
"ENSG00000184347",-3.15786690392548,4.93213113577839,7.77235363598517e-37,9.90299305808749e-35
"ENSG00000080854",-3.56153445557541,-0.415301280925002,7.79763232920275e-37,9.90299305808749e-35
"ENSG00000119147",-4.65201388372612,0.879162717757951,8.88176170691033e-37,1.12285653797408e-34
"ENSG00000082175",-3.35209030850927,0.196195772173177,1.02500895576177e-36,1.28998072790055e-34
"ENSG00000187079",-2.00257275751141,5.44925127031375,1.32033015526487e-36,1.65415957695414e-34
"ENSG00000118729",-4.81747431427224,3.08281931170703,1.42328609280562e-36,1.7751504977221e-34
"ENSG00000188783",-3.72548254014358,4.53511498318565,1.63229676791743e-36,2.02674419670034e-34
"ENSG00000166086",-2.78481165413699,3.97561911408435,1.80910640153351e-36,2.23629672648229e-34
"ENSG00000164532",-4.48488591472444,-0.664092390251736,1.8252346046776e-36,2.24625000265036e-34
"ENSG00000258441",-2.17096740835267,2.02687033035566,1.94535933966055e-36,2.38353653365546e-34
"ENSG00000061455",-3.31321972571335,2.09785685030659,1.97373256391075e-36,2.40769402631797e-34
"ENSG00000108018",-4.3954589293952,-0.633977142484087,2.80450894599564e-36,3.40619245916929e-34
"ENSG00000166963",-3.18167069789025,3.74800758863343,2.85612501299583e-36,3.4538002168023e-34
"ENSG00000133874",-2.12622445666173,2.92121745937287,3.13412238503862e-36,3.77356475736273e-34
"ENSG00000155858",-1.75998876113268,2.76662471646322,3.1697770642411e-36,3.80004351240249e-34
"ENSG00000018625",-4.74218360743599,2.90310863394383,4.91915392584744e-36,5.87194970556201e-34
"ENSG00000280237",-3.79846869826287,0.945929371921763,5.09789620807193e-36,6.05930714679934e-34
"ENSG00000153234",-2.88401364363298,3.98421314253731,5.86204566061863e-36,6.93791812590579e-34
"ENSG00000123560",-4.36506859400834,0.227446783337569,6.17378397637548e-36,7.27590905656489e-34
"ENSG00000280429",-4.37852360688478,-3.40555309040397,6.34947027808874e-36,7.45138467698237e-34
"ENSG00000107796",-3.35981554684298,8.20915472701009,6.71941935543205e-36,7.85240380389208e-34
"ENSG00000143878",-2.19966198078289,7.49222771484121,1.04495536683075e-35,1.21603948191062e-33
"ENSG00000159251",-5.31712110654475,5.87966108335661,1.0751504026174e-35,1.24596492283324e-33
"ENSG00000144218",-3.85727187895081,1.50568354084384,1.10771905989451e-35,1.27838133663262e-33
"ENSG00000185739",-3.1461001233511,-0.886017061603422,1.14305732380149e-35,1.31371294821863e-33
"ENSG00000165424",-2.73124425470026,4.17190505031528,1.2694668311165e-35,1.45299098657791e-33
"ENSG00000154175",-3.38044669334555,3.42511215939047,1.37121821192182e-35,1.56302016918777e-33
"ENSG00000162772",-3.16146194014328,6.24713830744566,1.44995579636335e-35,1.64602532915322e-33
"ENSG00000234814",-2.92957642194148,-0.956925395103563,1.963744352127e-35,2.22022852299628e-33
"ENSG00000048540",-3.81497646906982,2.91393813013053,2.94864225243428e-35,3.32026667882408e-33
"ENSG00000274317",-3.60591068143419,-2.92395610427083,2.99660737444379e-35,3.3606710042502e-33
"ENSG00000151067",-3.03817106699859,3.18753983959709,3.11342963473412e-35,3.47766339079759e-33
"ENSG00000140538",-3.94070234965842,0.115658968256877,3.19984399301053e-35,3.55989043910407e-33
"ENSG00000261054",-3.44838861435589,-3.6575606793986,3.64433496013833e-35,4.03824255961463e-33
"ENSG00000099860",-2.72294609651951,5.42081245004425,4.63505772724071e-35,5.11566907014865e-33
"ENSG00000180354",-2.07617979117327,4.36412839935268,6.27034393849561e-35,6.88269555802232e-33
"ENSG00000131018",-2.48945108423247,4.38931327894294,6.28556671965508e-35,6.88269555802232e-33
"ENSG00000078804",-2.30975899800553,4.95655263347943,6.81439303882909e-35,7.43249857211582e-33
"ENSG00000181778",-5.07998062184894,-1.27831362341508,6.94939996021007e-35,7.55014301145792e-33
"ENSG00000150347",-2.02550594182388,5.55410414473671,8.99049702890389e-35,9.72967680408187e-33
"ENSG00000068615",-3.89080313325254,1.8851581439877,1.3238035569675e-34,1.42709102054019e-32
"ENSG00000187479",-3.14741954938329,4.89714358177165,1.33007932440541e-34,1.42832031852076e-32
"ENSG00000189129",-3.01693896402865,1.79258986352763,1.44794636899884e-34,1.54891278311403e-32
"ENSG00000154721",-2.70145060727922,2.3641380233158,2.4583308776113e-34,2.61967650187752e-32
"ENSG00000111077",-2.10322088200923,4.82202888084022,5.39690625652787e-34,5.72916617224465e-32
"ENSG00000053254",-1.68453767987138,5.19478763935704,5.91269685776868e-34,6.25284554011864e-32
"ENSG00000142871",-2.98740421363575,7.19450606385992,6.12788413343156e-34,6.45586520466409e-32
"ENSG00000035403",-1.88055655751225,7.09224277420719,7.34061103882912e-34,7.70431754048884e-32
"ENSG00000125414",-5.16491702856288,-2.45660335252906,8.50046411018055e-34,8.88809805625758e-32
"ENSG00000198467",-3.14634408377689,7.80637516974319,1.02310855160534e-33,1.06575723392507e-31
"ENSG00000149596",-3.54985116221435,3.55332881641205,1.06809462249057e-33,1.10846700504964e-31
"ENSG00000134531",-2.88571028392638,7.03523447468192,1.08702804259645e-33,1.12392234010168e-31
"ENSG00000164949",-3.20435662652261,3.91156958265999,1.10242409732416e-33,1.13561931181025e-31
"ENSG00000112208",-2.66330069990575,3.63037147474269,1.42428718717903e-33,1.46176013051699e-31
"ENSG00000206052",-3.52363003966287,1.33907834535354,1.52728667598092e-33,1.56170677643593e-31
"ENSG00000165072",-3.59886026355724,2.19004863981187,1.76012064846058e-33,1.79319544306352e-31
"ENSG00000108691",-3.27605551509142,4.51217288252624,1.90988296970157e-33,1.93867062176313e-31
"ENSG00000240583",-2.45217522370368,5.93788303415531,1.94145366513408e-33,1.96355093775906e-31
"ENSG00000018408",-2.11664091325376,5.34410062383635,2.06462935276732e-33,2.08056290538107e-31
"ENSG00000168356",-4.36185189566957,0.95939912205653,3.48744590136285e-33,3.50167266623122e-31
"ENSG00000163531",-2.84385795746304,3.12861757850831,3.50474473642114e-33,3.50638364583026e-31
"ENSG00000174403",-4.29328339473885,-0.672894009746004,4.56726333634067e-33,4.55302133238864e-31
"ENSG00000196843",-2.09941558836158,4.39823443294044,4.67803278671157e-33,4.64679021060032e-31
"ENSG00000115252",-2.98450744537088,1.50128259951801,4.80103133021609e-33,4.75199588566904e-31
"ENSG00000087258",-3.48513485523537,2.00862527277067,6.61312847227317e-33,6.52237383685581e-31
"ENSG00000174611",-3.33809120285601,-2.14787587439648,6.90723418835651e-33,6.78837118306571e-31
"ENSG00000137726",-3.43968141852149,3.84796789331398,8.10367768926566e-33,7.91433223512009e-31
"ENSG00000223382",-3.75552786611784,-3.17230063629741,8.10982161941979e-33,7.91433223512009e-31
"ENSG00000113070",-2.81920963633948,4.92262358505228,1.21512530140862e-32,1.18168811217056e-30
"ENSG00000214575",-3.45851996860894,-0.14963789046714,1.31626329564618e-32,1.27558296312917e-30
"ENSG00000153823",-3.10516609943379,1.71001763262204,1.38570474399501e-32,1.33821548766434e-30
"ENSG00000163710",-3.77733197227131,2.32958542170347,1.44316537789459e-32,1.38888438253917e-30
"ENSG00000008710",-1.56480964479071,5.22068643655708,1.63590756246943e-32,1.56894817361939e-30
"ENSG00000106809",-4.56415546641603,2.3526567438899,2.27954738110502e-32,2.17873028559017e-30
"ENSG00000159433",-2.36522536103375,2.22155307688149,2.31454694041718e-32,2.20460596074736e-30
"ENSG00000258137",-4.28055657543756,-1.60109680437838,2.68926515698595e-32,2.55278265567407e-30
"ENSG00000178878",-2.45319760154597,4.43232214023695,2.70703071663257e-32,2.56090630345924e-30
"ENSG00000070808",-3.71942254949797,-0.512344249675369,2.74919614626671e-32,2.59197940393613e-30
"ENSG00000243244",-2.58642665040922,3.01281798667098,3.48949700156455e-32,3.27883040893631e-30
"ENSG00000185345",-2.74078806435427,0.174297069862026,3.95857724473643e-32,3.7070676399951e-30
"ENSG00000279526",-3.21102974377348,-3.29551576536598,4.17559922750943e-32,3.89717923874899e-30
"ENSG00000138735",-2.57598722979769,3.5998745243939,4.66943886459206e-32,4.34351515521401e-30
"ENSG00000198523",-4.10316275032945,3.29132666964369,4.98232635235926e-32,4.60852494942936e-30
"ENSG00000185532",-2.95863629953377,2.36210884869566,4.98747351877984e-32,4.60852494942936e-30
"ENSG00000207808",-4.0241620155188,-3.42294631189963,5.19413312359851e-32,4.78159615662601e-30
"ENSG00000131831",-2.7797509437301,2.2645159215652,5.20915987292878e-32,4.78159615662601e-30
"ENSG00000176533",-2.8122310403195,1.67938611824897,5.65136179116984e-32,5.17043833874364e-30
"ENSG00000116176",-3.24637041048643,-2.29701957658759,6.81094470258947e-32,6.21091163977446e-30
"ENSG00000261701",-4.6975509733202,-3.16803035885769,7.96210677545265e-32,7.23693057992368e-30
"ENSG00000164764",-3.37118617517807,3.18211002667498,8.01603377764369e-32,7.26221327223465e-30
"ENSG00000161281",-2.70492581599148,2.27933738374562,8.24951225915817e-32,7.4494702748041e-30
"ENSG00000242052",-3.19387165643355,-3.7694679229952,1.23742165355918e-31,1.11379962622788e-29
"ENSG00000183580",-2.62407795643286,2.41223069893479,1.29832932035503e-31,1.16485268990434e-29
"ENSG00000197380",-3.22173699971152,2.6742604886763,1.96473866615533e-31,1.75708284635943e-29
"ENSG00000186642",-2.68046285844166,2.66104562834098,2.42676834058808e-31,2.16332396976847e-29
"ENSG00000105270",-2.95410902628167,3.87871193703243,3.05623846862388e-31,2.7157559274069e-29
"ENSG00000229019",-4.55695261375846,-4.01290336542479,3.55687505444887e-31,3.15055305380211e-29
"ENSG00000163297",-2.4897753981841,5.21150143393219,4.08080811934305e-31,3.60315924518375e-29
"ENSG00000087448",-1.56314503830786,4.51260643170806,4.28948874650992e-31,3.77542881350255e-29
"ENSG00000149591",-3.31098244282619,8.41990798315389,4.74530185791324e-31,4.15515335487167e-29
"ENSG00000125648",-2.21960666153497,4.747426644333,4.75079555189729e-31,4.15515335487167e-29
"ENSG00000187068",-2.86665059188666,2.3716901345915,5.62523136047009e-31,4.90453165607381e-29
"ENSG00000186594",-2.13067999660234,3.98020154402758,6.61159991166828e-31,5.74651338572593e-29
"ENSG00000220563",-2.63278706625579,-2.00724042383377,6.88754982258096e-31,5.96770788833159e-29
"ENSG00000164197",-2.62942217577188,0.720196833860742,8.27319075100328e-31,7.14603274402653e-29
"ENSG00000123119",-3.20168895391529,1.25866024839246,8.96751164250035e-31,7.72177713042918e-29
"ENSG00000233117",-3.49993836749883,0.965078909627845,9.8213321431045e-31,8.43088613877054e-29
"ENSG00000158859",-2.97674613584486,4.81875103657496,1.0604709343886e-30,9.07534710712315e-29
"ENSG00000197702",-1.72256789678175,5.51984407475772,1.17016754111142e-30,9.98339565059265e-29
"ENSG00000231943",-4.18695017713376,-3.95788735099991,1.1863321375754e-30,1.00903534380381e-28
"ENSG00000266964",-3.09143915841866,-1.12561027623276,1.22575079721363e-30,1.03938435740557e-28
"ENSG00000151623",-3.17453281188415,1.89201932073467,1.23855416621076e-30,1.0470488457392e-28
"ENSG00000173757",-1.13549085975729,5.43999741441928,1.54404968403546e-30,1.30135314733571e-28
"ENSG00000106617",-1.69643581064347,3.81195369156291,2.08411396253102e-30,1.75122240603852e-28
"ENSG00000106018",-3.50148197156859,-1.11116170146099,2.40751792128889e-30,2.01687638387976e-28
"ENSG00000266176",-3.6351736590558,-3.68264745360862,2.80963502258872e-30,2.34667804454234e-28
"ENSG00000130037",-3.34393518632095,-1.23671709616769,4.18851519226708e-30,3.48787943241091e-28
"ENSG00000036448",-2.75073104530389,0.093792672792885,4.20727528463773e-30,3.49304320870535e-28
"ENSG00000269970",-3.78805241967621,-2.55736116623854,4.55382617852401e-30,3.76951093759787e-28
"ENSG00000248309",-3.23965496694787,-2.09053248077303,6.04983341572315e-30,4.99299753090528e-28
"ENSG00000147408",-2.12213696902665,3.14263385470326,6.29515295621873e-30,5.18009139560093e-28
"ENSG00000144191",-3.93150579764024,-2.67899043049879,6.83096177434328e-30,5.60441120441916e-28
"ENSG00000118523",-3.04286288723077,7.03966003610965,7.74713615011186e-30,6.33738522773709e-28
"ENSG00000109906",-3.722331340271,0.532035057248572,8.35712136958121e-30,6.81632306897837e-28
"ENSG00000249669",-3.54637563863426,1.39876391847182,9.48423371267095e-30,7.71301146931337e-28
"ENSG00000116741",-2.85890309749679,5.29033196814802,9.76329455659404e-30,7.91680791552624e-28
"ENSG00000107130",-2.14870419159253,5.25193064470279,9.97885790792387e-30,8.06808066840368e-28
"ENSG00000232320",-2.42855001536783,-2.19936732739456,1.51452942753431e-29,1.22097411501483e-27
"ENSG00000240771",-2.47737297225408,3.56626088486241,1.53705480766528e-29,1.23555217819637e-27
"ENSG00000165633",-2.51355514620384,3.00590746240196,1.91071806390155e-29,1.53149283894218e-27
"ENSG00000213144",-3.06365951366668,-0.337892733108573,2.26854570972564e-29,1.81307648921262e-27
"ENSG00000168734",-2.12414958961065,4.91924963979778,2.46368698676062e-29,1.96339616512244e-27
"ENSG00000169836",-4.48682943352553,-1.50043352298384,2.9561803058685e-29,2.34914979563202e-27
"ENSG00000135424",-2.9181546774712,4.2104740758455,3.23800323365399e-29,2.56577162215437e-27
"ENSG00000135063",-2.80465058139792,1.28568651250428,3.34881601528804e-29,2.64604033617063e-27
"ENSG00000196616",-4.5302223515425,3.53257945710458,3.36411048398276e-29,2.65059503940545e-27
"ENSG00000174282",-1.28734290348208,5.91054102945789,3.38660466649443e-29,2.66078066636185e-27
"ENSG00000182950",-2.92695719822912,-1.28914119925905,3.42448850529015e-29,2.68296616331366e-27
"ENSG00000151729",-1.71673679715397,4.29558121864094,3.83529619134082e-29,2.99637901600456e-27
"ENSG00000121440",-3.06526174038391,3.31039072351242,4.4330711537174e-29,3.45369770303479e-27
"ENSG00000141338",-3.42420323757683,1.86936228508738,5.10242834160052e-29,3.96407372807082e-27
"ENSG00000198626",-3.32310185404498,1.35415813146773,5.18421608133462e-29,4.01639559526908e-27
"ENSG00000115896",-2.49198085620794,0.922372615866381,5.36885791746728e-29,4.14789014606993e-27
"ENSG00000174059",-2.08322299494952,4.93407825257781,5.94981727652823e-29,4.58399634105484e-27
"ENSG00000172935",-3.05571805390936,3.50498497945671,7.64769704898816e-29,5.87583972440629e-27
"ENSG00000129473",-1.49260031653688,4.97056116344973,7.99987840699205e-29,6.12949361249779e-27
"ENSG00000109063",-3.09719602429005,2.24035222817357,8.45409461582339e-29,6.45971795466747e-27
"ENSG00000158887",-2.37418605926741,0.761079759329274,9.39764732767287e-29,7.14601828221246e-27
"ENSG00000275088",-3.16485644846089,-3.40714702625445,9.40366983529199e-29,7.14601828221246e-27
"ENSG00000103994",-1.53986120816532,5.06303884800097,1.06568029498796e-28,8.07623052983653e-27
"ENSG00000141448",-2.8706892813098,2.37291907836682,1.35249194185876e-28,1.02219723855755e-26
"ENSG00000163637",-2.34010578733349,3.28377243324483,1.41574702833047e-28,1.06710493493104e-26
"ENSG00000008441",-2.19168383827341,4.91660384454108,1.48368270764532e-28,1.11528830129025e-26
"ENSG00000267532",-2.37271133536123,-0.804368845884852,1.50551864335394e-28,1.12865202230736e-26
"ENSG00000181234",-4.41372791269607,-0.743494814020367,1.57701875897665e-28,1.1790758801994e-26
"ENSG00000138356",-3.59720071244608,1.72332932740199,1.63327994206234e-28,1.21786635465361e-26
"ENSG00000134318",-1.33163336055772,5.3908891329672,1.75416881204995e-28,1.30451061950656e-26
"ENSG00000279866",-2.97290952143677,-1.80319894654398,1.92484575235573e-28,1.42761959760719e-26
"ENSG00000108823",-3.64622534374683,1.85643862332838,1.99298925554117e-28,1.47422899373315e-26
"ENSG00000185022",-2.06850588012914,5.57456297025507,2.17258960229816e-28,1.60281789413047e-26
"ENSG00000197561",-3.67365960717406,-3.04478246096949,2.2787868751833e-28,1.67671691427178e-26
"ENSG00000138162",-1.95351238272928,5.32028895892096,2.35347650090052e-28,1.7271040084313e-26
"ENSG00000131730",-2.72889722691175,-0.393554131798811,2.6785078442509e-28,1.96045628084606e-26
"ENSG00000173641",-3.82386100687835,3.48826820749949,2.92125157406792e-28,2.13251364906958e-26
"ENSG00000263142",-1.98009232704167,0.908041192575077,3.22414233018115e-28,2.34746258191959e-26
"ENSG00000183023",-2.54511565929379,3.25057845108116,3.51596193327221e-28,2.55324932767885e-26
"ENSG00000108861",-1.43695891644307,5.62479748035613,4.65463350192569e-28,3.37133649971508e-26
"ENSG00000101333",-3.06684171141765,2.44669250330087,5.19674573172608e-28,3.75421010484409e-26
"ENSG00000205221",-4.638370934043,0.369354843436242,5.76592663590163e-28,4.15460408094125e-26
"ENSG00000118496",-1.47684078814119,3.6228941823757,6.2904496467349e-28,4.5208340058046e-26
"ENSG00000082293",-4.23835579973471,-0.464052911638449,6.81151896869947e-28,4.88270044011439e-26
"ENSG00000116117",-2.38225701472966,2.49103839310324,7.24680147641027e-28,5.1813699090848e-26
"ENSG00000137331",-2.46602616720733,6.0513317562099,8.5032838785464e-28,6.06414960292336e-26
"ENSG00000108381",-3.32265269196666,0.381323099010141,8.84409850172166e-28,6.29107190865433e-26
"ENSG00000168386",-2.6131858949844,4.8654544783076,9.35343597913333e-28,6.63640599203151e-26
"ENSG00000110422",-1.59350681524364,5.50951309454747,1.05002432230053e-27,7.4311263298078e-26
"ENSG00000066629",-2.45510346553439,3.3084104898225,1.15889538301926e-27,8.18080134211035e-26
"ENSG00000196569",-2.52478023488564,3.69927642403244,1.36810207152597e-27,9.63317035831694e-26
"ENSG00000122420",-3.50958126480762,1.15119308089189,1.45991085606662e-27,1.02536617777225e-25
"ENSG00000184205",-1.6553405894401,4.31300981666594,2.08175453000663e-27,1.45843422526636e-25
"ENSG00000154553",-3.19834964457557,5.16434665588501,2.08933983937016e-27,1.46007057669353e-25
"ENSG00000205002",-4.11739274753075,-0.174446865959417,2.16457715815939e-27,1.50885675438314e-25
"ENSG00000234336",-3.15250000980571,-3.33583662180957,2.17039964193642e-27,1.50913313102944e-25
"ENSG00000149451",-3.18648217674622,2.41405759671955,2.22856287545161e-27,1.54571120336498e-25
"ENSG00000072195",-3.17799855271845,3.7688260273985,2.28258995819939e-27,1.57924563451243e-25
"ENSG00000147724",-4.25399220788482,-2.50951255051114,2.38214453064771e-27,1.64403438786364e-25
"ENSG00000136826",-2.4365864027778,5.17578720564176,2.39139375293555e-27,1.6463325359009e-25
"ENSG00000137801",-2.76419331002258,8.18750196446788,2.49040011523342e-27,1.71025921987622e-25
"ENSG00000177606",-2.17513546337483,7.52332104838669,2.64754653630663e-27,1.81369979838168e-25
"ENSG00000103175",-2.61474802716217,3.33007120392144,2.84713754971067e-27,1.9456372646217e-25
"ENSG00000048342",-1.74297075015042,2.93179617653415,3.26715110568718e-27,2.22718808094307e-25
"ENSG00000259884",-2.9244646873062,-0.52612670316779,3.32918241869031e-27,2.26392544281256e-25
"ENSG00000273348",-3.90150776809073,-3.91342593518646,3.50567364533995e-27,2.37812929506927e-25
"ENSG00000152137",-3.17522072475187,5.79452330828966,3.77342813558427e-27,2.55353666021911e-25
"ENSG00000129244",-2.52846267504144,0.371282971948514,3.94666169315651e-27,2.65804748797664e-25
"ENSG00000157570",-2.62959646125613,3.47958123774189,3.94698023418672e-27,2.65804748797664e-25
"ENSG00000164330",-2.55499079539132,2.11488136188994,4.13398060131464e-27,2.77725609817305e-25
"ENSG00000245812",-2.6801535394497,-1.54935714197702,4.35572057691854e-27,2.9191724435141e-25
"ENSG00000166483",-1.74063351706377,5.42938673400424,4.44083457745625e-27,2.96906086785554e-25
"ENSG00000048740",-2.6511261668343,3.3848052489423,4.71152500084144e-27,3.1424854879713e-25
"ENSG00000203685",-3.90086994894494,1.4174446890776,4.95575889751056e-27,3.29747660804931e-25
"ENSG00000109686",-1.58719224967553,4.99323191036448,5.19066439411845e-27,3.4455357707307e-25
"ENSG00000185046",-3.32091361284316,-0.794987069074353,5.97881381334429e-27,3.9592559188225e-25
"ENSG00000131089",-1.47359491685276,3.7712540767824,6.14837367433656e-27,4.06186976257298e-25
"ENSG00000169946",-2.7719503166455,1.66802307283707,6.90029521749409e-27,4.54781779346358e-25
"ENSG00000277954",-2.98645536726467,-1.33300689032322,8.11019068994854e-27,5.33259417634844e-25
"ENSG00000165030",-2.01203029807003,4.60498052354866,8.84341586591256e-27,5.80098880845816e-25
"ENSG00000177363",-2.7630574328679,1.14134031529111,1.46142948345213e-26,9.56393840547157e-25
"ENSG00000134533",-2.71003099580504,1.90638470175478,1.82428186790887e-26,1.19105050685796e-24
"ENSG00000174306",-1.46049585818952,4.00720527846719,1.92921225762049e-26,1.25660844311941e-24
"ENSG00000173175",-3.3173758438468,3.15389784173634,1.96206763159173e-26,1.27502306162291e-24
"ENSG00000189367",-3.96108659889616,-3.63785707762626,2.32673049820676e-26,1.50846982159964e-24
"ENSG00000068781",-3.51268208228232,-2.81025882516451,2.36623116978236e-26,1.53051133779434e-24
"ENSG00000162733",-2.75776041437675,4.18301278767632,2.40633856365207e-26,1.55284209909176e-24
"ENSG00000020577",-2.32689504672882,3.51881410337954,2.70874806852809e-26,1.74394467661972e-24
"ENSG00000128596",-2.47734731030517,1.34737888482364,3.03319485032865e-26,1.94831982383813e-24
"ENSG00000162882",-2.31887808557956,1.92362154833908,3.4768460124785e-26,2.22814557937937e-24
"ENSG00000204241",-2.98232719638261,-2.32109644391803,3.70439857194945e-26,2.3685158041754e-24
"ENSG00000132554",-3.20212709712317,-1.90725473398865,3.76588631556045e-26,2.40230724987805e-24
"ENSG00000107758",-1.18079030275224,4.97482383172183,3.90842732848331e-26,2.4875306473022e-24
"ENSG00000187955",-2.8881917245572,5.07885658954946,3.98218073452962e-26,2.52868476642631e-24
"ENSG00000144668",-2.31747450667946,2.99022349455707,4.14895309186532e-26,2.62858388027449e-24
"ENSG00000207870",-3.29714447806746,-3.07921343849221,4.37285511659135e-26,2.76414134903989e-24
"ENSG00000224958",-5.15116956960113,0.985821252664304,4.53919285805037e-26,2.86277938686973e-24
"ENSG00000171819",-4.08917058829876,-1.37274726746558,4.67979834845422e-26,2.94477899243342e-24
"ENSG00000166482",-3.15003851090939,5.81601816303537,5.10254804837057e-26,3.20354783000747e-24
"ENSG00000114853",-1.49014866900915,3.80236187500543,5.45558837735177e-26,3.41748377340732e-24
"ENSG00000259976",-1.80594644935245,2.57141909893371,7.79220183187766e-26,4.87021369775311e-24
"ENSG00000163659",-1.99018938806133,5.05307340524971,8.06491277651185e-26,5.02935917159471e-24
"ENSG00000111860",-1.76951503855207,2.0848492786314,1.07550064186774e-25,6.69192379245354e-24
"ENSG00000170624",-3.26392757334582,2.29124367624955,1.12712315562236e-25,6.99747239449213e-24
"ENSG00000185274",-3.54528617871163,1.47526542978543,1.13952336396955e-25,7.05870007173388e-24
"ENSG00000144645",-2.02339911334456,4.19319123362157,1.14715089512866e-25,7.09015729915853e-24
"ENSG00000213949",-2.16196925385284,5.07807474718034,1.16497842839978e-25,7.18437805522909e-24
"ENSG00000150672",-2.55446819440522,0.264307786936206,1.26833764061451e-25,7.80448557486979e-24
"ENSG00000152601",-1.29805604507152,6.30188707397852,1.42761610950655e-25,8.76518473591738e-24
"ENSG00000089225",-3.00599576983091,0.615812091546215,1.56194513496741e-25,9.56880617595784e-24
"ENSG00000123411",-1.46232630034923,2.68753555322751,1.64073756567208e-25,1.00294140470412e-23
"ENSG00000185774",-1.75251331155353,-0.206008803898518,1.7381785175436e-25,1.06017454185176e-23
"ENSG00000162599",-2.02308160989889,4.64650159394785,1.79887751232794e-25,1.09479606674786e-23
"ENSG00000164122",-5.05608278537696,1.39644079964676,1.87613566039249e-25,1.13932229525101e-23
"ENSG00000188729",-5.04939790788281,-1.88138974829409,2.03916544779669e-25,1.23562763833484e-23
"ENSG00000102683",-3.94927954664204,-1.70318390794505,2.25592873023898e-25,1.36400316900297e-23
"ENSG00000181072",-4.3555023374265,1.45954501317505,2.38445236248249e-25,1.43858510971205e-23
"ENSG00000135472",-3.48470089921887,0.611657440485131,2.43705262268032e-25,1.46713732888761e-23
"ENSG00000175395",-1.38492243134115,2.55318062478049,3.01844960633644e-25,1.81322114257096e-23
"ENSG00000188001",-2.70969928993192,1.81289643312165,3.04362500104202e-25,1.82440392573236e-23
"ENSG00000175084",-4.45415417068099,9.06264109055207,3.08750444041146e-25,1.84672604303579e-23
"ENSG00000143337",-1.17254007718676,5.20636004734333,3.40217325400605e-25,2.03057177497147e-23
"ENSG00000122367",-2.85779346463561,0.878399345687781,3.49628074392435e-25,2.08227101350681e-23
"ENSG00000140682",-2.30348427656315,4.7529727697663,3.64295620634477e-25,2.16275606277085e-23
"ENSG00000232229",-2.37484073249277,2.25768976509281,3.64697297465045e-25,2.16275606277085e-23
"ENSG00000121067",-1.10090322766143,5.25050919161376,4.380903177609e-25,2.59246936337955e-23
"ENSG00000107771",-1.28847152714682,4.70893964665144,4.41129613842972e-25,2.6049125158842e-23
"ENSG00000025423",-2.68452979967852,2.10989766277078,4.62978836376094e-25,2.72814202884074e-23
"ENSG00000268754",-3.73148580233675,-3.90552012300308,4.85956845094611e-25,2.85748789273074e-23
"ENSG00000238078",-3.15412573006752,-3.28555820270453,5.06797370891372e-25,2.97374583894551e-23
"ENSG00000184557",-2.37221867336731,6.72925219139167,5.20411258978096e-25,3.04719965178058e-23
"ENSG00000232046",-2.58814798711628,-3.07783079356875,5.35024853126765e-25,3.12618618487704e-23
"ENSG00000263812",-2.88918242077391,-2.46016735287963,6.00065377212273e-25,3.49887176863836e-23
"ENSG00000104490",-2.3177795169131,2.87376267403001,6.63852809036419e-25,3.86270673174266e-23
"ENSG00000058668",-2.04512152652714,6.59078003433138,6.84891960511025e-25,3.97680586590671e-23
"ENSG00000196182",-1.35765529762229,5.1174916440189,8.08566989403904e-25,4.68514034922725e-23
"ENSG00000179094",-2.10897970750706,5.24810673387892,9.54429408725139e-25,5.5188243544433e-23
"ENSG00000187720",-2.24788655059193,4.02211826761044,1.0132697655503e-24,5.84690290233413e-23
"ENSG00000164107",-3.40795988747732,1.62589687617425,1.08991621266395e-24,6.27615727180589e-23
"ENSG00000100490",-1.91724046789618,-0.121409451473636,1.10983973447365e-24,6.37768027580903e-23
"ENSG00000255248",-2.96476860307233,2.81146209378781,1.11897316331877e-24,6.4169073384299e-23
"ENSG00000230628",-3.49405866903555,-3.56983723244036,1.2524861755251e-24,7.1677773662304e-23
"ENSG00000127472",-3.18507787740885,0.745632696225897,1.2560206476584e-24,7.17324481998418e-23
"ENSG00000131016",-2.67831185223596,5.12948898652462,1.2711485344374e-24,7.244765202522e-23
"ENSG00000255085",-3.27701712791624,-2.88564366541442,1.31574342797347e-24,7.48359344830799e-23
"ENSG00000140092",-2.46128062466303,4.1373769479341,1.49742007344806e-24,8.49953969445122e-23
"ENSG00000020181",-2.39942104472484,4.56616901707052,1.58872389689355e-24,8.99942520250517e-23
"ENSG00000230615",-2.60566543182387,0.31551727155621,1.63414393851619e-24,9.23789539877047e-23
"ENSG00000050555",-2.4869077330426,3.47862197921162,1.80674760563196e-24,1.01929150416718e-22
"ENSG00000207770",-2.25671556436495,-2.12841185634024,1.8697563944438e-24,1.05270312952764e-22
"ENSG00000280200",-3.88639869662777,-4.16954245488999,1.96542452440247e-24,1.1043303494385e-22
"ENSG00000170477",-4.79588909252982,7.54133537955779,2.06195207474691e-24,1.15623131159145e-22
"ENSG00000153814",-2.07644665391883,2.89846531515393,2.15080456417701e-24,1.20362831676972e-22
"ENSG00000163590",-2.14737391317711,4.17937244905078,2.30776324530338e-24,1.28887187031371e-22
"ENSG00000258086",-3.04024901792415,-2.94914737330805,2.41765636766845e-24,1.34754061230386e-22
"ENSG00000112936",-4.03198509413916,4.2779434323242,2.52578328146032e-24,1.40499220814512e-22
"ENSG00000158246",-3.12074178034705,3.03334772088201,2.64799887465572e-24,1.47003578245109e-22
"ENSG00000128573",-3.06025027385307,1.88631583185344,2.82072133901434e-24,1.56280323908378e-22
"ENSG00000180139",-2.94501287679251,0.682468042924228,3.45599507970459e-24,1.91096602687522e-22
"ENSG00000175727",-1.40994188319133,6.03682173472225,3.72855813999317e-24,2.05758705451647e-22
"ENSG00000174010",-1.42613758047718,2.61214031106718,3.78073659563157e-24,2.08225003830299e-22
"ENSG00000120729",-2.71604142858406,-1.21457163557514,3.92720705418977e-24,2.15864446241463e-22
"ENSG00000143248",-2.52556033507255,6.27052263016028,3.98874418607403e-24,2.18814481355576e-22
"ENSG00000163788",-1.13144845717985,4.34995932095116,4.0494787079818e-24,2.21708959262004e-22
"ENSG00000272631",-1.71488214900154,0.061994626859751,4.48275950708523e-24,2.44948900138628e-22
"ENSG00000169504",-2.22147680855199,6.69342471571122,5.07179229647422e-24,2.76591684591838e-22
"ENSG00000113742",-1.72832901843645,4.16312309616469,5.45294583807162e-24,2.96796052043612e-22
"ENSG00000161638",-2.52248069826309,6.98776217787718,5.64997894593659e-24,3.06919657076825e-22
"ENSG00000112562",-2.98688686253171,4.65299100298945,6.05459839149124e-24,3.2825837244161e-22
"ENSG00000187391",-1.98669140203245,1.81766728240144,6.33711507654415e-24,3.42906968139927e-22
"ENSG00000126524",-1.17652753755871,5.58732196963182,6.52735832640635e-24,3.52515373072505e-22
"ENSG00000111404",-3.49643781319182,-1.22535875567794,8.14376111185073e-24,4.3895819341842e-22
"ENSG00000240654",-3.57724577950924,-3.21132597811923,8.20094517931392e-24,4.41185470545953e-22
"ENSG00000115993",-1.31777058413447,4.56206968635799,8.45032625804038e-24,4.53723791920612e-22
"ENSG00000263155",-2.5011604811107,2.79581545230389,1.18491023327995e-23,6.34988599580257e-22
"ENSG00000136267",-3.9341216162453,-0.769579580015279,1.24819594845237e-23,6.67616806044343e-22
"ENSG00000044524",-2.674794735345,2.44622355328496,1.27694257528149e-23,6.81681455783186e-22
"ENSG00000155760",-2.0444501499888,4.18076703008767,1.29800933882983e-23,6.91600263235137e-22
"ENSG00000208035",-4.22798698562118,-3.83849844892773,1.41993707968356e-23,7.55118737996916e-22
"ENSG00000012822",-1.16518430357832,5.48686086955174,1.56727909360465e-23,8.31884225771489e-22
"ENSG00000143995",-1.80667157514979,3.80578226429797,1.68107905763608e-23,8.90587653905376e-22
"ENSG00000076706",-1.99987623730746,6.23043979072313,1.7641977303013e-23,9.32844704807414e-22
"ENSG00000142798",-2.1013423047847,7.16586027277849,1.85169076042449e-23,9.77250002271087e-22
"ENSG00000146278",-1.52796273571893,5.69131334955418,1.94707794395949e-23,1.02564543286639e-21
"ENSG00000111713",-3.26935256421046,-2.93085904722809,2.48208145243922e-23,1.30499303282972e-21
"ENSG00000173334",-1.83429279338089,6.36286195774849,2.55471174651163e-23,1.34064524161751e-21
"ENSG00000281205",-2.44424190928329,-0.675494355229459,2.6156912949356e-23,1.37006067770328e-21
"ENSG00000205037",-3.32460584026153,-3.08745787367192,2.65162683092461e-23,1.38627250091177e-21
"ENSG00000138741",-2.84607845388996,-0.735695353979561,2.73269245837434e-23,1.42597327100873e-21
"ENSG00000154309",-1.72898081967503,2.18884539393996,3.15154245234772e-23,1.64145786942223e-21
"ENSG00000154928",-2.95417201051686,0.685571580562061,3.17363916282847e-23,1.64987712216352e-21
"ENSG00000168306",-2.71988139734016,0.811719290135233,3.35851440402952e-23,1.74273061789688e-21
"ENSG00000135333",-3.29201061646791,2.04115393798418,3.38228488518145e-23,1.75179682516856e-21
"ENSG00000143776",-1.63439040833869,5.07113365857559,3.47563705928435e-23,1.7968009949791e-21
"ENSG00000118194",-3.07060947710458,2.22949286649897,3.51984047088148e-23,1.81627686487248e-21
"ENSG00000126351",-1.68730139063779,4.36810428550819,3.57161041571647e-23,1.83957778689485e-21
"ENSG00000274624",-3.17778053295703,-3.76498688956165,3.5875909035521e-23,1.84439308318844e-21
"ENSG00000231246",-3.15544220081557,-3.88577947532773,3.72273204175491e-23,1.90990457741968e-21
"ENSG00000110906",-1.03240985929062,5.58990131407524,3.72875340861786e-23,1.90990457741968e-21
"ENSG00000068383",-1.38310335630502,4.40577197929945,3.92090720824423e-23,2.00463588571501e-21
"ENSG00000196159",-2.48236772376965,2.12563980613914,4.0210668929916e-23,2.05207217421606e-21
"ENSG00000070193",-3.93475169827029,-0.773784404262417,4.33975017249738e-23,2.21064966204523e-21
"ENSG00000227136",-3.71845019220139,-3.54693191456199,4.84979299084601e-23,2.46594684560146e-21
"ENSG00000166292",-3.19225447453919,0.170513379658715,4.95682199075453e-23,2.51576806621999e-21
"ENSG00000188778",-3.76794800000386,-0.878230965494808,5.73524736669491e-23,2.90554526429664e-21
"ENSG00000102804",-1.65778266611607,7.04898164421144,5.93747181080195e-23,3.00252551770608e-21
"ENSG00000130224",-2.61689518260123,1.32471204430706,6.06649521129676e-23,3.06220383505983e-21
"ENSG00000166341",-2.24733049995491,3.83630223837406,6.10719583625894e-23,3.07716372814982e-21
"ENSG00000116678",-2.13053001983686,2.53557809329995,6.99822116424554e-23,3.51973825029225e-21
"ENSG00000182916",-2.57988636483526,0.379910833327102,7.1057111642104e-23,3.56734918068924e-21
"ENSG00000091831",-2.91699834285515,2.21184775058449,7.17167263822564e-23,3.59397713670215e-21
"ENSG00000170419",-4.50444131267225,-1.55269654184148,7.23715827558652e-23,3.62027127911669e-21
"ENSG00000261272",-4.97302882747429,-0.83768010227643,7.47413476588306e-23,3.73210251783672e-21
"ENSG00000206559",-1.59009571477709,-1.29004435909044,7.7587912170577e-23,3.86729856845924e-21
"ENSG00000167759",-4.87391428119997,2.26295149977895,7.82520848917888e-23,3.89342618442813e-21
"ENSG00000137449",-1.8208373173831,3.31113901513283,8.93022931115716e-23,4.43529406841454e-21
"ENSG00000146122",-2.31864616999876,2.51028910596367,9.01329292515608e-23,4.46856891492631e-21
"ENSG00000198853",-1.83278460011595,4.03850919830669,9.5778901465749e-23,4.74003307200512e-21
"ENSG00000187824",-2.14550044140864,0.585967953221214,9.97531745425264e-23,4.92794856758665e-21
"ENSG00000204406",-1.1727867693895,3.21260643683635,1.00977550361702e-22,4.97958973086883e-21
"ENSG00000170423",-3.74221850908963,1.44792541200948,1.14559214680072e-22,5.63935475733954e-21
"ENSG00000280323",-4.52342990571682,-0.646075273764216,1.16576446696063e-22,5.72851715893571e-21
"ENSG00000182575",-2.76623596308683,1.78911209774173,1.36000915713226e-22,6.65452452339098e-21
"ENSG00000164056",-1.98930162452064,4.59440647283977,1.36044785998904e-22,6.65452452339098e-21
"ENSG00000171223",-1.72944748042043,8.11081952241228,1.36138656520673e-22,6.65452452339098e-21
"ENSG00000123096",-1.96672727410666,3.84649457930266,1.3738127427144e-22,6.70348312510798e-21
"ENSG00000133019",-3.252605615133,2.25598099786068,1.85112679622512e-22,9.01670570637638e-21
"ENSG00000152580",-3.65457633348269,1.07414744559347,1.89419632822739e-22,9.21036406940355e-21
"ENSG00000144891",-3.40477664307048,0.593460454692881,2.00286993143364e-22,9.72178383995876e-21
"ENSG00000112276",-2.85355389347424,2.2068617492321,2.00910683293121e-22,9.73506765580415e-21
"ENSG00000228877",-3.21390240737567,-4.1529798960276,2.03444613339091e-22,9.84070440139153e-21
"ENSG00000226413",-2.43296652123789,-3.73837567909677,2.12709335523166e-22,1.02709804668504e-20
"ENSG00000266601",-1.75941376789701,-2.05140838030979,2.18823535713439e-22,1.05479012110882e-20
"ENSG00000159388",-2.24908228202841,7.75875603501946,2.36066889906623e-22,1.13593917110258e-20
"ENSG00000172465",-1.52403366726674,3.7280033032,2.46368672768582e-22,1.18346319442359e-20
"ENSG00000172915",-2.8091363242172,2.36494349741248,2.57000379780141e-22,1.23240544186639e-20
"ENSG00000277494",-2.86331764419447,0.420843810999358,2.61040476961547e-22,1.2496245758574e-20
"ENSG00000165379",-3.3299943769192,0.610726817040829,2.67737603916866e-22,1.27948212675941e-20
"ENSG00000149294",-3.63955146144926,3.42789463715174,2.71386991838787e-22,1.29469749640003e-20
"ENSG00000269936",-2.97694000534257,2.93226214278823,3.13771090166883e-22,1.49433481691978e-20
"ENSG00000128482",-2.43847320866109,-0.122548381162779,3.33920401100531e-22,1.58757745569386e-20
"ENSG00000165943",-1.1505341383,4.01433143956103,3.74241289347683e-22,1.77624112297391e-20
"ENSG00000150457",-1.68046919612107,3.87463068102833,4.06427048522489e-22,1.92571643961771e-20
"ENSG00000031003",-1.46715926153134,4.11217299434266,4.96449307645466e-22,2.34825588325567e-20
"ENSG00000138722",-3.09417794091762,1.38599265081882,5.1900082380173e-22,2.45075889853948e-20
"ENSG00000121898",-2.95320018979436,3.85811774545205,5.29283657175438e-22,2.49507904356279e-20
"ENSG00000069535",-3.26086677535844,3.3216860080815,6.58259833241997e-22,3.09783092080536e-20
"ENSG00000172987",-3.76177159908465,1.95096392453985,7.09211391530269e-22,3.3319757487553e-20
"ENSG00000167470",-1.31220044656142,6.58657935257157,7.18707004949672e-22,3.37089341124203e-20
"ENSG00000134917",-3.09049815503972,1.10822102860319,7.61212108427408e-22,3.5642411400154e-20
"ENSG00000079102",-2.67649979987566,1.09353333099917,7.78116003827663e-22,3.63726729654769e-20
"ENSG00000198894",-1.20577961511545,4.09185080429487,8.91340545598573e-22,4.1595393615324e-20
"ENSG00000182700",-1.31928523231906,2.66212138455804,9.20541156079835e-22,4.28861158694279e-20
"ENSG00000087274",-0.906772225001137,7.23884234683866,1.16454730486207e-21,5.41631340972051e-20
"ENSG00000136011",-2.75013862440328,-1.70557266296373,1.24450990467925e-21,5.77855659079198e-20
"ENSG00000140577",-0.958431038840321,4.86760064750301,1.30280225190879e-21,6.03913983872318e-20
"ENSG00000134138",-1.87247508919625,3.72040411066555,1.32604303854869e-21,6.13664476391924e-20
"ENSG00000156030",-1.31269758576196,4.63153278395354,1.34099036184376e-21,6.19550912524259e-20
"ENSG00000069431",-2.54380076654312,1.99600291689997,1.36107724916885e-21,6.27788416768378e-20
"ENSG00000100994",-1.75469942724441,7.05288612899133,1.37636013833668e-21,6.33786498800631e-20
"ENSG00000161594",-2.25646815472546,-3.44173866007474,1.70894163565626e-21,7.84777574998741e-20
"ENSG00000261672",-3.69234403887506,-4.22156006082446,1.70990260111903e-21,7.84777574998741e-20
"ENSG00000160396",-2.18255881537649,-2.39190011535913,1.75216818063316e-21,8.02850965534599e-20
"ENSG00000170464",-1.45166702433989,2.15520239299962,1.84424088263614e-21,8.43649205078272e-20
"ENSG00000124212",-3.41441773966595,5.0774748054097,1.88838149204813e-21,8.62422897181191e-20
"ENSG00000134532",-2.36606472005047,-0.232694912666777,1.9595846526878e-21,8.93474228609929e-20
"ENSG00000133121",-1.99172187663663,3.25003453735527,2.39204439193738e-21,1.08886956911546e-19
"ENSG00000138685",-2.77737286005318,2.05679313075022,2.5295743460786e-21,1.14900289577002e-19
"ENSG00000179820",-2.39873572363285,6.1472149835169,2.53240849641184e-21,1.14900289577002e-19
"ENSG00000183801",-2.28473833029888,1.93100551561925,2.55415270754534e-21,1.15698125822408e-19
"ENSG00000277010",-3.11910010142564,-3.49806734597229,2.95097030316743e-21,1.33455832588611e-19
"ENSG00000117013",-2.60779720313851,0.742594765468725,3.17084221078657e-21,1.43166614299686e-19
"ENSG00000130340",-1.10521243461686,5.47489432538546,3.34728299321666e-21,1.50870352282565e-19
"ENSG00000186111",-0.953787404702372,5.50145090649846,3.35231286486986e-21,1.50870352282565e-19
"ENSG00000251405",-2.9733285410612,-1.64883269771936,3.41379852557383e-21,1.53389302733094e-19
"ENSG00000278934",-3.3190120963326,-1.67537156637384,3.45752805187408e-21,1.55103593075441e-19
"ENSG00000188886",-3.09463166253259,-1.21690811857161,3.65002107251578e-21,1.634750983734e-19
"ENSG00000188906",-2.45811553335552,1.69785355490058,3.80968010079788e-21,1.70351499426835e-19
"ENSG00000175899",-2.28931516891027,8.50888917951253,3.84719062631231e-21,1.71752669164726e-19
"ENSG00000139946",-2.32643204188421,2.61309072791051,3.94280439720997e-21,1.75739132531412e-19
"ENSG00000100884",-3.76169081656744,-1.75708848707667,3.979355564544e-21,1.77084506106659e-19
"ENSG00000122707",-2.06571208417161,2.2515075857379,4.24434757380866e-21,1.88575142284889e-19
"ENSG00000229367",-3.23666220628055,-3.92834984079977,4.27438758822308e-21,1.89606925025915e-19
"ENSG00000260686",-1.89108346818827,-0.194521563244619,4.57545164331472e-21,2.02638593241262e-19
"ENSG00000166025",-1.96833411408304,5.39341446116984,4.76650303015602e-21,2.10764306482877e-19
"ENSG00000130700",-3.83735068360229,0.442863487072551,4.90512784924298e-21,2.16549715668246e-19
"ENSG00000112186",-2.25157499422835,2.82344147727755,5.04972699761093e-21,2.22580122004045e-19
"ENSG00000266283",-2.97540023058775,-4.06673813144552,5.1617495105007e-21,2.27157815087905e-19
"ENSG00000122121",-3.71542996914695,0.502288657801713,5.90337654308165e-21,2.59384852753128e-19
"ENSG00000107186",-1.78271848867921,3.61118930099448,5.95960703538891e-21,2.61442508636075e-19
"ENSG00000095794",-1.44634749806916,3.89551542884503,6.59521622105747e-21,2.88870470482317e-19
"ENSG00000136244",-3.48816303592942,3.42648748799164,7.02518107601893e-21,3.07219121489488e-19
"ENSG00000113196",-4.52885837932545,-0.587062712462909,7.85783758660478e-21,3.43092679428946e-19
"ENSG00000143171",-3.53031898913253,-2.21090914719131,8.81047115561484e-21,3.84084066224319e-19
"ENSG00000223774",-2.80225921653311,-2.56692797218838,9.57542920838137e-21,4.16778423431473e-19
"ENSG00000280074",-3.25799620035478,-4.0443320213339,9.71586217251784e-21,4.22230116569123e-19
"ENSG00000183036",-4.25338540998509,3.79266608542974,1.10113672215181e-20,4.77783395525872e-19
"ENSG00000182389",-2.85357411740079,0.901138703165469,1.13915275971218e-20,4.93508655854749e-19
"ENSG00000185483",-2.68496360028611,1.23972320965217,1.20990027061611e-20,5.23343020632129e-19
"ENSG00000153902",-2.25413631429163,1.73565258375073,1.22240041842947e-20,5.27928926052468e-19
"ENSG00000280339",-2.22339460544631,-0.375673230744678,1.26044627608105e-20,5.43516159327786e-19
"ENSG00000145362",-3.003563614056,2.40104002109465,1.30339061565838e-20,5.61164136119294e-19
"ENSG00000164463",-1.29041718747892,3.60093395032838,1.33006583747504e-20,5.71763850659864e-19
"ENSG00000250132",-1.61918621376194,0.34445420545629,1.46177599412937e-20,6.274132056284e-19
"ENSG00000245025",-1.81977392002165,-1.54768681413414,1.46655821181308e-20,6.28495894378386e-19
"ENSG00000148154",-1.49063903989942,5.65920014570661,1.50937514363192e-20,6.45850013382071e-19
"ENSG00000111405",-3.59982069140753,-0.0565937106663416,1.52724996754361e-20,6.52494675073587e-19
"ENSG00000230500",-4.34225314203937,-4.01566356845603,1.54698364601748e-20,6.59911904090247e-19
"ENSG00000236710",-2.46407459011872,-3.37572922166945,1.65307548624998e-20,7.04088644702459e-19
"ENSG00000249082",-3.22796746747935,-0.810960786937735,1.79271866271603e-20,7.62398840460564e-19
"ENSG00000170275",-1.25995303332592,6.69829783612929,1.91312477053172e-20,8.12362431187768e-19
"ENSG00000184113",-2.44923746858771,3.4143077574366,2.02463089413773e-20,8.58400290528243e-19
"ENSG00000071205",-1.52866597717139,4.43911185111955,2.10319297049618e-20,8.90351690843384e-19
"ENSG00000111897",-1.15692839250993,6.42467648464131,2.1178223200815e-20,8.9518225210375e-19
"ENSG00000171385",-2.82640463964173,2.33345750954643,2.13077352763714e-20,8.992898956627e-19
"ENSG00000261625",-2.79963129529653,-0.751548750375288,2.24723237487434e-20,9.47004152157273e-19
"ENSG00000163069",-1.69750368434362,4.32366831303587,2.38146452500227e-20,1.00205253909059e-18
"ENSG00000103264",-1.06344140799211,4.40204729200724,2.44434092010841e-20,1.02695549865522e-18
"ENSG00000225342",-2.65383602758061,-2.5029195592845,2.52735061918993e-20,1.060229302738e-18
"ENSG00000071967",-2.26509392163238,5.31603744781847,2.56266190260017e-20,1.07342342615992e-18
"ENSG00000266524",-3.49136712126182,-2.13707837468319,2.57566875759133e-20,1.07724925044944e-18
"ENSG00000067900",-1.31463068038647,5.19312224785743,2.6370828023921e-20,1.10127903878275e-18
"ENSG00000162852",-1.03560163286253,3.95758178387273,2.69189054372654e-20,1.12248203437281e-18
"ENSG00000197043",-2.3232998497626,6.18465950478065,2.76788384456865e-20,1.15244241570341e-18
"ENSG00000179921",-2.30795382390871,0.154518739586243,2.83685090416324e-20,1.17939214047074e-18
"ENSG00000243004",-2.38983585807868,-1.73714644816594,3.26235122527941e-20,1.35301433277263e-18
"ENSG00000134352",-1.71480721982312,5.91517131013919,3.26420241358513e-20,1.35301433277263e-18
"ENSG00000232057",-3.9579885480713,-3.81211960596372,3.58558957762637e-20,1.48401790063277e-18
"ENSG00000135835",-1.71014878666993,1.37443497109983,3.60872378055734e-20,1.49137346966778e-18
"ENSG00000255302",-1.00867753203224,6.27480498716871,3.75913816292088e-20,1.55123011461897e-18
"ENSG00000009413",-1.53673732128914,3.73312958998078,3.84616430159057e-20,1.58479063289094e-18
"ENSG00000276409",-3.21856645248682,-0.306398554188171,3.92807243526118e-20,1.6161461337562e-18
"ENSG00000136141",-1.25487918032316,3.84928274065001,3.95861695408544e-20,1.62630743491844e-18
"ENSG00000107104",-1.76228634743623,5.4407765004601,4.25326766283979e-20,1.74478073018529e-18
"ENSG00000263432",-1.81081839525914,-1.78520769145527,4.26895577063611e-20,1.7486372142666e-18
"ENSG00000163209",-3.7417772214472,6.31117827584792,4.31920541926437e-20,1.76661853420588e-18
"ENSG00000124831",-1.17089225101713,6.56872652278816,4.46735268832726e-20,1.82452981380978e-18
"ENSG00000184014",-1.36354308501909,4.90394506315329,4.54231889646435e-20,1.85242691301119e-18
"ENSG00000186868",-2.74144153919595,1.83354861953891,4.57044657947756e-20,1.8611688245243e-18
"ENSG00000173376",-3.04183527778415,0.785267577695319,4.58204412501265e-20,1.86316364399089e-18
"ENSG00000113391",-1.12926285361872,3.44082885214793,4.63206212977739e-20,1.88075246737954e-18
"ENSG00000150051",-3.21576308705738,0.174104667934766,4.96409320161401e-20,2.01262863289345e-18
"ENSG00000137941",-2.31024472463832,2.66254755137337,4.99705067653946e-20,2.0230417826287e-18
"ENSG00000140519",-3.94772652880738,6.05208043972317,5.16204813466768e-20,2.08680297630105e-18
"ENSG00000169282",-1.68984977769088,0.374979806677151,5.43825628747775e-20,2.19527172893496e-18
"ENSG00000136546",-3.80616009960944,0.363380252104526,5.78519888575507e-20,2.33193821173197e-18
"ENSG00000185010",-1.80992926103368,2.22243567654075,5.90274772325114e-20,2.37587731442524e-18
"ENSG00000133895",1.20003773494376,5.35216548433093,6.25111718587184e-20,2.51246130477823e-18
"ENSG00000267304",-3.370271163224,-3.93480999562117,6.44612159479193e-20,2.58709927728641e-18
"ENSG00000169194",-3.18516977977608,-3.47734536351282,6.80555567431317e-20,2.72741959610479e-18
"ENSG00000166780",-2.15271361675266,3.31060866128268,7.05420470156159e-20,2.82300137215155e-18
"ENSG00000159899",-1.72157021377204,2.21719991265833,7.07893838329391e-20,2.82882921342749e-18
"ENSG00000267519",-1.96183154896714,4.15263504579669,7.25190492158433e-20,2.88931777253528e-18
"ENSG00000218018",-2.17876637191875,-2.41356262017243,7.25626537036801e-20,2.88931777253528e-18
"ENSG00000151892",-3.23909491597737,1.47156480954291,7.26147169669636e-20,2.88931777253528e-18
"ENSG00000105427",-3.18539441925346,3.85554548623188,7.33441972923073e-20,2.91417451327278e-18
"ENSG00000117569",-1.24835832404199,3.44894947149318,7.44668899889213e-20,2.9545614996603e-18
"ENSG00000221818",-2.58628286051626,-0.501632481481417,7.58270553852567e-20,3.00424201058425e-18
"ENSG00000274092",-2.19765506112681,-2.17542100819811,8.45536282084796e-20,3.34522057092808e-18
"ENSG00000162520",-2.51764494305226,0.658800526242024,1.13840471057623e-19,4.49750713284896e-18
"ENSG00000071242",-1.70022108885803,4.2690488552515,1.2239553537667e-19,4.82863407862599e-18
"ENSG00000186185",2.84285789242107,4.15107968568382,1.23142884996132e-19,4.8512366294581e-18
"ENSG00000259171",-2.432897940622,-3.604825641288,1.39562684748039e-19,5.49032100551233e-18
"ENSG00000234456",-2.18921470471405,2.2612969313256,1.39854584741212e-19,5.49403328447364e-18
"ENSG00000177098",-2.28943533648463,1.27686350772384,1.40844463857814e-19,5.52511575920646e-18
"ENSG00000169760",-3.04594330284234,0.107759186445097,1.52596376397634e-19,5.97769438978505e-18
"ENSG00000137601",-1.19450415544314,3.05014467837895,1.53043565229393e-19,5.98644284582608e-18
"ENSG00000111911",-0.976423354484992,4.35161110397623,1.532501817937e-19,5.98644284582608e-18
"ENSG00000138166",-2.23498121576814,6.01084921819748,1.59151933583394e-19,6.208264696711e-18
"ENSG00000271474",-2.71767297936615,-1.81610426189273,1.73325816055449e-19,6.75169596911794e-18
"ENSG00000279026",-2.04095409375316,-1.77548266687073,1.78403613268601e-19,6.93977579837707e-18
"ENSG00000126950",-3.33463629907807,1.20739100461425,1.94998039308966e-19,7.57469339008419e-18
"ENSG00000107779",-1.0392812231091,4.18062469963742,2.07677382253446e-19,8.05597075678536e-18
"ENSG00000177432",-1.67923761104844,1.86883433226215,2.11062302794783e-19,8.17587162622745e-18
"ENSG00000258818",-1.96985895032313,-0.456554381752884,2.12941122805469e-19,8.23717864894088e-18
"ENSG00000174429",-2.81957122209995,-3.26275741039514,2.15011599204796e-19,8.30344040978613e-18
"ENSG00000145147",-2.80712490173398,2.53533012310012,2.15251160804509e-19,8.30344040978613e-18
"ENSG00000157110",-1.77934791841424,5.78080433840561,2.20932648790762e-19,8.51080299282197e-18
"ENSG00000114200",-3.32022318342565,1.3234757575483,2.25235923810278e-19,8.6645736499796e-18
"ENSG00000159307",-2.60518316764258,0.553907969311424,2.31295818466792e-19,8.88540137985757e-18
"ENSG00000160801",-2.41786407007426,0.0122516690858176,2.41749265981073e-19,9.2741687375608e-18
"ENSG00000131171",-1.52794236320722,5.94730694447814,2.440057231963e-19,9.34783908988799e-18
"ENSG00000246379",-3.2849529281497,-3.56775246386945,2.44899043795553e-19,9.36915695335035e-18
"ENSG00000164303",-2.81837224250656,-1.18700595614619,2.50247686709596e-19,9.56063037150276e-18
"ENSG00000143028",-2.64736173566983,-0.0119707058694877,2.51878991021236e-19,9.60975360394188e-18
"ENSG00000154920",2.5808766512325,2.03034119612957,2.57339714443546e-19,9.80464312029911e-18
"ENSG00000105784",-1.99675182136723,-0.402959737502087,2.632536590443e-19,1.00162435280426e-17
"ENSG00000171992",-1.83531907297747,5.67704243869283,2.66814629821095e-19,1.01378624306204e-17
"ENSG00000198673",-1.79053920255053,-0.491562497189002,2.71839496438808e-19,1.03146956540963e-17
"ENSG00000161835",-1.92280725817923,2.6579586164747,2.9366091037051e-19,1.11275080383311e-17
"ENSG00000069702",-2.19827016831962,5.02906740862818,2.954615523677e-19,1.11805063346977e-17
"ENSG00000067082",-1.59111220315392,7.28227482217776,3.16719171947742e-19,1.19686281649219e-17
"ENSG00000067840",-2.75596408283076,1.45897617658329,3.38251425821556e-19,1.27649754496268e-17
"ENSG00000078549",-2.96981677306495,-1.13257691273865,3.49908482215452e-19,1.31869981244693e-17
"ENSG00000058866",-2.52349992329374,1.39623910670417,3.98819795669713e-19,1.50099796711255e-17
"ENSG00000145861",-2.1821149887208,0.133515633860893,4.08628366193301e-19,1.53583523634247e-17
"ENSG00000086848",-1.01066323521819,2.38053675002119,4.47435273802213e-19,1.67942203377341e-17
"ENSG00000213639",-1.0071017127713,7.61071007212359,4.80895694308268e-19,1.80258112477033e-17
"ENSG00000171872",-3.68911341205128,-2.01064320848353,5.30653261572042e-19,1.98641442316329e-17
"ENSG00000225472",-3.35175181195845,-3.19779420742783,5.34078858440813e-19,1.99655044217935e-17
"ENSG00000270021",-1.59488687382755,-1.07268065052532,5.55772466633574e-19,2.07485900865498e-17
"ENSG00000141905",-1.41795171383036,5.8828828867082,6.05522647013768e-19,2.25756050688927e-17
"ENSG00000165757",-2.11897208682454,4.57233527590012,6.10725386038731e-19,2.27390966022694e-17
"ENSG00000131386",-2.75143504621696,1.75710016868397,6.41495159827548e-19,2.38528140110743e-17
"ENSG00000196584",2.36179081377197,2.5150357634218,6.62342890905472e-19,2.45951172560132e-17
"ENSG00000179051",1.2314250317598,7.4928959206932,6.81578992636873e-19,2.52756753629458e-17
"ENSG00000004846",-3.67596281224256,-2.54224807348716,6.94639970109183e-19,2.57257276812872e-17
"ENSG00000258987",-3.36888561072802,-3.90175727320586,7.21515233392464e-19,2.66855095563093e-17
"ENSG00000185920",-1.62112907312424,3.10622524338705,7.50475645456648e-19,2.77197597969266e-17
"ENSG00000112175",-3.39137715373132,1.14567952844302,7.87364067602055e-19,2.90437093000212e-17
"ENSG00000203688",-3.31735854541418,-3.51850248583726,8.21214925401911e-19,3.02522526095409e-17
"ENSG00000213642",-3.12841305089094,-3.7959572397502,8.7500835334225e-19,3.21912795390318e-17
"ENSG00000146966",-2.06711865818603,2.65787874101422,9.11161630028289e-19,3.34626373255287e-17
"ENSG00000134245",-1.78134227304512,1.70244604312484,9.11972066758379e-19,3.34626373255287e-17
"ENSG00000145391",-1.32396914734767,5.39629483429796,9.4113042710278e-19,3.44870363228058e-17
"ENSG00000251314",-2.37165413039031,-3.78338772707031,9.47852513795909e-19,3.46876604818495e-17
"ENSG00000137075",-1.10463414559736,4.50096247368006,9.80011152441069e-19,3.58174115411872e-17
"ENSG00000162409",-2.74830079544907,1.43271150176599,1.05852366611169e-18,3.86361138130766e-17
"ENSG00000189241",-1.02636113848445,5.58589182576447,1.15697221276714e-18,4.21741391267265e-17
"ENSG00000121075",-3.05751929405096,1.22273633486291,1.21745302330937e-18,4.43207080331196e-17
"ENSG00000255007",-3.35862072828363,-3.62022022930498,1.26170760717156e-18,4.58717302983825e-17
"ENSG00000235349",-3.24821406979702,-3.84970093087764,1.39878623118177e-18,5.07890880520345e-17
"ENSG00000196352",-1.9564607656487,6.29348035334075,1.46511156567414e-18,5.3127963462966e-17
"ENSG00000106144",1.18145240169025,5.27251701779148,1.6954690115442e-18,6.140114533604e-17
"ENSG00000135298",-3.27177484609587,-0.49646270650272,1.7610045933657e-18,6.36915744542006e-17
"ENSG00000123485",2.50136313544846,4.03711041846988,1.87573269897427e-18,6.77529266968461e-17
"ENSG00000152102",-1.12754189246408,5.96251240162301,1.98469249597071e-18,7.15956580939473e-17
"ENSG00000248174",-3.19804136286087,-3.60127002722147,2.00576557913424e-18,7.22621218296121e-17
"ENSG00000258788",-2.68277241128005,-2.32447273052712,2.01217107573237e-18,7.23991127158401e-17
"ENSG00000206579",-3.62789564005344,-1.65313366951796,2.04830909754143e-18,7.36041614081652e-17
"ENSG00000135451",2.64949804489854,4.32144838633811,2.05824307217504e-18,7.38656962147154e-17
"ENSG00000173281",-1.73385433515807,4.69595471454954,2.19188015706262e-18,7.85602613510085e-17
"ENSG00000175785",-3.21531260996398,0.491365828098285,2.20620485225413e-18,7.8898314154181e-17
"ENSG00000181619",-1.81962587097364,-0.0376538406243261,2.20698552518437e-18,7.8898314154181e-17
"ENSG00000163754",-1.07728841650367,5.19503045349245,2.46518385100052e-18,8.80156077636426e-17
"ENSG00000011465",-2.6429098002467,7.81641529710496,2.52345761716647e-18,8.99806752644244e-17
"ENSG00000151929",-1.43843977125082,5.91981466707169,2.73968795253647e-18,9.75658655875761e-17
"ENSG00000197019",-1.43388712356475,4.49381656095986,2.78661123528989e-18,9.91099978096133e-17
"ENSG00000248544",-2.44451435059306,-2.37187310779034,2.81867400538984e-18,1.00122324536281e-16
"ENSG00000099204",-1.67442823702841,6.16594058400913,2.9457401827662e-18,1.04502387376628e-16
"ENSG00000170312",2.3163088626173,5.29321886238576,3.09268803005955e-18,1.09575709783499e-16
"ENSG00000081189",-1.9008765752212,3.41091503951033,3.21165711998778e-18,1.13646080761094e-16
"ENSG00000068831",-2.38279661622109,2.17828410530253,3.26282006133518e-18,1.15309802243857e-16
"ENSG00000130032",-2.91007263018175,-0.900208712815042,3.41381863968322e-18,1.20493068306484e-16
"ENSG00000235652",-1.55263186860042,-0.245031537905111,3.46497192640279e-18,1.22143554105248e-16
"ENSG00000134198",-2.47405490287023,3.15357840085137,3.50891190214886e-18,1.23535907258818e-16
"ENSG00000228063",-2.80838228097995,-3.60323982222484,3.52759164199977e-18,1.24036544044171e-16
"ENSG00000100739",-2.54440701035828,1.18748998773891,3.57710956676583e-18,1.2561887421775e-16
"ENSG00000151240",-1.40506082351665,4.24275294141817,3.61160023717127e-18,1.26670160651254e-16
"ENSG00000270058",-2.50981929026505,-2.35004125000582,3.75146433396623e-18,1.31409921310583e-16
"ENSG00000147799",1.67908128465338,3.5104670032383,3.93836788674301e-18,1.37783428973564e-16
"ENSG00000091482",-3.40728088638263,-1.26745454002905,4.00553760957299e-18,1.39957308461123e-16
"ENSG00000124440",-3.20215529121563,1.83093925912891,4.07203257319069e-18,1.42102185643855e-16
"ENSG00000112183",-3.05798115979971,0.502313781128495,4.57723703723012e-18,1.59532197639701e-16
"ENSG00000107864",-1.31976316216601,1.672998021761,4.74215775262927e-18,1.65073383696968e-16
"ENSG00000109171",-0.952017981641145,5.22688306394591,4.86097202287029e-18,1.68997768590114e-16
"ENSG00000144642",-2.24377543326875,2.50886185537701,4.99073189628115e-18,1.732924172675e-16
"ENSG00000122035",-2.23267919494775,2.40609642582053,5.51303668192339e-18,1.91189637449296e-16
"ENSG00000158022",-3.36349520438589,-0.192733257640233,5.53428500127961e-18,1.91687507771594e-16
"ENSG00000183578",-2.49385929715285,1.70731430710888,5.69907687268976e-18,1.97149782413085e-16
"ENSG00000167676",-2.60094367412601,4.67070370154479,5.90676038245674e-18,2.04080405611515e-16
"ENSG00000255974",-3.93435656424033,-1.00108111281309,5.98087652569459e-18,2.06384762790501e-16
"ENSG00000088543",-1.64292143319355,1.57850640741339,6.22709350529682e-18,2.14614809991103e-16
"ENSG00000087903",-1.40561148776034,3.35104419190457,6.58830802450716e-18,2.26782934511903e-16
"ENSG00000158560",-2.43475318874486,2.46430164121587,6.7844229843783e-18,2.33244940005579e-16
"ENSG00000267082",-1.75223651945154,-1.13285425886497,7.05888289726023e-18,2.42381123483332e-16
"ENSG00000182397",-2.83171983223555,-3.54339181773089,7.21787562253342e-18,2.47534863982148e-16
"ENSG00000184785",-1.88871700399642,1.85765061322818,7.32161023037669e-18,2.50783183913137e-16
"ENSG00000170276",-2.32292010805619,-0.780170470979489,7.98070520523768e-18,2.73022575489884e-16
"ENSG00000163346",-1.27091791937307,6.85407581266722,8.25496639287267e-18,2.8205820673829e-16
"ENSG00000187098",-2.03894057766593,2.42872012549984,8.32406416491657e-18,2.838910405438e-16
"ENSG00000163171",-1.744578206495,5.13522294716282,8.32902200710966e-18,2.838910405438e-16
"ENSG00000161544",-1.90487772970495,4.00182263971694,8.45151192883084e-18,2.87713465454801e-16
"ENSG00000161649",-3.44235408761141,-1.77150211723493,8.54688956239295e-18,2.90604693641608e-16
"ENSG00000132510",-1.3224261182929,5.52528230887907,9.18555253217154e-18,3.1193867225554e-16
"ENSG00000171174",-1.41642259734685,1.70254824375563,1.02708182739934e-17,3.48368620310462e-16
"ENSG00000276043",2.43874106283577,4.20568286321949,1.06019086191718e-17,3.59160638763735e-16
"ENSG00000213088",-3.11117915614234,3.89688557732517,1.0728048070508e-17,3.62991728692261e-16
"ENSG00000125503",-1.07674140826901,6.06267383352321,1.09135591755683e-17,3.68819953037765e-16
"ENSG00000197410",-3.15373348192982,-0.968418970420617,1.15405902358414e-17,3.8953693717167e-16
"ENSG00000075218",2.38581457659621,3.71831890863231,1.1764007428768e-17,3.96596774080392e-16
"ENSG00000198835",-1.94112403743354,0.278624677068006,1.2759544870686e-17,4.29638282673597e-16
"ENSG00000241644",-2.21327834458871,1.7048133843356,1.38343225509344e-17,4.65142305721436e-16
"ENSG00000116194",-3.16620450752578,1.62797061912844,1.38474033415075e-17,4.65142305721436e-16
"ENSG00000138639",-1.96933324719564,2.24073335997949,1.41900423112339e-17,4.7607677539487e-16
"ENSG00000011523",-0.991822083032734,4.03229709102973,1.43588091146628e-17,4.81158503501346e-16
"ENSG00000189184",-2.04722824887086,2.67124896306887,1.57937364069938e-17,5.28605524293284e-16
"ENSG00000135447",-3.30499079086918,0.0977531136658954,1.68277769981045e-17,5.62537213519569e-16
"ENSG00000272183",2.61846208238921,-1.25331545126385,1.72446331917765e-17,5.75780291672125e-16
"ENSG00000226440",-2.46851726044437,-2.82461968761896,1.79483343402574e-17,5.98557581541463e-16
"ENSG00000158050",-2.56955701040241,4.9950221122629,1.80684295002407e-17,6.01840993640952e-16
"ENSG00000033122",-1.84449349501791,-0.943152955821608,1.85324709014736e-17,6.16559345912301e-16
"ENSG00000011454",-0.949519852311013,5.37214152493126,1.87185269789586e-17,6.22005245956722e-16
"ENSG00000167769",-3.43016430075147,-3.05219653520607,1.88839009437971e-17,6.26751714737266e-16
"ENSG00000126785",-1.91575641467195,2.65078711735455,1.95325160416482e-17,6.47506398887201e-16
"ENSG00000168398",-2.08681732952607,3.78864551429504,1.95619538561434e-17,6.4771026500109e-16
"ENSG00000087586",2.36747098893563,4.52154567035614,1.95952336847984e-17,6.48040706867179e-16
"ENSG00000261292",-3.75279209146767,-2.98659408570947,1.97713548567894e-17,6.53088708588934e-16
"ENSG00000143196",-3.44936920416891,3.47844022475824,2.01958033521968e-17,6.66317768249879e-16
"ENSG00000160298",2.45026157926201,3.05621778553861,2.17229915767569e-17,7.15854934507513e-16
"ENSG00000127241",-2.8519763528819,0.712503539032516,2.22088084091526e-17,7.30998329329894e-16
"ENSG00000115275",1.1401551617439,6.16085481637973,2.23591592582698e-17,7.34858809583605e-16
"ENSG00000204403",-2.2297131584578,-2.92484161132812,2.23789383280233e-17,7.34858809583605e-16
"ENSG00000085563",-1.92394809479447,0.939343753115261,2.48635717840813e-17,8.15484106168224e-16
"ENSG00000086232",0.984335533645141,7.05034129669848,2.49366950315066e-17,8.16919079989746e-16
"ENSG00000112214",-2.39725474924508,-0.526029035992182,2.49860523141771e-17,8.17573027075538e-16
"ENSG00000197245",-1.92043279404237,0.314682236128065,2.51995897287654e-17,8.23591291570096e-16
"ENSG00000166313",-2.09995752157925,3.2693803078752,2.55866276193497e-17,8.3525924175701e-16
"ENSG00000179476",-1.05761903179646,1.55304255658804,2.60541204615951e-17,8.49411188924226e-16
"ENSG00000275120",-1.68265037902094,-2.91463702245782,2.60812265969615e-17,8.49411188924226e-16
"ENSG00000187741",2.09600586177232,3.92310332068567,2.69759594449284e-17,8.77523228119057e-16
"ENSG00000241399",-1.6554902882943,1.12245030825277,2.96876246373963e-17,9.64605028084001e-16
"ENSG00000267480",-1.93602994718523,-0.535545063861994,3.09101810379555e-17,1.00315620211045e-15
"ENSG00000147588",-3.62346558256318,-1.86206501188854,3.10483428562323e-17,1.00646568748297e-15
"ENSG00000113657",-2.39167103876702,6.61769779677836,3.12656323592944e-17,1.01232949104663e-15
"ENSG00000135709",-1.68453301687564,3.69921914183154,3.16046998366239e-17,1.022118042507e-15
"ENSG00000196663",-0.938060966824237,4.03888502942858,3.19367314104232e-17,1.03165657458548e-15
"ENSG00000134030",-1.1506334991901,4.51010878079778,3.23844281696162e-17,1.04490498918971e-15
"ENSG00000142945",2.36876050106242,5.00159523500497,3.28286081340889e-17,1.05800936040952e-15
"ENSG00000103657",-1.0378594760137,4.93248722778742,3.45305911349101e-17,1.1115733000408e-15
"ENSG00000271936",2.13741802236486,0.345798963596008,3.59606538856079e-17,1.15627013470568e-15
"ENSG00000170776",-1.19673749046208,5.96742746244185,3.61464790785084e-17,1.16090302841865e-15
"ENSG00000258824",-1.47522129045951,-1.30383178096795,3.8883573468062e-17,1.247368891427e-15
"ENSG00000091986",-2.69755392180164,6.17394734736092,3.97957986366817e-17,1.27516192106224e-15
"ENSG00000267328",-3.70019364783599,-3.05153055156248,4.04766316881209e-17,1.29548510603188e-15
"ENSG00000168490",-2.71486732610774,1.84102013134517,4.12840941046057e-17,1.31980978084069e-15
"ENSG00000173208",-2.57225040498543,-0.867601961986276,4.19448706232613e-17,1.33939458857034e-15
"ENSG00000114698",-2.00226170482688,2.69250539929565,4.41730008113307e-17,1.40892622885957e-15
"ENSG00000160949",1.74639426657078,4.7366774795568,4.43432891807391e-17,1.41273757386472e-15
"ENSG00000125827",-1.27456011102189,5.05553438086941,4.49908215737596e-17,1.43172736891416e-15
"ENSG00000138185",-1.3886254952504,5.05366721397064,4.79241306800933e-17,1.52333011040621e-15
"ENSG00000158301",-1.44502868616939,2.47838330446777,4.89652140281485e-17,1.55464554539372e-15
"ENSG00000029993",1.98569855515445,6.11276614901712,5.04562176311599e-17,1.60015824512594e-15
"ENSG00000173276",-1.1667504499555,3.60713273837969,5.16497295504495e-17,1.63614342595291e-15
"ENSG00000213463",-0.894967956886699,4.45187327672909,5.44235577847987e-17,1.72051940477362e-15
"ENSG00000130956",-1.49648345378943,2.93611361067217,5.44370285909749e-17,1.72051940477362e-15
"ENSG00000127920",-1.80699099713237,3.81571169768209,5.51299044963115e-17,1.74044044694201e-15
"ENSG00000122877",-2.34354724271452,2.96438032013807,5.53149508774048e-17,1.74430241355245e-15
"ENSG00000267719",-2.66994366823519,-4.18179634434415,5.60858912104083e-17,1.76661029698198e-15
"ENSG00000183111",-1.97862293020169,2.99994490614536,5.63822196296994e-17,1.77393515221813e-15
"ENSG00000253250",-2.71668409520259,0.203666612558724,5.68558278711272e-17,1.78681484811261e-15
"ENSG00000175063",2.61377849905094,5.83053700586732,5.73838259985056e-17,1.80137285834812e-15
"ENSG00000170500",-3.10286798716958,1.77536548412625,5.90136858508158e-17,1.85044830278325e-15
"ENSG00000170989",-1.91076332405079,3.35761962003996,6.25087557363542e-17,1.95783335956669e-15
"ENSG00000185052",-2.36054307632393,2.86537554817179,6.34622360991359e-17,1.98546138653011e-15
"ENSG00000136717",-2.17114183294309,4.55181335801644,6.64429635282978e-17,2.07637993776691e-15
"ENSG00000156804",-1.99757983456356,5.64385905061788,6.96233770490421e-17,2.17332770579687e-15
"ENSG00000186198",-2.38792717510161,-1.95665704106471,6.98496066189837e-17,2.17794518934282e-15
"ENSG00000123473",2.18428604934026,3.50929948603261,7.00750829253359e-17,2.18252887055136e-15
"ENSG00000146151",-3.08354192611867,-2.23613662885795,7.01741408731675e-17,2.18316932897697e-15
"ENSG00000103196",-2.16757228014415,5.62276511303762,7.03646489622423e-17,2.18665025875625e-15
"ENSG00000197299",1.81889501447633,3.17875902615323,7.1297960754182e-17,2.21318100720543e-15
"ENSG00000137463",-2.34346810622787,-2.237436263421,7.16847895914308e-17,2.22024663497742e-15
"ENSG00000189292",-2.38044586041747,-1.66465720736222,7.16852363358763e-17,2.22024663497742e-15
"ENSG00000122952",2.20711364245748,5.08237715978377,7.30459143823909e-17,2.25987321103163e-15
"ENSG00000088854",-1.30625596423961,4.23548396528306,8.11756499906206e-17,2.50859817021015e-15
"ENSG00000225471",-1.85384013543516,-2.16736063827119,8.5149683166816e-17,2.62848849935478e-15
"ENSG00000279489",-2.67907440060619,-3.96524343924999,8.77976266638629e-17,2.70722327095567e-15
"ENSG00000115137",-1.0468610168992,1.79982832822906,8.80572925758383e-17,2.71222312116477e-15
"ENSG00000172602",-2.08634090088795,1.78484887772298,8.91768261490069e-17,2.74366710805567e-15
"ENSG00000169554",-1.99354447671317,4.0282563768713,9.43037132353191e-17,2.89819798476677e-15
"ENSG00000163412",-1.44375683383143,4.07343163437563,9.67875024259768e-17,2.97124812911004e-15
"ENSG00000180875",-3.12099125322893,0.59172848599946,9.86496144224098e-17,3.02507356772931e-15
"ENSG00000009307",-0.866212933351752,8.54470511563209,1.02495996862982e-16,3.13956074972479e-15
"ENSG00000138823",-2.87416974194798,-1.6540964017178,1.05845286677497e-16,3.23858631282862e-15
"ENSG00000160271",-1.11881973884618,5.96816660359117,1.15338586806839e-16,3.52517814819627e-15
"ENSG00000130988",-2.5920505604354,0.100719395295991,1.27614981920679e-16,3.89610921203058e-15
"ENSG00000170871",-1.03433304684188,4.73852752272603,1.33541682273625e-16,4.07258202749598e-15
"ENSG00000187054",-4.08836517689997,1.89176538881476,1.50375665304681e-16,4.58094017428159e-15
"ENSG00000133107",-1.97942703194249,-0.467743192415361,1.57955189269958e-16,4.80657295313495e-15
"ENSG00000151617",-2.03905607069949,3.15241411608304,1.63447492930268e-16,4.9682678916607e-15
"ENSG00000128266",-2.51136542199435,1.45497957536999,1.70669890959472e-16,5.18214156905656e-15
"ENSG00000182325",1.69758280433952,4.62923328989635,1.72153289648336e-16,5.22148249180934e-15
"ENSG00000134690",2.3287515881128,4.45458690996368,1.73228522791467e-16,5.24837135555454e-15
"ENSG00000066027",-0.955868442031854,5.09045646733098,1.74149554095762e-16,5.2705348727589e-15
"ENSG00000142655",-0.890885669247179,4.64911434901247,1.83993092149158e-16,5.56239116515709e-15
"ENSG00000064309",-2.25243220608958,1.87535981545501,1.9596565080436e-16,5.9179073244535e-15
"ENSG00000152409",-1.11962408761987,3.92679276778122,1.96717352860757e-16,5.93416457170958e-15
"ENSG00000139910",-2.73201384872344,0.555498837269022,2.00914448906427e-16,6.05420754868306e-15
"ENSG00000164850",-2.06205742006959,0.452499939190148,2.04253827490438e-16,6.1481728398177e-15
"ENSG00000184545",-1.9575080588463,2.19495431620096,2.10197729553151e-16,6.320248056283e-15
"ENSG00000080709",-2.35987630747036,-0.240299839767965,2.22671081333527e-16,6.68806780251554e-15
"ENSG00000082805",-1.32939200346212,5.13419478835751,2.26511826212628e-16,6.79608783436011e-15
"ENSG00000180769",-1.50332305198992,0.195828267131235,2.39898037482711e-16,7.18996133244251e-15
"ENSG00000241978",-2.65655714753954,-1.84125897929607,2.47024610142733e-16,7.39558178891262e-15
"ENSG00000051341",2.33632811906333,3.2620485684851,2.50285143823457e-16,7.48514054318474e-15
"ENSG00000132561",-2.32524903024663,5.13332110991584,2.90203279826883e-16,8.66962816522567e-15
"ENSG00000162592",-3.02454490379772,-4.27671030527713,3.0000500976846e-16,8.95283190631993e-15
"ENSG00000204131",-2.4457976757775,-0.463015632016193,3.06173118459419e-16,9.12710926442854e-15
"ENSG00000100784",-1.57182739261029,3.2336399304944,3.80559177106631e-16,1.13324329688081e-14
"ENSG00000225697",1.87120277911246,4.0442409830075,3.98029583132759e-16,1.18399965729106e-14
"ENSG00000135636",-1.7752974754938,4.31776761560736,4.03939911712822e-16,1.20029709022102e-14
"ENSG00000137502",-1.54778233726758,2.78657806663513,4.17798698305936e-16,1.24015316926179e-14
"ENSG00000188710",-1.70636871437324,-1.1941282418498,4.28085112451073e-16,1.26933168791063e-14
"ENSG00000164849",-1.60494110491325,-1.02659161091687,4.29108188872946e-16,1.27101022972559e-14
"ENSG00000174348",-2.42906158003767,4.5170864438313,4.36347208096287e-16,1.29107711689171e-14
"ENSG00000256508",-2.7481299583597,-3.20628675067034,4.3997329017034e-16,1.30042264819423e-14
"ENSG00000076382",2.10191414927475,5.14678988130705,4.74046299556736e-16,1.39964434496513e-14
"ENSG00000144857",-2.51286510477438,3.18444990200275,4.78046556260583e-16,1.40995852272276e-14
"ENSG00000235173",1.3980545167018,4.93775588398099,4.95417883662293e-16,1.45964593202324e-14
"ENSG00000062096",-3.44012599754101,-2.10488579105063,5.1658170085656e-16,1.52039014242577e-14
"ENSG00000010319",-1.77334384672188,2.51516247274562,5.19215238456435e-16,1.52652573226097e-14
"ENSG00000112964",-2.47637408272514,1.05442334964235,5.20133501633322e-16,1.52761067380439e-14
"ENSG00000164283",4.44918099580555,3.32538983775636,5.21030135738355e-16,1.52862986975642e-14
"ENSG00000110583",1.17349158474679,4.51549069797358,5.23666693461316e-16,1.53474623237509e-14
"ENSG00000112309",-1.82704881965624,-0.966581226642293,5.92653311821643e-16,1.73510174333635e-14
"ENSG00000205502",-2.54827723096323,0.761773025062487,6.163345763324e-16,1.80253560163334e-14
"ENSG00000231768",-2.21402317758671,-1.82498911379392,6.18519060622648e-16,1.80702422616573e-14
"ENSG00000105486",1.34069288975632,5.44237446860275,7.00509881899008e-16,2.0444156710658e-14
"ENSG00000130522",-1.42139407140905,6.98740763957763,7.18861440221923e-16,2.09577497242058e-14
"ENSG00000150625",-3.01422669495809,-1.05669039083249,7.75830505291179e-16,2.25949464331556e-14
"ENSG00000040487",1.22620992648877,4.00724180834951,7.82451760974198e-16,2.27639443807274e-14
"ENSG00000215784",2.70522349999677,0.0106077630392621,7.83995293159764e-16,2.27850168115491e-14
"ENSG00000166165",-2.37735307236059,6.22150406135631,7.96165775723569e-16,2.31145706891437e-14
"ENSG00000160957",2.14155712046476,5.02655940203393,8.35185667599772e-16,2.42221261448931e-14
"ENSG00000271849",-1.51103224782714,-2.64562071816195,8.43129598797728e-16,2.44270453451679e-14
"ENSG00000241135",-2.83299079185315,-3.58929750137034,8.61852256354795e-16,2.4943493034335e-14
"ENSG00000152217",-2.0871604159663,2.91939201692154,8.81939425794299e-16,2.5498317307294e-14
"ENSG00000173068",-2.49763304116637,2.48566202777354,9.00289950096696e-16,2.5993285747012e-14
"ENSG00000175220",-1.06496057229219,6.81661018574337,9.00928611085448e-16,2.5993285747012e-14
"ENSG00000197776",-1.4841581265643,0.202628299073828,9.1657704111253e-16,2.64173650201687e-14
"ENSG00000085999",2.27909712561834,3.04160173231677,9.67077007659493e-16,2.78440091242583e-14
"ENSG00000225873",-2.67610933163547,-3.22486832907086,1.06872817911045e-15,3.07389212467415e-14
"ENSG00000165868",-2.06049026794188,1.65097724580869,1.11822066258816e-15,3.21292058766161e-14
"ENSG00000255642",-1.90726177144492,-0.488568065059459,1.14594326931811e-15,3.28917648602111e-14
"ENSG00000143632",-2.31799795532683,-0.554454130382436,1.1685144425218e-15,3.35050434946999e-14
"ENSG00000114790",-1.97997606560471,2.59968519391179,1.24363428090148e-15,3.5622245370456e-14
"ENSG00000269952",-1.58550538350826,-2.04032023101513,1.25626548597237e-15,3.59470287668204e-14
"ENSG00000117425",-1.70921833300753,0.216567867600337,1.26277041513693e-15,3.60960262653684e-14
"ENSG00000117400",-1.67413647020622,-2.91634507343751,1.27516356682961e-15,3.64128586080409e-14
"ENSG00000162804",-1.99807811070363,2.32807963219113,1.2948702446352e-15,3.69376678092707e-14
"ENSG00000071282",-2.09974790380501,4.84220809603705,1.32123209910738e-15,3.76510536603213e-14
"ENSG00000153956",-2.42434845730444,2.88081668764562,1.59249539510663e-15,4.53347742314236e-14
"ENSG00000171714",-2.61439543777789,0.78620022959277,1.62078939798823e-15,4.60930629102726e-14
"ENSG00000180198",1.48864537376163,5.98416467439091,1.62266409966694e-15,4.60992406578516e-14
"ENSG00000196923",-1.73121844447292,5.96142225032567,1.66321727439814e-15,4.72031245437096e-14
"ENSG00000168631",-3.87538059132571,-1.4706214978783,1.66685268027944e-15,4.72580770607666e-14
"ENSG00000136895",-1.73218104307403,1.95084826241612,1.67431983956581e-15,4.74214436841588e-14
"ENSG00000135269",-1.32951542216488,6.16206717037031,1.73190531059646e-15,4.90025253343024e-14
"ENSG00000256139",-2.0818527545171,-2.68264475566652,1.79062314801781e-15,5.06124000160766e-14
"ENSG00000103042",1.1953624649126,4.4066679182802,1.89089535594476e-15,5.33923579034433e-14
"ENSG00000106993",-1.03779307100915,3.69662877880266,1.9966817267051e-15,5.6322219944066e-14
"ENSG00000226094",-3.93053169933846,-4.46782367921039,2.03148768427962e-15,5.72459645013872e-14
"ENSG00000115163",2.63651815081414,2.97689834056897,2.03936248508384e-15,5.74097052607659e-14
"ENSG00000145879",-3.94046228706512,0.125762517065519,2.05411462795409e-15,5.77665218880557e-14
"ENSG00000198898",-0.951709501285885,5.99504405863444,2.09557038556287e-15,5.88728274077375e-14
"ENSG00000126803",-2.04043410874988,4.15877379798032,2.11371633761926e-15,5.93226967691267e-14
"ENSG00000180871",-2.52602865953434,0.920455012012204,2.20753653849782e-15,6.18933606302822e-14
"ENSG00000163882",1.10232235162147,5.58083210713526,2.23031868421427e-15,6.24691375267387e-14
"ENSG00000152931",-2.73380970012221,1.27867414874911,2.26967729476233e-15,6.3507580079703e-14
"ENSG00000018236",-3.12965178215791,3.6630481518693,2.30135752540279e-15,6.43293033708821e-14
"ENSG00000149534",-2.40228683335281,0.00999476416891164,2.36131943851922e-15,6.59391340798544e-14
"ENSG00000127743",-1.85106282505327,-2.11572787302762,2.37239479704353e-15,6.61819623773036e-14
"ENSG00000181804",-1.91721440927728,2.56250805842914,2.40665950790961e-15,6.70705620175251e-14
"ENSG00000273733",-2.22904479511472,-1.89171282977186,2.45221900962717e-15,6.82718391539145e-14
"ENSG00000272823",-2.67410207648965,-3.49546048481843,2.48633659073454e-15,6.91524795980996e-14
"ENSG00000112773",-1.52098855186501,4.31657468723857,2.5182536781766e-15,6.99702193317941e-14
"ENSG00000105011",2.09090689579901,4.67889760058084,2.55432678458216e-15,7.09016874846144e-14
"ENSG00000111665",2.16645513967263,4.17138522903534,2.57490523386487e-15,7.14016343663846e-14
"ENSG00000121297",-2.1059042502956,2.96122589972855,2.61510300861145e-15,7.24440836439344e-14
"ENSG00000096717",-1.05608965989477,3.72242319283078,2.62915062787846e-15,7.27607626001826e-14
"ENSG00000215301",-0.882393452168682,7.6394115668707,2.64063546962108e-15,7.30059585651801e-14
"ENSG00000171873",-2.70227514498116,-1.37378850348577,2.7347930181017e-15,7.55340597939052e-14
"ENSG00000125450",0.960750978478511,5.40520852145719,2.8219144828047e-15,7.78630034823881e-14
"ENSG00000169224",-2.51025217636235,-2.309442092209,2.88054687202612e-15,7.94020318648785e-14
"ENSG00000165480",2.13043818456834,3.33582719437375,3.00958444486285e-15,8.28768041237332e-14
"ENSG00000146410",2.06160776788284,2.24208957463352,3.08969171369947e-15,8.49986109130794e-14
"ENSG00000184445",1.68497615387457,4.59039363250484,3.29108763979623e-15,9.04496250253485e-14
"ENSG00000145687",-1.54102659215713,3.3923936632885,3.53105383540987e-15,9.69488650782375e-14
"ENSG00000175764",-1.22176205711925,1.0875932362892,3.58276536529541e-15,9.82716500048928e-14
"ENSG00000110237",-1.34089390622255,4.64635034276417,3.62678197244419e-15,9.93809724133895e-14
"ENSG00000101003",2.01317337022021,4.18263934354499,3.71096708697713e-15,1.01587724005999e-13
"ENSG00000214160",1.21241637610377,5.67355524282196,3.84384625062762e-15,1.0512182474799e-13
"ENSG00000260966",-1.61998101102327,0.759435520789932,3.8734571698799e-15,1.05827568041129e-13
"ENSG00000068305",-1.11829555676094,4.59416571777694,3.91082212880058e-15,1.06743568074907e-13
"ENSG00000242259",-1.00186412823162,3.94902930898002,3.93420611392663e-15,1.07276543771217e-13
"ENSG00000074416",-1.93769976856832,4.98169503545917,4.08176130339869e-15,1.11191015799635e-13
"ENSG00000125319",1.83867471895174,2.78687986351163,4.67625775443804e-15,1.27261014602921e-13
"ENSG00000231121",-2.64418515233509,-4.10229118634111,4.71948709565215e-15,1.28311920421675e-13
"ENSG00000261276",-2.59737479862052,-4.19491057697437,4.83829708162306e-15,1.31413629620295e-13
"ENSG00000166402",-2.14866237464888,1.93918013841963,4.95799540287275e-15,1.34533391356195e-13
"ENSG00000168546",-2.34616114964111,-0.211246998572407,5.00845670385671e-15,1.35770181583203e-13
"ENSG00000141570",1.56332023966745,3.12528755762101,5.19352865917936e-15,1.4065006095205e-13
"ENSG00000114268",2.38390273616662,3.85880959183851,5.3890348156676e-15,1.45802748373699e-13
"ENSG00000163520",-2.33917255090237,5.64391882156004,5.48085740380612e-15,1.48142941663809e-13
"ENSG00000080561",-1.30271520992242,2.19849078541376,5.50325292446956e-15,1.48603857852691e-13
"ENSG00000230393",-3.58119981773377,-4.02271815159057,5.52510282099562e-15,1.49049160776286e-13
"ENSG00000172236",-2.4603375118392,2.75438205529588,5.53629891010047e-15,1.49206474405644e-13
"ENSG00000065600",1.47136706381062,3.38372989849923,5.66494479729146e-15,1.52525759580898e-13
"ENSG00000259207",-2.37004391869463,0.775695797911691,5.71809449751831e-15,1.53807893867966e-13
"ENSG00000133104",-1.19676917401503,5.00464678010542,5.74812535487674e-15,1.54466290333514e-13
"ENSG00000094804",2.03931436997183,4.70307937719272,5.82798347580729e-15,1.56461104645394e-13
"ENSG00000113594",-2.16557132450253,3.54158172673291,5.995703519715e-15,1.60808584372067e-13
"ENSG00000165338",-1.21384685680397,2.91042445158944,6.12076284881556e-15,1.6400460222939e-13
"ENSG00000179915",-3.62167032612953,-0.345629860873321,6.44480665337834e-15,1.72521085130329e-13
"ENSG00000143228",2.5641344901186,3.98842747480505,6.78275037831019e-15,1.81392919492251e-13
"ENSG00000245105",-1.53488596619495,-0.583703034658549,6.85670007493301e-15,1.83194427650444e-13
"ENSG00000090889",2.29282571934776,4.42311465536991,6.92771576232405e-15,1.84914163625258e-13
"ENSG00000142731",1.76253017089177,3.2894514815265,7.59200100359038e-15,2.02450933761131e-13
"ENSG00000046889",-1.96316983834078,1.79007438165982,8.02055485449947e-15,2.13674034643864e-13
"ENSG00000117020",-1.91262946761437,4.1347914062383,8.04617363725098e-15,2.14151413753934e-13
"ENSG00000280047",-1.3731653703343,-0.877024806441195,8.06059325335103e-15,2.1433009575091e-13
"ENSG00000007237",-2.19410450517017,3.88095167791907,8.07499497474707e-15,2.14507961062694e-13
"ENSG00000228906",-1.73099278839374,-2.31852049854597,8.39909393043261e-15,2.22904579663285e-13
"ENSG00000185112",-1.8286810628631,2.83357146284165,8.47284368367803e-15,2.24647475094506e-13
"ENSG00000141433",-2.80910416359092,-0.244192590869613,8.57506600725075e-15,2.27141248437776e-13
"ENSG00000144619",-2.19949693708358,0.505095619794623,8.84317660720861e-15,2.34020238797615e-13
"ENSG00000250588",-1.59540787317596,0.817497925849595,9.10160923315946e-15,2.40630282891506e-13
"ENSG00000164035",-1.87225353491107,2.65052522485851,9.11412549805946e-15,2.40732357528516e-13
"ENSG00000186474",-4.54097956152027,0.629100897582465,9.29932282277927e-15,2.45390954146072e-13
"ENSG00000166912",-0.970538832341333,3.7495428087897,9.3790228513891e-15,2.47259490583588e-13
"ENSG00000125871",1.13293643392174,4.44420145448824,9.42772769382974e-15,2.48308134799703e-13
"ENSG00000127586",1.76650123020737,4.53324964265232,9.6648678475322e-15,2.54313121516947e-13
"ENSG00000155099",-1.39550818765716,2.3870810965632,9.91073202018641e-15,2.60536096103445e-13
"ENSG00000087074",-1.39841300223434,6.70411939092708,1.01422097966663e-14,2.66369481656921e-13
"ENSG00000091651",2.09228715798247,3.43452814124069,1.03237471455501e-14,2.70881489961495e-13
"ENSG00000205791",-1.32555527591128,-0.928807357833852,1.05754545183804e-14,2.7722442650303e-13
"ENSG00000144230",-2.38276414055609,-2.09975411171025,1.09896229813213e-14,2.87810154406298e-13
"ENSG00000141627",-0.904061485927709,4.73332449953026,1.13553903640723e-14,2.97109569328262e-13
"ENSG00000261026",-2.48828225765176,-2.27991284205382,1.17204969221345e-14,3.06374230164782e-13
"ENSG00000077152",1.81007932726059,3.9517475021539,1.20285088052993e-14,3.14130436996985e-13
"ENSG00000144554",1.68625314603262,4.393964898899,1.2171036485809e-14,3.17554444446347e-13
"ENSG00000177469",-1.99253381657511,7.62745885322366,1.25122117041161e-14,3.26150088216103e-13
"ENSG00000169744",-1.63035829923988,2.72081749651196,1.2612318747543e-14,3.28451705360874e-13
"ENSG00000169239",-1.02256816514075,1.99633491602824,1.31556368354583e-14,3.42280381014595e-13
"ENSG00000248713",-3.47568646979348,-1.37306468214428,1.34241331170579e-14,3.489396396119e-13
"ENSG00000155660",1.37817000737026,7.82388099003354,1.40437315314237e-14,3.64704299797841e-13
"ENSG00000158615",-0.933955434454598,5.80698359852652,1.44794100095068e-14,3.7566775242016e-13
"ENSG00000130299",1.08510502961181,4.10762849077064,1.44957815893759e-14,3.75742006845583e-13
"ENSG00000162636",-1.42083147181187,4.27655177794566,1.47158643899872e-14,3.81091560780927e-13
"ENSG00000188992",-2.4359643687802,-3.36275436366745,1.51603963751959e-14,3.92238236635649e-13
"ENSG00000142867",-1.08251310528333,4.32559648133929,1.52868442500764e-14,3.95142192497561e-13
"ENSG00000120279",-1.65612846001799,1.89357181091128,1.54183132345356e-14,3.98170423391029e-13
"ENSG00000189051",-2.76362443533361,-0.92653064039532,1.57273689596393e-14,4.05774872796333e-13
"ENSG00000146267",-2.12907843045921,1.74981938013623,1.57984409563402e-14,4.07230804743921e-13
"ENSG00000138615",-3.18243806827639,4.08303567487496,1.63889554304666e-14,4.2206112721071e-13
"ENSG00000176903",-1.57922881675991,4.52323639899772,1.65449230901417e-14,4.25683576231369e-13
"ENSG00000264918",-1.18619492186873,-0.718896785393792,1.68657339103903e-14,4.33536651801927e-13
"ENSG00000162062",2.13521586395755,2.78912474797817,1.72695107526446e-14,4.43505911877474e-13
"ENSG00000184271",-1.41435414655978,1.92407856088987,1.76078199790883e-14,4.51777026825077e-13
"ENSG00000164776",-1.5947737210451,0.157045622531262,1.76742294997016e-14,4.53062990852719e-13
"ENSG00000197852",-1.2499595376538,2.46904523223983,1.79601193946409e-14,4.59967588142862e-13
"ENSG00000136295",1.52672881911658,6.58509848848858,1.82157489367229e-14,4.66085211754439e-13
"ENSG00000262655",-2.43430268532261,4.63689166859893,1.856037543132e-14,4.74466656131714e-13
"ENSG00000138346",1.65716430533446,2.69889973265249,1.89652666052854e-14,4.84371864180718e-13
"ENSG00000129810",2.27307730184433,2.7354661318983,1.95985086715448e-14,5.00085616221721e-13
"ENSG00000185803",1.39309190728955,6.16460329885504,2.00338926337279e-14,5.10726540625e-13
"ENSG00000046653",-1.8027725438142,2.02064245904373,2.10500164777284e-14,5.36139293310496e-13
"ENSG00000184588",-2.06331520161183,2.9513043639247,2.12113562981858e-14,5.39754302581373e-13
"ENSG00000160808",-2.52860186332051,-2.51236616615009,2.15908572986836e-14,5.4890906220136e-13
"ENSG00000260466",-2.99028460130577,-4.26357038077437,2.21616973834972e-14,5.62907113540829e-13
"ENSG00000174740",-2.28634557589139,-1.38408260465051,2.42216417758723e-14,6.14668360138992e-13
"ENSG00000257596",2.27734668569571,-0.653992577928364,2.45093440677216e-14,6.21402357844614e-13
"ENSG00000166783",-0.826932959229496,5.44583895300468,2.45522766447099e-14,6.21923925609578e-13
"ENSG00000106771",-1.0223055189223,5.53009044458802,2.51356106448463e-14,6.36120781496914e-13
"ENSG00000140525",1.55056133336806,5.1795960152864,2.59646852537364e-14,6.56505264511064e-13
"ENSG00000145777",-2.15903049492126,0.56196902561599,2.79503614104857e-14,7.06070301462161e-13
"ENSG00000111602",1.47806747022841,5.39397208871017,2.80154829543371e-14,7.07073164617947e-13
"ENSG00000166974",-1.57975035354964,4.25882992682856,2.82483391760632e-14,7.12116926437738e-13
"ENSG00000170145",-0.928637020774082,4.5326630205803,2.8303165310143e-14,7.12116926437738e-13
"ENSG00000242732",-2.11681702739034,1.87115210212046,2.83142492761732e-14,7.12116926437738e-13
"ENSG00000112742",2.23682759316875,3.80805236474912,2.83177406479035e-14,7.12116926437738e-13
"ENSG00000255389",-1.63023095313272,-0.865641091894561,2.91544995555142e-14,7.32496925146809e-13
"ENSG00000166501",-2.2898973288091,2.82266164520558,2.92637941025766e-14,7.34579336981014e-13
"ENSG00000117650",2.29190065295184,3.82007801837267,2.95467185363674e-14,7.41012518171313e-13
"ENSG00000126091",-1.14760630874104,2.82430308831565,3.01389756403967e-14,7.55184981519237e-13
"ENSG00000268798",-1.64675086975118,-1.99946849948656,3.13377962151183e-14,7.84516765194497e-13
"ENSG00000015171",-0.969527865497401,5.78831932210989,3.3270302703772e-14,8.32146518974829e-13
"ENSG00000272573",-2.0346502230177,-3.66869531394127,3.33846386355228e-14,8.34256023692538e-13
"ENSG00000179528",2.30365361598705,0.337132407572089,3.44548827891481e-14,8.60227697499619e-13
"ENSG00000170011",-2.46222095049928,-0.411857358282838,3.48861160031859e-14,8.69632439054219e-13
"ENSG00000260977",-1.61887457986151,-2.94878395164958,3.48941071435842e-14,8.69632439054219e-13
"ENSG00000122565",0.931231414413394,7.20346011425944,3.52954095011769e-14,8.78846217060191e-13
"ENSG00000162104",-1.48597778483103,3.71585009280915,3.6477764653401e-14,9.07474121918641e-13
"ENSG00000133800",-2.70513252019023,2.50796696629991,3.66486820140282e-14,9.10911343035e-13
"ENSG00000163638",-1.91196271394677,3.21642332256946,3.69351392301886e-14,9.17211631615388e-13
"ENSG00000101955",-2.43631319566253,3.70645396194644,3.74212482189726e-14,9.28454216515866e-13
"ENSG00000114859",1.44691737326709,2.94288635842567,3.75137534074902e-14,9.29919807061074e-13
"ENSG00000179909",-1.76169701760941,0.942428870591454,3.7567335015436e-14,9.304187789709e-13
"ENSG00000160408",-1.15573951888105,4.77577039264358,3.80101260296158e-14,9.40547718204362e-13
"ENSG00000185418",-1.07903943061724,2.4932760099003,3.81020350656096e-14,9.41983912248712e-13
"ENSG00000266010",-2.3833767652434,-1.91038565741206,3.81533623601078e-14,9.42415157479289e-13
"ENSG00000270332",-2.00377971475362,-2.15617029662474,3.83348885370152e-14,9.46058788713402e-13
"ENSG00000051180",1.8376315019719,3.39023790641684,3.99832994919919e-14,9.85864812740044e-13
"ENSG00000167074",-1.17912558106815,4.10586036470748,4.00785559353554e-14,9.87338242896403e-13
"ENSG00000144395",2.20686394663432,1.22579276822864,4.03728436409037e-14,9.9370787626943e-13
"ENSG00000259236",-2.45623563997314,-3.82468509507214,4.32044933375548e-14,1.06246381361398e-12
"ENSG00000162878",-2.71565589461942,3.03853203318452,4.5243516589125e-14,1.1116236103298e-12
"ENSG00000158402",2.10711203730175,2.3973180062719,4.58088474099185e-14,1.12452027626837e-12
"ENSG00000184905",-3.29358567094198,0.322350696808097,4.66400308260282e-14,1.14391461848706e-12
"ENSG00000108799",-0.891778582414774,4.53486502340029,4.71725277600179e-14,1.15581457863195e-12
"ENSG00000168564",-0.87017773450478,3.67728823599943,4.72083328416888e-14,1.15581457863195e-12
"ENSG00000005102",-2.34123523433048,0.985096329761516,4.7803399070149e-14,1.16935438728061e-12
"ENSG00000153721",-1.65408015192376,3.31159027733746,5.07937982673791e-14,1.2414129272501e-12
"ENSG00000070778",-1.23694873937642,3.61504390885051,5.09443942195778e-14,1.24400038316867e-12
"ENSG00000163106",-2.06762916861879,-0.2455833641973,5.1515203103903e-14,1.25683538941128e-12
"ENSG00000100968",-1.6155559814431,4.27437098441946,5.18331664681015e-14,1.26348453898099e-12
"ENSG00000157778",1.41199488358627,5.21543892038455,5.57277009176211e-14,1.35722814853047e-12
"ENSG00000119969",1.62071456579848,4.04087277349719,5.60802120381599e-14,1.36461849292856e-12
"ENSG00000172399",-2.66745415735396,-3.58211486172295,5.62915448400804e-14,1.36856358097653e-12
"ENSG00000169291",-1.7741931573427,1.53818603636136,5.70948137618446e-14,1.38688039751806e-12
"ENSG00000188610",2.55496706248434,0.659715536532617,5.91880997528719e-14,1.43647348902847e-12
"ENSG00000136732",-2.09770011226155,3.45730554684443,6.03688455903654e-14,1.46385239965548e-12
"ENSG00000088325",2.39382709118359,6.26614040192347,6.14024778396138e-14,1.48761943915782e-12
"ENSG00000135312",-2.6720734005176,-2.14362776274578,6.17576247170875e-14,1.49492151110214e-12
"ENSG00000279204",-1.9537081681943,-1.0309856619547,6.24021149813225e-14,1.50920871650045e-12
"ENSG00000111796",-2.06265594867081,0.507685666934173,6.51286053408825e-14,1.57378097336748e-12
"ENSG00000247934",-1.29733644612977,0.243063600582117,6.64361502585288e-14,1.60398320064276e-12
"ENSG00000062822",1.40508538037059,4.91848991533282,6.77641219151727e-14,1.63462577868751e-12
"ENSG00000101849",-1.35333446919252,4.63333149764851,6.84821543660057e-14,1.65051486948156e-12
"ENSG00000182208",-0.92094763994195,4.60710014956991,7.42977912782582e-14,1.78912941023567e-12
"ENSG00000180440",-3.92599401600268,-3.07256570174319,7.5695569396309e-14,1.8212118266605e-12
"ENSG00000173638",1.78107741544426,4.45048879024034,7.59356909485968e-14,1.82541000203399e-12
"ENSG00000116667",-1.36312581357021,5.26234081200772,7.82491776831759e-14,1.87939929093452e-12
"ENSG00000137103",-1.13689872943601,3.66781293938925,7.92630633386878e-14,1.90210835257888e-12
"ENSG00000137177",-1.22839693720132,5.34241281877718,8.21130266082499e-14,1.9688013871166e-12
"ENSG00000172382",-2.2708025485934,3.06010010319294,8.22471078003557e-14,1.97031766516046e-12
"ENSG00000171303",-2.72360618104884,1.5947988323036,8.58604646314076e-14,2.05510938278256e-12
"ENSG00000145780",-0.932066912053693,3.99589126903684,8.71029493528556e-14,2.08305617399052e-12
"ENSG00000107968",-1.3862246420285,3.93719713803654,8.80121912121025e-14,2.10299233177165e-12
"ENSG00000220205",-0.985307825265705,5.0525411885639,8.91549931095262e-14,2.1284702346397e-12
"ENSG00000141034",-0.945536770379841,3.29449310750478,8.96875613869687e-14,2.13934832320391e-12
"ENSG00000065802",-1.03719822939799,3.75763250819551,8.99341112528422e-14,2.14339111934473e-12
"ENSG00000093009",2.17880935865453,3.88306424171147,9.08165686513225e-14,2.16256954100962e-12
"ENSG00000272148",-1.34872194516595,-2.38899034224472,9.16550282517464e-14,2.18066834967136e-12
"ENSG00000100320",-0.909374791064581,5.98262818080504,9.38473549484543e-14,2.23092007109518e-12
"ENSG00000173451",-1.03773778268911,2.13059439416094,1.07410574360251e-13,2.55116166070166e-12
"ENSG00000183230",-3.06315521920363,-0.167248721058394,1.08392945476083e-13,2.5722977751931e-12
"ENSG00000124762",-1.56497403037206,7.53112823715551,1.09080569132614e-13,2.58640909572497e-12
"ENSG00000131944",1.34585324836905,2.29055897472669,1.09634416793035e-13,2.59732711606871e-12
"ENSG00000115963",-1.58226333097954,5.83050244681882,1.12163768063839e-13,2.65498798396557e-12
"ENSG00000118762",-1.16705549221215,4.00972666150007,1.150192051839e-13,2.72026288586719e-12
"ENSG00000139546",1.10479346187476,4.66979099131231,1.18239030249281e-13,2.79403750919563e-12
"ENSG00000273162",2.16861761609431,-1.04200986068687,1.18552260767001e-13,2.79906114491733e-12
"ENSG00000214199",-1.3530546260424,-0.0501265371300567,1.25862676642566e-13,2.96914217596242e-12
"ENSG00000168427",-2.09885932429101,-0.523529451900889,1.32982724161917e-13,3.13366365472485e-12
"ENSG00000274322",-2.0120650075216,-1.81982655209022,1.33062121174632e-13,3.13366365472485e-12
"ENSG00000162999",-1.25665299461908,1.25887765249764,1.35891852839395e-13,3.19759737988334e-12
"ENSG00000134853",-2.01232455270985,4.30236179529565,1.37683932504741e-13,3.2370272314069e-12
"ENSG00000218358",3.3655729728768,-1.84841592269697,1.41616976210903e-13,3.32668324269749e-12
"ENSG00000121152",2.16544327837726,3.99037403321616,1.45342628252339e-13,3.4113202696897e-12
"ENSG00000140287",-2.33290115827748,0.191348357232048,1.46800951892133e-13,3.44264323353785e-12
"ENSG00000164161",-2.80153229479345,1.19167729975967,1.50461283140657e-13,3.52550940858559e-12
"ENSG00000157456",2.04834557938052,4.83214658520757,1.51058607801206e-13,3.53622851441922e-12
"ENSG00000196550",2.10794339118141,0.265767418107968,1.51173037919119e-13,3.53622851441922e-12
"ENSG00000182199",1.3642620763383,6.56926738774481,1.53107851351583e-13,3.57847787364838e-12
"ENSG00000225648",-0.934921290086161,2.75090430090943,1.58969611699629e-13,3.71236088178152e-12
"ENSG00000116254",-2.55651798166974,-1.45232303037532,1.60486147122654e-13,3.74463188751876e-12
"ENSG00000197472",2.54616455741071,0.43769924904938,1.60673143429428e-13,3.74585258860242e-12
"ENSG00000117399",2.43801526421825,5.83427573153451,1.60949029431329e-13,3.74914183883882e-12
"ENSG00000149575",-2.93600277266675,-1.86192410489205,1.64607657532265e-13,3.83115713719238e-12
"ENSG00000166851",2.25699256919277,5.14769498560174,1.66254888069734e-13,3.86626020224374e-12
"ENSG00000073756",-2.39338559141455,5.89930687332507,1.70813087871581e-13,3.96894270089582e-12
"ENSG00000162413",-1.23745522756277,5.24231480654001,1.72979541580077e-13,4.01592653586535e-12
"ENSG00000170962",-1.92248801146601,2.78135987399675,1.8423000123233e-13,4.27355214701818e-12
"ENSG00000140451",1.93219159414745,2.74419149658159,1.85366759927315e-13,4.29633807821535e-12
"ENSG00000156508",-0.980453975032842,11.1978309398009,1.88867783500187e-13,4.37383818691982e-12
"ENSG00000239697",-1.4113763990097,3.61565920796285,1.90648374272251e-13,4.4114003607605e-12
"ENSG00000178295",1.34129171880481,3.79907957367165,1.95030462213824e-13,4.50904592315303e-12
"ENSG00000183856",2.25217867024158,4.89976021315724,1.98519271996424e-13,4.58589411298715e-12
"ENSG00000272273",-1.47680036753968,-1.79176263480456,2.0103480353611e-13,4.64015019979238e-12
"ENSG00000171791",-1.60466632539756,2.78082130391263,2.05612909645045e-13,4.74188379432641e-12
"ENSG00000119865",-1.85655274216148,2.28141995112794,2.12602425622648e-13,4.89901513160125e-12
"ENSG00000139112",-1.18683304197877,5.2294443591143,2.15134679563294e-13,4.95326228699827e-12
"ENSG00000092964",-1.62444524169078,5.0576474793062,2.2488830525267e-13,5.17354709180521e-12
"ENSG00000167513",2.13680990119799,4.63095188763022,2.28596429119988e-13,5.25450618439193e-12
"ENSG00000169750",2.77046999823124,3.37340051618615,2.29595367609656e-13,5.27310979300361e-12
"ENSG00000183763",1.61640883874746,2.88977239780845,2.38400851881532e-13,5.47082746978635e-12
"ENSG00000172167",1.6776785838526,2.45983666583723,2.44995682182614e-13,5.61753083969088e-12
"ENSG00000154736",-1.84769382863264,2.03714989518155,2.45463850553503e-13,5.62362938669239e-12
"ENSG00000138092",1.420872408518,3.43567441563299,2.54306675279042e-13,5.82142515188148e-12
"ENSG00000176208",1.6739227829811,2.86372023690984,2.55967502897141e-13,5.85462512999852e-12
"ENSG00000205755",-2.29818193295643,-2.75176576866258,2.59147151243317e-13,5.92248127981133e-12
"ENSG00000255986",-3.16536300783597,-3.98063961680734,2.59574344484422e-13,5.92737376284501e-12
"ENSG00000181544",1.91079883596163,0.735070809226829,2.65770194761593e-13,6.0638772985268e-12
"ENSG00000178662",-1.97396399931144,0.678170252410355,2.66568405636009e-13,6.07710415242157e-12
"ENSG00000103550",1.12741790691045,3.97119391994734,2.70584823784198e-13,6.16361646511868e-12
"ENSG00000035499",2.18217280152157,3.02213759870152,2.79845123246883e-13,6.36933912673123e-12
"ENSG00000272789",-2.15760200883647,-2.33972467456512,2.81353444359386e-13,6.39843282744694e-12
"ENSG00000115289",0.994676716117156,3.65481371406791,2.88976444263927e-13,6.5664230754188e-12
"ENSG00000085840",2.11879590992886,2.90538754958023,2.90535243131024e-13,6.596454463023e-12
"ENSG00000166797",0.882732737946673,4.56984396238878,2.91593251938717e-13,6.61507595120027e-12
"ENSG00000261787",3.33563164077824,-1.59163260979743,2.92853089094708e-13,6.63824202688761e-12
"ENSG00000048707",-0.871322029481916,5.36843875666997,2.97781935350752e-13,6.7444698435753e-12
"ENSG00000275569",-2.25218102960232,-3.76836529827034,2.99893320266416e-13,6.78676396791688e-12
"ENSG00000278259",1.30294595086413,5.27199585894636,3.00552808892645e-13,6.796158759131e-12
"ENSG00000157557",-1.45162787504237,7.45402453946049,3.0561120072154e-13,6.90492634091648e-12
"ENSG00000186105",-1.62642837493805,-1.891285894875,3.11254166127631e-13,7.02671438515244e-12
"ENSG00000115353",-2.40234255135791,-0.0716730528887132,3.14354199768815e-13,7.0909435183861e-12
"ENSG00000115561",-0.784423166519899,5.91515243328405,3.21330306140189e-13,7.24243096003005e-12
"ENSG00000116213",0.965266687848255,4.45945213706672,3.28067276465549e-13,7.38406422614789e-12
"ENSG00000156650",-1.08115743304853,4.14191249791906,3.28145233650408e-13,7.38406422614789e-12
"ENSG00000247373",1.53668436975031,0.996664172862831,3.30691462236638e-13,7.43534489829234e-12
"ENSG00000172794",-1.95623311725163,0.858196556782326,3.37764973448042e-13,7.58825299395024e-12
"ENSG00000124749",-2.44387438075878,1.58601822209549,3.40966328826358e-13,7.65399233547013e-12
"ENSG00000077782",-2.1280036630179,5.15393614018258,3.49349510389841e-13,7.83585317134892e-12
"ENSG00000154839",2.09094679278295,3.25597292469241,3.52556172675033e-13,7.8970257526366e-12
"ENSG00000259583",-1.55730358704105,1.0470003880485,3.52644662020445e-13,7.8970257526366e-12
"ENSG00000127423",2.05440167041422,2.28389343979212,3.6349856697443e-13,8.1335363179886e-12
"ENSG00000149609",2.04449835527375,-1.66252944024141,3.69475004425635e-13,8.26061760296638e-12
"ENSG00000036672",-2.0485721276513,1.09992936959286,3.73893492057458e-13,8.35269051774625e-12
"ENSG00000186462",-2.08549318994411,0.666486384008971,3.76749379631918e-13,8.40973555032306e-12
"ENSG00000188803",-2.8493666533254,-0.859323421879077,3.79257480867788e-13,8.458932089315e-12
"ENSG00000124942",-1.54461712595351,9.18227725126685,3.8081526933404e-13,8.48687106249011e-12
"ENSG00000144868",-2.50478247581126,1.22333450603389,3.85177883862543e-13,8.57722376610801e-12
"ENSG00000147526",-1.6394304772597,6.38702965309341,3.87177902439021e-13,8.61486320042919e-12
"ENSG00000136122",1.63682324417256,2.45950008960136,3.91213645744227e-13,8.69770194171397e-12
"ENSG00000159322",0.822454037451311,5.28248548174781,3.98104669412868e-13,8.84383799551126e-12
"ENSG00000263513",2.65377766330924,-0.416634003057163,4.00477384977408e-13,8.88944733310187e-12
"ENSG00000108342",-3.41376367223554,2.96404314038473,4.04449241413558e-13,8.97045195489258e-12
"ENSG00000105509",-3.10358126829071,1.17877556278807,4.05757148420124e-13,8.99228969642144e-12
"ENSG00000078674",-0.910720221492837,5.84371243319789,4.08057400240043e-13,9.03238061977527e-12
"ENSG00000166265",-1.45304542278025,2.63634267294392,4.08215670336084e-13,9.03238061977527e-12
"ENSG00000237649",2.04860671450956,5.03717241778337,4.10214416703505e-13,9.06939075657756e-12
"ENSG00000152492",-0.930839243537201,5.40485733914229,4.19888163367805e-13,9.27589315945096e-12
"ENSG00000275437",2.36282724540073,-0.402856402453205,4.33857243049895e-13,9.57688214360852e-12
"ENSG00000224743",-2.50687992859772,-3.27803689316522,4.4311850545372e-13,9.77355669483291e-12
"ENSG00000136518",1.13463183668179,5.59691246490582,4.47725973607817e-13,9.86735539140588e-12
"ENSG00000140534",1.8421334061674,3.10235223707948,4.71839921420462e-13,1.03881441942479e-11
"ENSG00000259660",-2.65088656916829,-4.21371585795176,4.72103486194561e-13,1.03881441942479e-11
"ENSG00000254986",1.0796913832802,5.751659322276,4.75835724957038e-13,1.0461991318759e-11
"ENSG00000223254",-1.66134651991851,-3.49687868955712,4.7828978232463e-13,1.05076411657148e-11
"ENSG00000117758",-0.698985818326974,5.05396815990294,4.81529552532834e-13,1.05704668071e-11
"ENSG00000279086",-1.7570733575512,-1.88725712649021,4.8713788835039e-13,1.06851467576415e-11
"ENSG00000137700",1.28121591543668,4.49627452486946,4.94329672302676e-13,1.0834350808317e-11
"ENSG00000196507",-1.28592926782342,4.15680945081916,5.04332826930305e-13,1.10448889097737e-11
"ENSG00000167874",-1.53580595571372,1.26209070529602,5.08822764857684e-13,1.11344512659219e-11
"ENSG00000006118",2.2248270739097,5.8878575313332,5.11747608584792e-13,1.11896511301642e-11
"ENSG00000104332",-2.84850961762087,3.70152492024543,5.15522172076652e-13,1.12633292788436e-11
"ENSG00000169057",-0.693428995398599,5.0891196505412,5.18060633736722e-13,1.13099061272523e-11
"ENSG00000164741",-1.61320640896624,4.009891075961,5.23670425917974e-13,1.14234082792601e-11
"ENSG00000132718",-1.82216650300903,3.30231516498747,5.30890529088363e-13,1.15718325121745e-11
"ENSG00000137802",-1.0486784189344,4.20881882772881,5.41627441424031e-13,1.17966202257843e-11
"ENSG00000163513",-1.38713180165198,5.90537719030504,5.46643974078331e-13,1.18965640461977e-11
"ENSG00000049246",-1.57352466128064,3.59399771061694,5.51719219613385e-13,1.19976283464481e-11
"ENSG00000259134",-2.20169037750179,-2.61728544462362,5.5575495713724e-13,1.20759473616078e-11
"ENSG00000145604",1.8089473680222,5.02680777606512,5.56310622168657e-13,1.20785849604815e-11
"ENSG00000227440",2.85319111834579,-1.4090189315355,5.82295445797675e-13,1.26329042386667e-11
"ENSG00000181789",0.863572150119924,7.38089572469216,5.96616112850711e-13,1.29335026864511e-11
"ENSG00000003096",-2.19783133360057,1.84229161852614,6.11476969916233e-13,1.32453340843304e-11
"ENSG00000011304",0.679860618910352,7.83684399097399,6.17415860597849e-13,1.33635699072436e-11
"ENSG00000143603",-1.87471444269084,1.51555409346139,6.38140765549475e-13,1.38014067746715e-11
"ENSG00000169683",1.46191135661543,4.89174442531812,6.44076379344172e-13,1.39189559741255e-11
"ENSG00000232160",-1.26926948988285,-0.558114629038208,6.46596566325164e-13,1.39625701080759e-11
"ENSG00000162881",-1.81987258838387,0.546849337762723,6.49680843877465e-13,1.40182880611047e-11
"ENSG00000185652",-2.38372869568067,-0.464640085178772,6.5984112868895e-13,1.42264816373843e-11
"ENSG00000006634",1.30130223912775,3.42384230846964,6.65696869567027e-13,1.43416166020664e-11
"ENSG00000178999",2.20061351499268,4.55462318670878,6.74840170295776e-13,1.45273449353223e-11
"ENSG00000161904",0.81306451985816,5.54742794991433,7.04720766052905e-13,1.51588543435649e-11
"ENSG00000030304",-2.44945507922059,-2.46491778144971,7.08895852382802e-13,1.5236878162537e-11
"ENSG00000255495",-1.87243737996842,-2.77678345472073,7.20267988627445e-13,1.54693541063283e-11
"ENSG00000099953",5.39904007414633,6.90963678526765,7.26143104175464e-13,1.55835016639137e-11
"ENSG00000104324",-1.58204500344815,4.17150153052703,7.34788137914265e-13,1.5756871611264e-11
"ENSG00000160688",1.0801052829653,5.4214884972407,7.41468217505669e-13,1.58878702106974e-11
"ENSG00000147862",-1.54525005942478,4.78591656593859,7.54434877459795e-13,1.61532696280133e-11
"ENSG00000110318",-1.63670891671249,1.61200024310526,7.55493040052745e-13,1.61634830176823e-11
"ENSG00000183722",-1.61770761861186,4.0898615463255,7.8079121211166e-13,1.66918877651511e-11
"ENSG00000169418",-1.91710883402448,2.60960439884682,7.82981328623577e-13,1.67173715040525e-11
"ENSG00000179218",1.08713607362815,9.63496692605881,7.83185383445883e-13,1.67173715040525e-11
"ENSG00000188483",2.05351946329799,4.28442239497129,8.18673244690136e-13,1.74614715909254e-11
"ENSG00000005249",-1.93247951421188,3.00619201639108,8.28852620928179e-13,1.76650405715521e-11
"ENSG00000119638",-0.820230666622576,5.46374683241936,8.36377556267212e-13,1.78117679727871e-11
"ENSG00000123219",1.94656397016696,2.76953443233111,8.44319650161584e-13,1.7962803205982e-11
"ENSG00000214357",-1.57457215244122,4.45999190103246,8.44761320009506e-13,1.7962803205982e-11
"ENSG00000234175",-1.61688729678623,-2.79340831320845,8.46208561291116e-13,1.79798309512527e-11
"ENSG00000267698",1.75088912862599,-1.00737292163684,8.66502159945221e-13,1.83969653240889e-11
"ENSG00000250423",-2.92138699951934,-2.65941981202797,9.00161833816511e-13,1.90970259984276e-11
"ENSG00000164093",-2.0845656271574,2.40915851549366,9.08388691241942e-13,1.92568709371282e-11
"ENSG00000156970",2.01120025656523,4.03960968103307,9.96305974829794e-13,2.11045377592849e-11
"ENSG00000203326",1.39103178667312,3.26466894369899,1.00100968324548e-12,2.11880382953626e-11
"ENSG00000162063",1.41830003791835,4.50828392808238,1.00973287297398e-12,2.13564261566732e-11
"ENSG00000105227",-1.3195024351699,1.96974151994281,1.02068179436513e-12,2.15715978318217e-11
"ENSG00000272870",-1.3006159045643,0.0243116907441954,1.03126037000013e-12,2.17786216179298e-11
"ENSG00000169718",1.18345067143998,6.73462962826752,1.08566011778831e-12,2.29100643824326e-11
"ENSG00000159459",-0.898862736920685,4.02398457719772,1.0960335561717e-12,2.31114338876448e-11
"ENSG00000186193",2.47779153555762,4.41706227914614,1.09733626403455e-12,2.31213738724188e-11
"ENSG00000127083",-3.02515822008272,0.261209425396276,1.10745053763217e-12,2.33168219554607e-11
"ENSG00000158186",-1.58557209055163,3.75146246789458,1.13083102183595e-12,2.37910765584896e-11
"ENSG00000104889",1.46065254551206,4.91541753522399,1.13494876914468e-12,2.38596599517921e-11
"ENSG00000136492",2.01189327714071,3.04658348404331,1.20154607637068e-12,2.52406352130647e-11
"ENSG00000123975",1.7845402853582,4.90664396916809,1.21699721086111e-12,2.55295305891492e-11
"ENSG00000103319",-0.93148549835812,4.89551074589364,1.21713434585309e-12,2.55295305891492e-11
"ENSG00000109099",-1.87301487534458,5.41717684257045,1.22795262435481e-12,2.57370356753431e-11
"ENSG00000080224",-2.83035489029396,-1.39624714339648,1.24490037126011e-12,2.60726009230855e-11
"ENSG00000198121",-1.59786926638279,3.54687563554924,1.29772624631706e-12,2.71487146640525e-11
"ENSG00000170381",-2.42614778429859,1.48787837182095,1.2982342970262e-12,2.71487146640525e-11
"ENSG00000070444",-0.838293678033313,4.40075194823525,1.32744192588409e-12,2.77386493498229e-11
"ENSG00000081181",-1.71947686814755,2.74500455333188,1.37465357373333e-12,2.87036335182021e-11
"ENSG00000123415",1.09145098441549,4.78913714546413,1.38004340350698e-12,2.87945590260611e-11
"ENSG00000187951",1.60236605342851,2.33111595315614,1.39768059442131e-12,2.91406974307646e-11
"ENSG00000169439",-1.79731118536935,5.09224815352713,1.41685003667343e-12,2.95182397528076e-11
"ENSG00000130653",-1.55780740734708,1.66872716542785,1.42652518569426e-12,2.96975636150558e-11
"ENSG00000225670",-2.70328998657581,-1.45813007279111,1.42915141092801e-12,2.97299836889609e-11
"ENSG00000278876",2.49168695326542,-1.66615824985734,1.45797421628837e-12,3.03069034959854e-11
"ENSG00000150991",-0.803257325871291,8.92363427091522,1.46117305084875e-12,3.03507140128874e-11
"ENSG00000182168",-2.00395689469017,1.43187595963478,1.48944960484966e-12,3.09149715370774e-11
"ENSG00000128881",-0.891927498850581,3.0607628221282,1.49854679097e-12,3.10805979845254e-11
"ENSG00000089472",-2.05119614564858,3.4830142503579,1.50972555281695e-12,3.12891183312205e-11
"ENSG00000204116",-1.01911684825356,2.69444163066481,1.51660895095866e-12,3.1408372861514e-11
"ENSG00000163808",1.9905040106855,3.44779242129289,1.52138056132232e-12,3.14837481786143e-11
"ENSG00000258537",-3.08334563022375,-3.13976593488216,1.52775256073482e-12,3.15921055551803e-11
"ENSG00000109790",-1.52856281505003,4.06339151779921,1.53990294439634e-12,3.18197032633696e-11
"ENSG00000068120",0.932644280205777,6.11585257392095,1.56124258294959e-12,3.22367037561818e-11
"ENSG00000197580",-1.83862511567291,0.355981708303348,1.56271546656233e-12,3.22431789847909e-11
"ENSG00000134057",1.9885181599923,5.63395048650977,1.572540824534e-12,3.24218517070157e-11
"ENSG00000100448",-2.93010910481504,1.16585310928062,1.58189945616592e-12,3.25906441291428e-11
"ENSG00000008283",1.23010863860611,6.41873058268385,1.60090985926026e-12,3.29578874282794e-11
"ENSG00000109775",-0.817094731872162,3.53951048605418,1.62896483615632e-12,3.3510650139065e-11
"ENSG00000189320",-2.59735632004396,-0.404274522152341,1.65848474697649e-12,3.40927097321930e-11
"ENSG00000167747",1.44960227421719,5.92689703560679,1.68259579207242e-12,3.4562804109978e-11
"ENSG00000126947",-1.83470198226861,2.74093218836121,1.70022570070343e-12,3.48991715229997e-11
"ENSG00000174442",1.13996532497284,3.99271837929632,1.71352156149036e-12,3.51461468950821e-11
"ENSG00000110880",-1.29809787874778,6.41581017006429,1.75129684169661e-12,3.58944871467264e-11
"ENSG00000150628",-2.40912670432997,-4.06726281939318,1.77228727998027e-12,3.62979573770922e-11
"ENSG00000175745",-1.81174569726439,3.49249988072582,1.82848025609454e-12,3.74212813559658e-11
"ENSG00000237489",-1.3742434676954,-0.189057549724182,1.8840696078731e-12,3.85306088263047e-11
"ENSG00000112769",-1.63801008210772,5.61026085699017,1.90928279155262e-12,3.90175475984225e-11
"ENSG00000109065",0.993838067351078,4.82348845257686,1.9284657565979e-12,3.93806300207469e-11
"ENSG00000126453",1.37043226935106,4.30518106454694,1.93759630764019e-12,3.95380529012448e-11
"ENSG00000163467",1.99799544198892,-1.00991603958014,1.95157130685746e-12,3.97940269484066e-11
"ENSG00000263264",-2.07304161726854,-1.85836091536171,1.98215040785539e-12,4.03879482004996e-11
"ENSG00000092009",-3.23892031536684,-0.399740094336899,1.99474690901899e-12,4.06148578188471e-11
"ENSG00000198142",-1.48522172745684,5.35734100824987,2.04046488221309e-12,4.15153253613699e-11
"ENSG00000185480",1.57806061479811,2.74461233647103,2.06060337088503e-12,4.18944163409541e-11
"ENSG00000278023",2.94866111852556,0.832342982048823,2.06492248052327e-12,4.1951562418403e-11
"ENSG00000277449",-1.39547421977845,-0.502325919597494,2.07144496315571e-12,4.20533567593064e-11
"ENSG00000101938",-3.22186058705155,2.43362243030047,2.14694999924336e-12,4.35544276651754e-11
"ENSG00000136160",-1.93562328461204,3.18253723883434,2.17362068913984e-12,4.40633471042613e-11
"ENSG00000248890",-2.15287236944958,-1.02399546239479,2.1995920122283e-12,4.45573580743669e-11
"ENSG00000172554",-2.58047858472783,-2.88823109018845,2.22373370552256e-12,4.50136139386454e-11
"ENSG00000163751",-2.3506829087956,2.6488247524288,2.25101731999169e-12,4.55327597970391e-11
"ENSG00000166509",-3.88885760631908,0.443203867528416,2.26336456254642e-12,4.57492431526916e-11
"ENSG00000248441",-1.81608993305971,-1.43641353087922,2.26735883288007e-12,4.57966966005035e-11
"ENSG00000162761",-3.53431333017307,-3.92794436778307,2.3890639947322e-12,4.82199106571021e-11
"ENSG00000145194",1.6852964952273,3.45791329875334,2.43989501388764e-12,4.92101522996787e-11
"ENSG00000129682",-2.02493253771266,0.654967256177705,2.47641772942156e-12,4.99105842814505e-11
"ENSG00000198513",-1.39913133174214,2.04650953164383,2.47890785912188e-12,4.99160804434918e-11
"ENSG00000162073",2.13199369483534,3.55545871999993,2.48027983938826e-12,4.99160804434918e-11
"ENSG00000269974",2.34664347971664,-1.3440937732487,2.49291384812322e-12,5.01340656962048e-11
"ENSG00000115840",-0.979557290910668,3.93222973190298,2.50150937341763e-12,5.02705781812605e-11
"ENSG00000165304",2.38921962691365,4.37047518392326,2.50708953482546e-12,5.03463402397837e-11
"ENSG00000135747",2.3281163613265,-1.8937754588844,2.51865131286013e-12,5.05420266699703e-11
"ENSG00000167900",2.02572754883422,6.04098567107562,2.52478691763103e-12,5.06286218746012e-11
"ENSG00000159055",1.29411873336078,3.87996393059713,2.54426852332446e-12,5.09825219302762e-11
"ENSG00000185298",1.04781570377776,5.14146185203688,2.5710905254576e-12,5.1482894733299e-11
"ENSG00000185129",-0.860505303015969,4.29655135750335,2.5887763366948e-12,5.17997383111456e-11
"ENSG00000100934",-1.14771849851304,5.32694393458352,2.62162641360131e-12,5.24193353281764e-11
"ENSG00000237857",1.85634620093128,0.0635812037195095,2.74407454282602e-12,5.48282652727157e-11
"ENSG00000160124",1.03333319205616,3.76080065915745,2.85108048840876e-12,5.69254139440868e-11
"ENSG00000174371",2.18808085977329,3.15856387683731,2.87778906576309e-12,5.74174657719288e-11
"ENSG00000104147",1.95150941908014,1.5916833056347,2.88250789869932e-12,5.74703886641751e-11
"ENSG00000130558",-2.29380688454555,1.95238560103505,2.98213811160955e-12,5.94141886090231e-11
"ENSG00000137135",1.68445429692219,2.90370228906419,3.00417748859565e-12,5.98104427274953e-11
"ENSG00000181218",2.43467814497797,3.68819653122819,3.09218404254595e-12,6.15185370352865e-11
"ENSG00000163644",-1.34249559164872,3.24102443829372,3.14437391624771e-12,6.25121313313777e-11
"ENSG00000239672",1.33425128697233,5.87439669372986,3.17955356719008e-12,6.31663738316126e-11
"ENSG00000123500",6.81671890014227,4.06639829691875,3.25000652831108e-12,6.44934416394034e-11
"ENSG00000185650",-1.12205152338128,8.1603601256023,3.2509907301781e-12,6.44934416394034e-11
"ENSG00000267206",-2.89004268760051,-2.32243899357282,3.29496294075915e-12,6.53191762447144e-11
"ENSG00000138074",1.77589293759182,5.73434319625063,3.4032899890577e-12,6.74185929242606e-11
"ENSG00000163322",-0.960983771958616,1.69794974976898,3.4302391751647e-12,6.79040869600398e-11
"ENSG00000166803",1.90068121760223,4.41764994248951,3.48801373426599e-12,6.89986671345235e-11
"ENSG00000179954",-2.18535440231079,3.48066856435416,3.56625344661615e-12,7.04962381739411e-11
"ENSG00000138395",-1.87277422492494,-1.78208200671305,3.59172690383594e-12,7.09493610627762e-11
"ENSG00000133083",-2.42835031493576,1.95889277693521,3.59763646915554e-12,7.10156587059070e-11
"ENSG00000257542",-1.89015308511928,-0.45155867305231,3.61873430898728e-12,7.1381459103449e-11
"ENSG00000100479",1.63525891234177,2.30956681105221,3.68752704782968e-12,7.26868814892183e-11
"ENSG00000261798",3.4590189871221,-1.75755425590777,3.80796140184005e-12,7.50076703040916e-11
"ENSG00000115520",-0.75144784437528,4.40798515908193,3.87288618592721e-12,7.62325431629112e-11
"ENSG00000164440",-1.91207363569906,-0.711696319355471,3.90206675783104e-12,7.67526044805902e-11
"ENSG00000073111",1.86888671733346,5.95873963802113,3.93726255231662e-12,7.73901649240864e-11
"ENSG00000188013",-2.00038260301966,-1.66231564119433,3.97712619652665e-12,7.81185105254207e-11
"ENSG00000149554",1.52473091331023,4.03224230131093,4.23775912393465e-12,8.31791069258958e-11
"ENSG00000160888",-1.12551354394609,6.69011449909858,4.28031894397599e-12,8.39552262262371e-11
"ENSG00000144802",-1.51201001158942,4.67168320695766,4.43862282782962e-12,8.69988842215822e-11
"ENSG00000137070",-1.27529339659164,2.59879764175261,4.56761840136012e-12,8.94484432931439e-11
"ENSG00000176907",-2.0587541447811,6.09610050299128,4.57002976735906e-12,8.94484432931439e-11
"ENSG00000271855",1.96920624980264,-1.05228502154289,4.66587775981612e-12,9.12602377874583e-11
"ENSG00000272476",1.61444157020939,-0.498557143992326,4.82294485973922e-12,9.42660332986134e-11
"ENSG00000188486",1.53353305371456,5.92235200300013,4.84391434059362e-12,9.46094027773388e-11
"ENSG00000156671",-0.932356396182371,4.35805032835839,4.88300268519661e-12,9.53059324093848e-11
"ENSG00000161179",1.54108712378163,4.62497986277778,4.90102581450741e-12,9.55906248098839e-11
"ENSG00000196366",2.51166025855612,-1.2437222984221,4.96230025617632e-12,9.67179096181022e-11
"ENSG00000189114",1.12449933680464,3.96667624131532,4.99744134722155e-12,9.73346191808634e-11
"ENSG00000102384",1.89885366342066,2.34211239376629,5.22912325663946e-12,1.01775790858582e-10
"ENSG00000128617",-1.24698975424799,0.902632116642959,5.47463218297759e-12,1.06479100659644e-10
"ENSG00000182150",-0.93586560494768,2.84170869511473,5.47843069945531e-12,1.06479100659644e-10
"ENSG00000226237",-2.32031541788054,-1.8468217450435,5.73867801315958e-12,1.11407076535921e-10
"ENSG00000108231",-3.23035626792844,-3.09197891433954,5.73998995706952e-12,1.11407076535921e-10
"ENSG00000162989",-3.18676103039704,-1.7257815623153,5.76330568397925e-12,1.11781604594501e-10
"ENSG00000272906",2.0371813606862,-1.18592456398764,6.08563742142144e-12,1.17951103555397e-10
"ENSG00000263050",-1.1545694855508,-0.598952319518203,6.09856222355517e-12,1.1811929743993e-10
"ENSG00000121621",2.09825169312026,2.63717891718815,6.10837897759797e-12,1.18227101255346e-10
"ENSG00000117862",0.807544585259003,5.99395197583439,6.14072861233909e-12,1.18770573640464e-10
"ENSG00000198455",-0.912382630429794,3.09188845692173,6.22897116025862e-12,1.20393589214922e-10
"ENSG00000109805",2.03703271107125,4.05828961029222,6.30767862490254e-12,1.21830184440565e-10
"ENSG00000236532",-2.64502992603578,-3.65834024398619,6.55584684908319e-12,1.26535578357773e-10
"ENSG00000141294",1.79274563165987,0.226491771193143,6.68447725733697e-12,1.28928825213809e-10
"ENSG00000108883",0.814235086778261,6.60400397519633,6.70337806361228e-12,1.29203779683471e-10
"ENSG00000111445",1.12068094769839,4.15007543467316,6.91754054463144e-12,1.33239304132849e-10
"ENSG00000096006",-3.44146320576318,3.44219154096615,7.43238366761032e-12,1.43056669167644e-10
"ENSG00000091972",-1.83420919853895,2.94728808812901,7.49197851125222e-12,1.44104009912488e-10
"ENSG00000272853",1.53978091531019,-0.269207048130593,7.64883814502543e-12,1.47019443902966e-10
"ENSG00000163902",0.881495292374822,8.13389575642183,7.65962831859799e-12,1.47125167420695e-10
"ENSG00000120705",-0.801987256516372,6.27874835657638,7.781138917957e-12,1.49355981176769e-10
"ENSG00000133142",-0.923872816266242,6.1359487281747,7.88939877643679e-12,1.51329550461404e-10
"ENSG00000119929",-0.873300538571728,3.28016379326709,8.12517058305937e-12,1.55744568867423e-10
"ENSG00000259363",-2.0203522274723,-3.00259087240766,8.18424222184763e-12,1.56768821567664e-10
"ENSG00000184661",2.08571781512073,2.84534610219927,8.21099835843586e-12,1.57173088329784e-10
"ENSG00000274270",2.29443919757421,-1.49157459288061,8.27414876227357e-12,1.58272970787562e-10
"ENSG00000071564",1.0022652357727,6.26524301867767,8.35507085732567e-12,1.5971105550158e-10
"ENSG00000132329",-2.33572319540302,3.58892095438793,8.4639872621099e-12,1.61681921511719e-10
"ENSG00000161692",1.2164325127778,3.13286969761588,8.56024319842001e-12,1.63408403622276e-10
"ENSG00000106462",1.74354905336077,4.39731370057401,8.68879567521225e-12,1.65748610503895e-10
"ENSG00000188157",1.58083284637393,8.42351252104841,8.79179882184893e-12,1.67598561091216e-10
"ENSG00000185630",-1.48661263804257,6.12023978636605,8.88804660267388e-12,1.69317287780937e-10
"ENSG00000101104",2.34016772256061,4.98555837115502,8.91465605398501e-12,1.6970795949999e-10
"ENSG00000259658",-1.9301815367877,-2.68135828186286,9.10408425039931e-12,1.73195550790941e-10
"ENSG00000090520",0.951326360363793,6.05540483393504,9.15456436300683e-12,1.74036841167675e-10
"ENSG00000013573",1.30800156674906,4.68463266139131,9.31225422993599e-12,1.76913747880608e-10
"ENSG00000140285",-2.53256674099895,3.13309978707574,9.43828268459199e-12,1.79185635704135e-10
"ENSG00000047849",-0.86106428609725,7.56578776270007,9.45239015968786e-12,1.79331055601227e-10
"ENSG00000179761",-1.88585731164804,-0.129341115087834,9.47351296575377e-12,1.79609281606346e-10
"ENSG00000271390",-2.17048347574385,-4.03848943566076,9.75280184255738e-12,1.84778390767744e-10
"ENSG00000055118",-2.63754692467853,2.54657217516654,9.80913210219487e-12,1.85719122640126e-10
"ENSG00000101189",1.03944299939695,4.45040525243823,9.94971463699031e-12,1.88252662039872e-10
"ENSG00000102802",-2.32592628215177,2.87539762349073,1.00969919614055e-11,1.90909338832476e-10
"ENSG00000063046",-0.816343270441987,7.46326174466574,1.01662018914054e-11,1.92087345927757e-10
"ENSG00000102678",-2.87391732566984,-0.779860746086524,1.03488531966527e-11,1.95405739279364e-10
"ENSG00000165490",1.7599008210668,2.92763792405389,1.04688237369018e-11,1.97536902709939e-10
"ENSG00000152818",-1.4138752951828,4.78077547332235,1.05083567671353e-11,1.98148424924972e-10
"ENSG00000265491",-0.712158599940009,4.8325891113414,1.05665644121902e-11,1.99111013547593e-10
"ENSG00000279267",-1.26789667803057,-0.904985418307362,1.0655801857428e-11,2.00656612769564e-10
"ENSG00000260917",-1.20180241369824,1.1703075059056,1.09379360896144e-11,2.05830051732372e-10
"ENSG00000100678",-2.48350038705193,-2.21633469294242,1.09661199869994e-11,2.06220889248421e-10
"ENSG00000150510",-1.82595333259363,0.907355294486551,1.10212280309889e-11,2.07117172449929e-10
"ENSG00000239382",1.3283867351401,1.80566754956518,1.117463615625e-11,2.09858308854681e-10
"ENSG00000156486",-2.30377726626668,-2.51634853690049,1.12014898353042e-11,2.1022067259738e-10
"ENSG00000175592",-1.97357768565399,5.03730696654094,1.1281410812577e-11,2.1157780103183e-10
"ENSG00000167302",1.07152045495101,3.75894134008735,1.1552918261279e-11,2.16523797574767e-10
"ENSG00000169607",2.17088704663594,3.62078900730715,1.15826144280395e-11,2.16934178509807e-10
"ENSG00000116688",-0.791741551215565,6.62527590501098,1.1612247703668e-11,2.17342830001425e-10
"ENSG00000169762",-0.723870239010847,3.63826144238639,1.16856536037781e-11,2.18418687438972e-10
"ENSG00000180481",-1.55993037413113,-1.45794103497614,1.16920704185446e-11,2.18418687438972e-10
"ENSG00000173517",-1.02753844904232,4.35840719844323,1.16932882320005e-11,2.18418687438972e-10
"ENSG00000183807",-1.69989829841135,-0.347797796012972,1.18258067896816e-11,2.2074574781303e-10
"ENSG00000152784",-1.89775099696811,1.53545578709242,1.1948004569537e-11,2.22877163710618e-10
"ENSG00000258289",-0.975886336015541,4.53055836528502,1.21137214813961e-11,2.25816980939725e-10
"ENSG00000136936",-0.733434771467733,2.96374838663095,1.21665540001646e-11,2.26649944009764e-10
"ENSG00000137807",1.84801550615613,4.52287490790651,1.22929990320144e-11,2.28852196838966e-10
"ENSG00000108840",-0.895611336884491,5.33691311259486,1.2307413435653e-11,2.2896728420456e-10
"ENSG00000112511",-0.812187229391862,5.170766885094,1.26849282329043e-11,2.35832826832732e-10
"ENSG00000272695",-2.30210270639816,-0.307425548913538,1.28407255469814e-11,2.38569872837805e-10
"ENSG00000179981",-1.11314891040608,3.83732029942615,1.28749115174542e-11,2.38975352875222e-10
"ENSG00000068489",1.98212866847158,4.23404252513035,1.28797344392894e-11,2.38975352875222e-10
"ENSG00000273373",1.74039735147596,2.02516506657029,1.30898920799606e-11,2.4271277894663e-10
"ENSG00000235997",-1.82338667880497,-2.077267678414,1.33719857139652e-11,2.47778173659237e-10
"ENSG00000140450",-1.44998216418304,3.76522012235311,1.35354433889329e-11,2.50640004644734e-10
"ENSG00000196526",-1.32143279980109,4.56986700785056,1.36702851901756e-11,2.52968491014207e-10
"ENSG00000183010",2.68467997755208,5.27841219721689,1.36988300668002e-11,2.53328165324411e-10
"ENSG00000159259",1.7039843303512,3.75174854842473,1.39002580061126e-11,2.5688230958406e-10
"ENSG00000111728",-1.98412406406685,1.3345527032091,1.45680864367244e-11,2.69045277599346e-10
"ENSG00000128944",1.39647803851052,3.91655743280368,1.46317205541832e-11,2.70041170387192e-10
"ENSG00000132286",-0.69774122114026,3.87940656236939,1.47447781921191e-11,2.71947291682633e-10
"ENSG00000261064",-1.7847185931816,-2.86735802692608,1.53734117192469e-11,2.83353678030096e-10
"ENSG00000264425",2.34559885437361,-1.13556454503602,1.54160443169001e-11,2.83951285156253e-10
"ENSG00000197565",-2.20248806103007,4.99957736077187,1.58379471622359e-11,2.91529334495876e-10
"ENSG00000112984",1.98671168114487,4.74694590005389,1.58666381163985e-11,2.91864289637163e-10
"ENSG00000161888",1.8184045945928,3.79985895392879,1.59029196731028e-11,2.92338337652352e-10
"ENSG00000117640",-0.76386541643895,4.91249727007583,1.60423895391316e-11,2.94707384578512e-10
"ENSG00000101096",-1.59043465144318,3.28173208671935,1.61075202996609e-11,2.95708555837933e-10
"ENSG00000013810",1.88477597345161,6.1679480667753,1.68079219151028e-11,3.08363279831632e-10
"ENSG00000072110",-1.48297433272759,7.7957151093089,1.69340778363055e-11,3.10472977495824e-10
"ENSG00000264176",-1.63348442530436,-3.37099327212583,1.70907695292502e-11,3.13139376098179e-10
"ENSG00000072571",2.03254941906133,3.80063612910808,1.71755846192797e-11,3.14486198167233e-10
"ENSG00000099785",-0.889793383104375,4.24848806741366,1.76461922095937e-11,3.22890489424625e-10
"ENSG00000138778",1.82254813016153,4.08726802248416,1.76708088272976e-11,3.23128340508631e-10
"ENSG00000198554",1.57401120678676,3.68039116201271,1.82708271183257e-11,3.33880758634686e-10
"ENSG00000081052",-2.23671469350393,1.78126060107475,1.86930602230729e-11,3.41372346673885e-10
"ENSG00000197253",-2.20140844347428,2.96182278522891,1.87448457579307e-11,3.42093435082235e-10
"ENSG00000255455",-1.14231438153089,1.64630495292591,1.87869450314056e-11,3.42636919448185e-10
"ENSG00000102781",-1.72750099446212,2.76471188251355,1.88824421813406e-11,3.44152925550214e-10
"ENSG00000005471",-1.43370728232152,-0.136666559209491,1.89792073798244e-11,3.4563270046225e-10
"ENSG00000143793",1.05699564500707,4.36310759784018,1.89884861865429e-11,3.4563270046225e-10
"ENSG00000013306",1.04297832838411,7.19655059503193,1.91619350037871e-11,3.48561738561368e-10
"ENSG00000130779",-1.0270985661718,6.12549117461544,1.95609401712175e-11,3.55587208485015e-10
"ENSG00000161036",0.939070209020386,4.26099188675147,1.96522731201745e-11,3.57014155644294e-10
"ENSG00000236708",-2.40637494021479,-3.02345020298737,1.96783815733069e-11,3.57255108810956e-10
"ENSG00000079819",-1.4100622931656,4.49405807310107,2.00325995891454e-11,3.63448592545924e-10
"ENSG00000057657",-1.62929390875451,4.21675718293384,2.03288292733167e-11,3.6858261315434e-10
"ENSG00000280065",-2.85439383695849,-2.96001337460788,2.05446808775082e-11,3.72253556512141e-10
"ENSG00000269881",-1.49214031910744,-2.98290574638032,2.0668050269213e-11,3.74245105558348e-10
"ENSG00000021762",-1.03954202708637,4.05792569795299,2.06929879142172e-11,3.74452877591492e-10
"ENSG00000090447",1.15554870418487,3.76617836821476,2.082343284926e-11,3.76568360101735e-10
"ENSG00000119640",1.23581132411916,2.76853730548351,2.09591158813914e-11,3.78775756990993e-10
"ENSG00000196866",4.37382808359774,-0.0897659480741767,2.10177427854675e-11,3.79588623436499e-10
"ENSG00000228451",-1.16520118220747,0.179159944035035,2.12514134084938e-11,3.83559741161868e-10
"ENSG00000271601",-1.29171148758184,4.12121404075816,2.14566831676736e-11,3.87013442893972e-10
"ENSG00000113163",-0.825343954412822,4.65088424711619,2.20602917698752e-11,3.97642835382721e-10
"ENSG00000115758",-1.566954415687,6.06028732042355,2.2134643336081e-11,3.98724634136283e-10
"ENSG00000261587",2.86159467047132,-2.32457310468793,2.22002399355773e-11,3.99647426102402e-10
"ENSG00000162512",-1.28114455257346,5.86824683038313,2.23374291273116e-11,4.01856996324655e-10
"ENSG00000163110",-1.09263487129218,5.9622290982807,2.23849426580598e-11,4.02451460988117e-10
"ENSG00000149636",1.18598875492753,4.33046487400546,2.25056878010628e-11,4.04360913960569e-10
"ENSG00000104738",1.49768684437256,6.72647237263103,2.25286134332703e-11,4.04511507694994e-10
"ENSG00000173171",0.912905006300835,3.73539232361824,2.28176954473224e-11,4.09437782887986e-10
"ENSG00000259319",-1.56795349453399,-0.821344684488843,2.34602255292589e-11,4.2069584309818e-10
"ENSG00000162222",0.794911826485652,3.7362495541724,2.36460339641706e-11,4.23754602220023e-10
"ENSG00000148773",1.97945903964936,6.44253584081265,2.37169758774905e-11,4.24752253754438e-10
"ENSG00000186871",1.98333925199829,2.39457607104143,2.37739339141118e-11,4.2549834231222e-10
"ENSG00000159147",1.41385519449828,4.020592290749,2.4163878047152e-11,4.32199318408641e-10
"ENSG00000108825",-2.0079873112244,-2.91421595772559,2.42132712855518e-11,4.32804443615072e-10
"ENSG00000104643",-0.836220658870191,3.05886248777896,2.49007511809726e-11,4.44807060113289e-10
"ENSG00000139988",-2.50952681254521,0.718835216996813,2.54265222799513e-11,4.53907486631762e-10
"ENSG00000275966",3.60304324105431,-1.33046408773952,2.5709112426023e-11,4.58657821619613e-10
"ENSG00000205363",-2.41460186926282,1.21115372285265,2.57453318931315e-11,4.59009561502351e-10
"ENSG00000066279",2.23666279758384,4.44763755394967,2.65869596878707e-11,4.73711152978057e-10
"ENSG00000078687",-1.10569037516979,3.10392742512514,2.66052860130536e-11,4.73734199667773e-10
"ENSG00000108773",1.16701252865692,6.08518319701537,2.69818833603955e-11,4.8013251561272e-10
"ENSG00000162630",-2.4714978614595,-1.40420690687695,2.71272894330583e-11,4.82411317775991e-10
"ENSG00000049540",-2.17882625925259,5.09224666514447,2.72519771445373e-11,4.8431900340001e-10
"ENSG00000121073",0.902725068987913,5.25984295244211,2.79035112180567e-11,4.95581326633341e-10
"ENSG00000007908",-2.56615448040345,3.41462133373999,2.81308337584179e-11,4.99299859172225e-10
"ENSG00000146592",-2.04811601983759,1.7809859950769,2.8327500325418e-11,5.02469876626817e-10
"ENSG00000130164",-1.66774825918335,5.7779363169291,2.84663638536291e-11,5.04611203225613e-10
"ENSG00000131747",2.04458311242946,6.90788914411859,2.8578736307754e-11,5.06280505049403e-10
"ENSG00000196792",-0.852073646119252,4.25484236205364,2.91217650577294e-11,5.15572025175448e-10
"ENSG00000249249",-1.22053458446325,-1.5425253697287,2.91535612252551e-11,5.15806614731565e-10
"ENSG00000273064",2.00300253969487,-1.47429608984524,2.92708354637397e-11,5.17552286556257e-10
"ENSG00000010810",-1.46588739208551,4.44576802677155,2.93690076167192e-11,5.18958201298482e-10
"ENSG00000104047",-0.756058490794092,3.33180111724988,2.97463457902399e-11,5.25292136802503e-10
"ENSG00000197275",1.52184253867961,1.79961899033316,3.05727121271858e-11,5.39101882321368e-10
"ENSG00000235927",-1.71417364332623,-2.76593107362686,3.05833998453242e-11,5.39101882321368e-10
"ENSG00000279587",-2.48155712558117,-4.22624391638748,3.0586516028588e-11,5.39101882321368e-10
"ENSG00000166634",-3.94852993358545,-1.65323646779896,3.07274552204974e-11,5.41243009529888e-10
"ENSG00000223695",-1.49250023966653,-3.34235089133307,3.0803698107059e-11,5.42242566741538e-10
"ENSG00000111012",2.4395332193947,1.8612057907019,3.09025783851712e-11,5.4363909717063e-10
"ENSG00000247416",-3.0892852641756,-3.6477099145913,3.11973333817002e-11,5.48477517917338e-10
"ENSG00000135437",-1.52102349884216,-0.884067250467572,3.14044127684541e-11,5.51769382393566e-10
"ENSG00000173457",1.34444542754557,6.53623433385672,3.17072107012656e-11,5.56737784870139e-10
"ENSG00000090512",-3.54790721038338,-3.07700138716501,3.18657209639341e-11,5.59168010832743e-10
"ENSG00000186806",-2.18431319442611,3.24308407358051,3.21468042116221e-11,5.63744681928024e-10
"ENSG00000155846",-1.42048637596082,2.88926110327906,3.23418019602429e-11,5.66806892199267e-10
"ENSG00000121361",-1.76601786869625,2.20903220931736,3.24107114746437e-11,5.67656875468681e-10
"ENSG00000279453",-1.13305976946665,2.13906745985398,3.25498931579522e-11,5.69481561331675e-10
"ENSG00000121552",-2.2314407764837,5.94278908516003,3.25558437607364e-11,5.69481561331675e-10
"ENSG00000137804",1.8547813768186,5.17825993902802,3.26166860766022e-11,5.70187234348546e-10
"ENSG00000092841",-0.942869940588207,9.35192166914175,3.29113062148625e-11,5.74976231001237e-10
"ENSG00000227220",-2.67080455949052,-3.80233234145713,3.30713560269054e-11,5.77409683098757e-10
"ENSG00000274818",-1.24861987480166,-1.95405330703711,3.3565845065079e-11,5.85675563861382e-10
"ENSG00000131876",0.89440763437335,4.87487549873666,3.39130266345854e-11,5.91362388581644e-10
"ENSG00000161653",2.17150476143266,1.62926479245101,3.48633981499304e-11,6.0724430306857e-10
"ENSG00000143384",-1.03160034341769,8.29703173742655,3.48674775105349e-11,6.0724430306857e-10
"ENSG00000186522",-1.00352768502426,5.33956460683559,3.4937741972299e-11,6.08087244978443e-10
"ENSG00000217275",4.055301306596,-0.280316986342724,3.62535509222458e-11,6.30594128705705e-10
"ENSG00000123136",1.07780270813987,6.10853307331523,3.65424507847841e-11,6.35221989798251e-10
"ENSG00000130052",-1.49966441299337,2.00498395802882,3.68339409502158e-11,6.39889069112025e-10
"ENSG00000169679",1.7411898742528,4.65424907710191,3.75402688761279e-11,6.51752495787607e-10
"ENSG00000170759",-0.833487999195079,6.96322468344136,3.82021131702386e-11,6.62829303558231e-10
"ENSG00000188368",1.80210231359344,1.11851986196365,3.82486716001957e-11,6.63223381057508e-10
"ENSG00000244945",-1.35217748351489,-1.84139519318294,4.03204943545358e-11,6.98712716188601e-10
"ENSG00000245869",-2.42384235703383,-3.1294530818228,4.05618248208628e-11,7.02457057124941e-10
"ENSG00000144031",-1.57641873264519,-1.27182689839941,4.07496634228048e-11,7.05270932656174e-10
"ENSG00000157514",-1.39699023812654,6.17874555575528,4.09855997050645e-11,7.08913236689652e-10
"ENSG00000078295",-2.37398576638745,0.267487445400271,4.14123233467641e-11,7.15848942972996e-10
"ENSG00000065328",2.10412456500076,3.46572807130393,4.14637704318437e-11,7.16293072683769e-10
"ENSG00000169306",-2.66050248287098,-2.98617790755481,4.17617259910675e-11,7.20992479819714e-10
"ENSG00000255090",-2.41204341505556,-2.94846098047019,4.20769433560378e-11,7.25983886824738e-10
"ENSG00000102760",-1.41694275087628,3.57218999274156,4.21094390587013e-11,7.26094128046906e-10
"ENSG00000147804",2.00516141741494,5.07092418868766,4.25761543518551e-11,7.33686853152507e-10
"ENSG00000101057",2.48291568105498,6.13497333482569,4.27524842359378e-11,7.36269253284297e-10
"ENSG00000198889",-3.61605393251119,-3.94439118052886,4.30081141097649e-11,7.40213290677532e-10
"ENSG00000110076",-2.09157543679322,1.09426620221529,4.32493241412751e-11,7.43904423216625e-10
"ENSG00000080986",1.91396619912581,4.09472450735616,4.34698201306433e-11,7.47234924161669e-10
"ENSG00000164885",1.06639075583509,3.83175034503953,4.57337328804264e-11,7.85665418531994e-10
"ENSG00000234638",-3.47156930613609,-1.98116741082129,4.65720757313592e-11,7.99573544639687e-10
"ENSG00000197409",3.50514282911121,0.49771504604134,4.69870804849657e-11,8.06200906556664e-10
"ENSG00000109794",-1.98441061213631,1.94772330977691,4.70694975791839e-11,8.07117099981406e-10
"ENSG00000145979",1.1796348390466,3.85336984606745,4.76337838289532e-11,8.16289851900602e-10
"ENSG00000103316",-2.44983802937043,1.61566588028051,4.80169050318529e-11,8.22348632789978e-10
"ENSG00000255717",1.21282573716138,5.26064496552399,4.81754241574761e-11,8.24555736671928e-10
"ENSG00000148824",1.28958176421232,2.79761949262155,4.86328802161014e-11,8.31777255968097e-10
"ENSG00000105173",2.23704697704108,4.21898831662069,4.86571601574837e-11,8.31777255968097e-10
"ENSG00000105835",-1.47257518163406,6.77119221608178,4.88258635382708e-11,8.34148490534353e-10
"ENSG00000133466",2.53739127155956,5.34088320328611,4.91871339833827e-11,8.39545768052554e-10
"ENSG00000249264",-1.11741606860449,0.941199200143394,4.92021573338246e-11,8.39545768052554e-10
"ENSG00000058262",0.745254911747873,8.26776608947272,4.97592047615531e-11,8.48530203576381e-10
"ENSG00000234636",-1.06218701919442,-1.51742862710793,5.0048211171582e-11,8.52935598845103e-10
"ENSG00000156052",-1.01223896743274,5.6667022541727,5.09807327133523e-11,8.67916641566846e-10
"ENSG00000249996",-1.55958973121652,-3.40602700400657,5.09896736173813e-11,8.67916641566846e-10
"ENSG00000272662",2.70075136182338,-2.83662085435592,5.13662573386354e-11,8.73791874837594e-10
"ENSG00000111727",-0.900124351801276,2.91887572304043,5.19644976599838e-11,8.83428223360103e-10
"ENSG00000153044",1.4250228795229,3.29268391036598,5.22889510727085e-11,8.88401097242054e-10
"ENSG00000164109",1.75228400021149,4.32188163914476,5.46152524025973e-11,9.27358983561318e-10
"ENSG00000090975",-1.21950186036998,3.47406884244148,5.47093658711172e-11,9.28390233662832e-10
"ENSG00000214826",1.69327178421514,1.6538267279482,5.64405595300305e-11,9.57183708663864e-10
"ENSG00000102100",1.17721381586659,5.31656068121391,5.69800973465893e-11,9.65744940585429e-10
"ENSG00000168569",1.04386457194402,3.99646445001657,5.72966567499034e-11,9.70518827152901e-10
"ENSG00000277763",-1.70166082761431,-3.12512866944833,5.78104138147171e-11,9.78625100078348e-10
"ENSG00000113595",-0.812123282187982,2.60017714225957,5.78789801183358e-11,9.79189826053086e-10
"ENSG00000104695",-0.841415750082731,5.40621151060131,5.94550661138069e-11,1.00524240354001e-09
"ENSG00000144935",-1.47633205351076,1.65592897603256,6.01076606917624e-11,1.01565878907654e-09
"ENSG00000170779",1.51266193582999,4.5780052481096,6.13086829230508e-11,1.03532386043644e-09
"ENSG00000198909",-0.869358185661944,4.33805306393,6.1518863395167e-11,1.03824280801564e-09
"ENSG00000213846",-1.39825357464096,-0.654532289515284,6.16201954759215e-11,1.03932231459782e-09
"ENSG00000249751",-1.54772012537133,0.950899677059523,6.225701237619e-11,1.04942683952665e-09
"ENSG00000262601",-2.17586706526503,-2.34592633084166,6.23172436839414e-11,1.04980587436794e-09
"ENSG00000232093",2.03380128151853,0.33618140080451,6.36433840308496e-11,1.07149723973972e-09
"ENSG00000100416",0.957118934351766,4.59729715973473,6.36909625939855e-11,1.07164957206686e-09
"ENSG00000279495",1.88939404284126,1.58948086552481,6.42481881564123e-11,1.08037173953706e-09
"ENSG00000119004",-0.665750208922281,3.99887536051147,6.46605858287256e-11,1.08664947048601e-09
"ENSG00000179967",1.50310446573475,3.98119956767336,6.48961906396912e-11,1.08995033228365e-09
"ENSG00000181135",0.934477028242106,3.47730067341207,6.49683939295309e-11,1.09050449026074e-09
"ENSG00000015475",1.21296318137622,5.34344588010366,6.59428994206137e-11,1.10619412640864e-09
"ENSG00000169258",2.71755078950605,2.80533181199959,6.71356752153213e-11,1.12552413186482e-09
"ENSG00000109184",-0.712177574548666,4.42811344395915,6.83567162407792e-11,1.14530442699084e-09
"ENSG00000117262",0.978670391393491,1.67655234881494,6.94478117400563e-11,1.1628850017617e-09
"ENSG00000105737",-2.07657692792341,0.689006819021139,6.96111916012006e-11,1.16491941757172e-09
"ENSG00000108379",2.39308869688967,1.75755942835388,6.97235688477976e-11,1.16609838867336e-09
"ENSG00000200253",-1.44429467216474,-3.27922141117733,7.00440941787617e-11,1.17075504290499e-09
"ENSG00000169764",-0.711822135971105,6.02886528832312,7.08321342692088e-11,1.18321570596367e-09
"ENSG00000241839",-1.2122703335443,4.63130512403713,7.10710570322037e-11,1.1864941832153e-09
"ENSG00000154359",-1.1043191873169,3.65609156175213,7.17211514545538e-11,1.19662890546221e-09
"ENSG00000164591",-1.99230357816349,-1.35271399531314,7.20231039438857e-11,1.20094639687727e-09
"ENSG00000154269",-2.08639537223327,-2.33368697812496,7.22083921871404e-11,1.20331456674711e-09
"ENSG00000101353",-1.26868203626789,-0.497425837376268,7.44751446726848e-11,1.2403456280128e-09
"ENSG00000243742",3.51437387669308,1.38273895413127,7.48810298518585e-11,1.24635911625957e-09
"ENSG00000254122",-1.8342322578207,0.272988327972927,7.61541414765852e-11,1.26679134981356e-09
"ENSG00000118816",-0.782431175945105,7.66664860278795,7.6279083082942e-11,1.26811125988396e-09
"ENSG00000108001",-1.73836093292067,0.620414315854191,7.64911182768794e-11,1.27087662642464e-09
"ENSG00000145386",1.82973656879942,4.63046276033277,7.65696300543459e-11,1.27142156459792e-09
"ENSG00000188460",-1.61142839258611,-3.25285406340667,7.75454761920334e-11,1.28685699840634e-09
"ENSG00000036473",-3.3265416101506,-4.26353543082581,7.8038556192074e-11,1.29426736038769e-09
"ENSG00000080166",-2.7166593624279,-3.58813870461355,7.93417667100142e-11,1.31509687574829e-09
"ENSG00000058804",1.05571312549657,5.05099642959216,7.9426495867201e-11,1.31571717066972e-09
"ENSG00000126787",2.04178818356151,4.17041059005679,8.26384570976596e-11,1.36810917098643e-09
"ENSG00000135211",0.834050715234853,3.43031873553473,8.4705937362492e-11,1.40144600643955e-09
"ENSG00000071539",2.11626398497209,4.44392126063958,8.47528919149797e-11,1.40144600643955e-09
"ENSG00000172336",1.03882203907553,4.69539945315324,8.60543047258758e-11,1.42212024797432e-09
"ENSG00000136161",-1.09422674054562,3.00976821340385,8.70314553735191e-11,1.4374144111067e-09
"ENSG00000228878",-1.11739788084343,-0.864421511700164,8.73945863070698e-11,1.44220904500806e-09
"ENSG00000243364",1.37013604807017,3.75681817342289,8.74254647065615e-11,1.44220904500806e-09
"ENSG00000276763",3.52409059181868,-3.61429944393109,8.83479402357597e-11,1.45656269222121e-09
"ENSG00000111364",0.866467585440596,4.142643732353,8.84293671327111e-11,1.45704146212209e-09
"ENSG00000265179",-2.72905837914438,-2.81098088444487,9.42565204387198e-11,1.55213534811256e-09
"ENSG00000280304",-2.08815843183412,-3.70949233716424,9.45541548077942e-11,1.55532907041288e-09
"ENSG00000270069",-1.72527204880615,1.68710618147523,9.45623074845638e-11,1.55532907041288e-09
"ENSG00000136451",-0.728062923388775,5.00991041931901,9.58483606358423e-11,1.57554991392712e-09
"ENSG00000108839",-2.08958467392826,2.34784868391053,9.6018559331241e-11,1.57741535184867e-09
"ENSG00000123091",-0.768900027354214,5.92131186278316,9.74378026476277e-11,1.59978607145128e-09
"ENSG00000132004",1.03852830149351,3.38735183007898,9.78699013627283e-11,1.60593248767054e-09
"ENSG00000138080",-1.95779686236377,6.08918994990286,9.88905410290007e-11,1.62172324153278e-09
"ENSG00000132680",1.19202715113215,5.17202841164463,1.0037061580135e-10,1.64502530187563e-09
"ENSG00000146670",1.93820143745135,4.83270316226296,1.02472836645384e-10,1.67849058045822e-09
"ENSG00000171408",-1.75268565137021,2.26453960856029,1.05849528642885e-10,1.73277983528227e-09
"ENSG00000163918",1.43143355328816,4.37337281097937,1.06607206011974e-10,1.74415660047708e-09
"ENSG00000162944",-1.23799470754198,0.868982100800377,1.07763522550501e-10,1.76203812621816e-09
"ENSG00000113368",1.58023558218893,5.58337537780974,1.08546911819779e-10,1.77380449967303e-09
"ENSG00000138443",-0.741889232186574,4.8431128362534,1.09042260774943e-10,1.78085284728919e-09
"ENSG00000172171",0.844677484350377,2.3942899891017,1.09753285983117e-10,1.79141322948851e-09
"ENSG00000203814",3.66940894956847,1.44574129819113,1.112437464769e-10,1.81467584795426e-09
"ENSG00000107317",-2.33717465976218,4.92328835983363,1.11823647754533e-10,1.82306630421853e-09
"ENSG00000140299",-0.649520112555648,5.4246038361096,1.12310752914516e-10,1.82993495653863e-09
"ENSG00000260871",-1.70387376387639,-3.3834588797011,1.13787664611124e-10,1.85291353385784e-09
"ENSG00000164045",1.6848055432738,3.31804705393646,1.15632716102031e-10,1.88185648504727e-09
"ENSG00000262185",-1.70949853864426,-3.0675030331896,1.15871644293061e-10,1.88464213024731e-09
"ENSG00000101400",-1.28743307098115,4.07384238197926,1.16499542637788e-10,1.89374738713314e-09
"ENSG00000012048",1.41322305036795,4.06300083213956,1.16635515710132e-10,1.89485023273710e-09
"ENSG00000111206",2.08194473617124,5.3682985310127,1.16827773260696e-10,1.89686564956202e-09
"ENSG00000101115",3.12447590462074,1.82294724802653,1.17672779191937e-10,1.90947083294361e-09
"ENSG00000138658",1.4035157131725,2.32865940749356,1.20864539776482e-10,1.96011979288822e-09
"ENSG00000214770",1.76549145118579,-2.03332178181404,1.21069362178043e-10,1.9622973020151e-09
"ENSG00000135596",-1.15265262113201,5.31278123039925,1.21961708501393e-10,1.97560920125174e-09
"ENSG00000174456",0.786342232779919,2.74609672514735,1.23501853546299e-10,1.99939292938487e-09
"ENSG00000112624",-0.801390461613274,3.78003849781525,1.23911346837526e-10,2.00387512565009e-09
"ENSG00000100532",-0.72243858528853,2.46647817169945,1.23922813652542e-10,2.00387512565009e-09
"ENSG00000183508",-1.56946857009467,3.39086200176568,1.24789624108918e-10,2.01671924191826e-09
"ENSG00000019995",-0.967760505421748,3.2342159597953,1.25572953851931e-10,2.02820009609974e-09
"ENSG00000182481",1.51384183609774,6.85040301172203,1.26238283164789e-10,2.03776283787712e-09
"ENSG00000114346",1.69959112444127,5.02082834678478,1.26396584496331e-10,2.0391346894411e-09
"ENSG00000144366",-1.77769995099691,2.33890770807743,1.27083469192443e-10,2.04902755284025e-09
"ENSG00000272953",2.09579627659441,-1.33347381045829,1.28379749751856e-10,2.0687288411636e-09
"ENSG00000126215",1.16453613923343,3.84519649356285,1.28911358994897e-10,2.07609243064567e-09
"ENSG00000174165",1.00988775739165,4.29099756997274,1.29683849775656e-10,2.08732460289949e-09
"ENSG00000279384",-1.77843695192136,-1.59544848197956,1.29849273233006e-10,2.08867943267948e-09
"ENSG00000262251",1.66888035727314,0.227934570730478,1.29918218765883e-10,2.08867943267948e-09
"ENSG00000160193",1.12146217579071,3.90867413080379,1.30185745398229e-10,2.0917713095095e-09
"ENSG00000232559",-0.703762583705422,1.97341727936766,1.31003213997659e-10,2.10369075688042e-09
"ENSG00000138160",1.65100390432566,4.82441625853739,1.31658769398033e-10,2.11299789571119e-09
"ENSG00000139618",1.72830281055028,3.2186701506634,1.32576730152743e-10,2.12650322706934e-09
"ENSG00000213468",3.73254557042547,0.834297799313973,1.32700635063179e-10,2.12726384035285e-09
"ENSG00000183549",-2.06083480848734,-2.02910395364679,1.35318819637584e-10,2.16798521346781e-09
"ENSG00000078596",-2.10707939244881,3.28490363144625,1.35654742761871e-10,2.17211592425787e-09
"ENSG00000235437",-0.887094957294391,3.97716933615538,1.35774609196744e-10,2.17278435304318e-09
"ENSG00000198963",-2.4333392342431,-0.329127641969915,1.36082350180587e-10,2.17645681746559e-09
"ENSG00000173442",-0.920160533197323,6.3863831554829,1.37894295744359e-10,2.20180775832229e-09
"ENSG00000189159",1.38224554384938,7.30979056320764,1.37903608538673e-10,2.20180775832229e-09
"ENSG00000169689",1.21174628279312,5.32309282590626,1.37904904720722e-10,2.20180775832229e-09
"ENSG00000272986",-1.40030112750578,-1.48020464776801,1.38204213012508e-10,2.20532058319959e-09
"ENSG00000111247",1.8370016456314,3.19084243774948,1.39475409207635e-10,2.22432887402062e-09
"ENSG00000204237",1.211755049033,4.40497762308027,1.41387282195614e-10,2.25248950758462e-09
"ENSG00000245468",-1.64516788219052,-2.4722235406929,1.41403181254908e-10,2.25248950758462e-09
"ENSG00000124788",-1.32801407199113,4.22608685543954,1.43976011984312e-10,2.29216074488819e-09
"ENSG00000170373",7.74089139974585,4.40616546291195,1.45090859950365e-10,2.30858815091505e-09
"ENSG00000158373",2.35399428286612,3.84745407659732,1.45742094889693e-10,2.31762429111895e-09
"ENSG00000197586",0.983491818510406,5.9500719929295,1.47339514216376e-10,2.3416879479429e-09
"ENSG00000171503",-0.797627205837612,3.53675620863205,1.47832829449036e-10,2.34818645657683e-09
"ENSG00000270412",-1.91822319835255,-2.29801970548349,1.53631645537509e-10,2.43890237290795e-09
"ENSG00000133454",-2.59981924546011,0.228583673648543,1.53806361728597e-10,2.44028313676981e-09
"ENSG00000007168",-0.635342369835049,6.22188082458272,1.55693793963458e-10,2.46882069071018e-09
"ENSG00000215386",-2.28741880686858,-0.237665610716177,1.56752231318958e-10,2.48418792574028e-09
"ENSG00000185271",-2.76904367368952,-3.9118908282645,1.57794303109689e-10,2.49927844669121e-09
"ENSG00000168303",0.816695634787245,4.4250176560035,1.59501423635003e-10,2.52410335503265e-09
"ENSG00000101842",-2.41170236566342,1.45386852992131,1.59543152416043e-10,2.52410335503265e-09
"ENSG00000108797",-1.37974643259921,2.75788503751747,1.59837948494164e-10,2.52732965404672e-09
"ENSG00000163507",1.62279003178737,3.30238356185365,1.60579256087274e-10,2.53677196612641e-09
"ENSG00000110651",-0.886845422969562,8.33777508864045,1.60617532533297e-10,2.53677196612641e-09
"ENSG00000115507",2.39894317767492,1.77519815812908,1.60988627206458e-10,2.54118994806653e-09
"ENSG00000164620",1.64033222308294,1.32324132019204,1.63075423679281e-10,2.57266974406798e-09
"ENSG00000278619",1.20314546850472,3.2338253762704,1.64777746192883e-10,2.59805184516024e-09
"ENSG00000186310",-2.02853296819805,0.361004323231411,1.66767239437837e-10,2.62793044220088e-09
"ENSG00000183576",-0.667116254347586,5.40121359904812,1.69155871814842e-10,2.66406130395595e-09
"ENSG00000162849",2.75455980584726,4.01850878153617,1.79377988592088e-10,2.82345217697326e-09
"ENSG00000102181",-1.23598351539749,4.57619531095782,1.819866228513e-10,2.86289250077104e-09
"ENSG00000265142",-2.70956028139343,-2.46154364303974,1.82872382982426e-10,2.87497115372695e-09
"ENSG00000257222",1.72773283022308,-2.18376763267243,1.82961167155528e-10,2.87497115372695e-09
"ENSG00000088305",2.20517998324613,3.67207132775818,1.84036500647698e-10,2.88947261882048e-09
"ENSG00000109047",-2.09996035658448,-3.52214932706096,1.84091808886128e-10,2.88947261882048e-09
"ENSG00000166979",-1.74158151546138,3.28603667290428,1.86214022231571e-10,2.92113401033653e-09
"ENSG00000143476",1.76486404272673,3.74506571639122,1.87167199192799e-10,2.93443140425553e-09
"ENSG00000060718",5.78619601502492,4.68895618941756,1.93118551152622e-10,3.0260316975819e-09
"ENSG00000168491",-1.90780489015773,-1.74463730305984,1.98738568753158e-10,3.11233998464616e-09
"ENSG00000104879",-2.12708369957145,-0.468285076593032,1.9995522224813e-10,3.12963117410649e-09
"ENSG00000169218",-2.36403965066227,-1.98485402676461,2.01853294051373e-10,3.15756224266076e-09
"ENSG00000126233",-3.29002261974789,1.30715227035878,2.02953464072428e-10,3.17298746275798e-09
"ENSG00000232284",-1.56244109095625,-1.17687391720854,2.08520658230808e-10,3.25819385807498e-09
"ENSG00000088970",-1.17831188918332,3.96204048002696,2.1125347852817e-10,3.29797396663184e-09
"ENSG00000124279",0.993627813218623,2.73236904298959,2.11303692824864e-10,3.29797396663184e-09
"ENSG00000008300",2.63561152134764,4.10505126662319,2.16442287002926e-10,3.37628117129129e-09
"ENSG00000118160",-2.21209505035287,0.289545472472841,2.17883711627237e-10,3.39686080240379e-09
"ENSG00000142875",-1.1822621541995,4.91086977363788,2.18023686677385e-10,3.39713882216141e-09
"ENSG00000152253",1.79356602899238,2.59947935539233,2.19100315281856e-10,3.41200283814908e-09
"ENSG00000140367",-0.898021336117904,4.71148581083129,2.20986761673424e-10,3.4394542822736e-09
"ENSG00000069974",-1.08107643153413,3.90545972935386,2.26587234557378e-10,3.52464807312324e-09
"ENSG00000143499",1.0910275832366,5.08123011719208,2.28911421704694e-10,3.55881127550177e-09
"ENSG00000257913",2.44451737714251,-1.3085934519266,2.31299117276047e-10,3.59349251982556e-09
"ENSG00000170369",5.99375614127136,-0.111911742065427,2.31400607737662e-10,3.59349251982556e-09
"ENSG00000089685",1.92489593528185,5.56569135523496,2.32036390497029e-10,3.60135498264166e-09
"ENSG00000112078",-0.711239450366158,5.42295914745283,2.33754009923921e-10,3.62599011601451e-09
"ENSG00000053702",-1.02752619102802,1.28391891058772,2.33896146388041e-10,3.62617253037379e-09
"ENSG00000251034",-1.18814073068612,-1.0616729175291,2.34779100481575e-10,3.63783349397997e-09
"ENSG00000145743",-0.820816065545735,3.83796686282352,2.36904173712394e-10,3.66871702865413e-09
"ENSG00000216331",3.71081728786705,-1.30898135891983,2.41909958342419e-10,3.74415229347674e-09
"ENSG00000049541",1.04796311613705,4.90465906467843,2.44097490614847e-10,3.7759085130538e-09
"ENSG00000229503",-1.4341506610667,-2.7999940911483,2.44873643098553e-10,3.78580913590887e-09
"ENSG00000168887",0.900068648794518,4.85511859914766,2.48175846347374e-10,3.8347304524775e-09
"ENSG00000183621",-0.955847035832379,2.59116715442653,2.52689241413706e-10,3.90230198303131e-09
"ENSG00000277075",3.50881586095533,1.25887434385459,2.54055742791768e-10,3.92122773266784e-09
"ENSG00000268222",-1.31430341876055,-2.32611417701677,2.56041946071425e-10,3.94969198340795e-09
"ENSG00000125835",1.11231820171865,7.58715025191305,2.58952993520594e-10,3.99238337515981e-09
"ENSG00000109501",-1.08991578049543,5.63445821407409,2.60155399322229e-10,4.00869923620452e-09
"ENSG00000047648",-2.06304231750371,2.44231246739163,2.61093323346816e-10,4.02092392150886e-09
"ENSG00000115307",0.860691889866924,7.0758808184304,2.62621127561153e-10,4.04221440003229e-09
"ENSG00000273983",4.25344501680348,0.81104264381626,2.63981016857143e-10,4.0608982421724e-09
"ENSG00000076248",0.966093911331506,5.49990361720917,2.70473807679399e-10,4.15847872470267e-09
"ENSG00000127989",0.764384095692132,2.73048598431608,2.73068298205408e-10,4.19604893811437e-09
"ENSG00000132646",1.33866775588556,6.80662736332758,2.76137995317463e-10,4.24087579445864e-09
"ENSG00000273821",2.20532118137816,-1.9289064234251,2.78181222880968e-10,4.26989754524745e-09
"ENSG00000152953",-1.92199066729571,0.265827646864008,2.79267274837593e-10,4.28420337289463e-09
"ENSG00000196911",-0.91371655959849,2.50404883825971,2.8121340547722e-10,4.31168051077063e-09
"ENSG00000162951",-3.08491287618193,-3.09807227938688,2.8346424826019e-10,4.3437967696202e-09
"ENSG00000233175",2.10017536883217,0.0542639208446001,2.8786038564713e-10,4.40873397907689e-09
"ENSG00000180329",0.770103340071124,4.30235867799193,2.89477120145877e-10,4.43105511426378e-09
"ENSG00000178764",-0.96274463371599,4.164509421299,2.98098181176117e-10,4.56050864304255e-09
"ENSG00000271888",1.99567215966834,-1.08666215420442,3.01405514669949e-10,4.60857151155322e-09
"ENSG00000079462",1.64099826018174,5.60411071375211,3.03872803411529e-10,4.64374411059607e-09
"ENSG00000221829",1.2309141435505,4.34863909171369,3.08047947478428e-10,4.70496296717053e-09
"ENSG00000115295",-1.45410009919181,4.02164922113454,3.09548020849427e-10,4.72527942035407e-09
"ENSG00000156876",1.19596174464087,2.79229996938635,3.13398935219331e-10,4.78143970666772e-09
"ENSG00000111275",-1.78810357598533,5.41462731076345,3.18959117045593e-10,4.86329674182697e-09
"ENSG00000164897",1.0586019836784,5.46462219844302,3.19168029850141e-10,4.86329674182697e-09
"ENSG00000239556",-1.66303418687835,0.37999183475785,3.19288816401541e-10,4.86329674182697e-09
"ENSG00000160993",0.812749193048592,3.291994557563,3.20488909033127e-10,4.87890422930397e-09
"ENSG00000260947",-2.52222041680256,-1.8183147498127,3.27309800168573e-10,4.98001502849482e-09
"ENSG00000165609",1.04124708685942,5.65822960830817,3.34492667831679e-10,5.08651972137917e-09
"ENSG00000141577",1.29728229607221,4.67192536431887,3.34962271057366e-10,5.09087740159482e-09
"ENSG00000180628",-0.864642774395021,4.65858438016067,3.38255355023039e-10,5.13811916398459e-09
"ENSG00000259305",1.31379896006121,0.0270742079749959,3.46219909359669e-10,5.25519407415251e-09
"ENSG00000242085",1.74300042394351,-1.65153667313624,3.46340586701239e-10,5.25519407415251e-09
"ENSG00000105726",0.79246237041694,6.07906625515421,3.47013464294648e-10,5.2625329784226e-09
"ENSG00000225706",-2.64703103326415,-2.22718183898675,3.58318266975304e-10,5.4310114220077e-09
"ENSG00000179639",-2.18792871142193,0.263088340409193,3.60112687634925e-10,5.45523648212972e-09
"ENSG00000166275",-0.741238946459929,3.40735324923986,3.64825599746456e-10,5.52362243100064e-09
"ENSG00000071626",0.633429660394081,6.74888837200325,3.67128163662422e-10,5.55546007396243e-09
"ENSG00000227544",-1.82537481708075,-2.6654503978208,3.68602887191429e-10,5.57474285016596e-09
"ENSG00000198939",-1.52628787010426,-0.651622117964035,3.70746919767487e-10,5.60412178233321e-09
"ENSG00000100129",-0.969695212135699,6.36427945356009,3.7118147165051e-10,5.60764273276244e-09
"ENSG00000167670",1.0910443503386,4.94605658762092,3.81443990093052e-10,5.75955575269167e-09
"ENSG00000102145",-1.8322007376496,-3.24578399420127,3.82297922551875e-10,5.7693174823306e-09
"ENSG00000238184",-1.56335181066718,-3.36787694371098,3.94079706957505e-10,5.94389310716327e-09
"ENSG00000134201",-2.25325717724674,2.03905412955769,3.94547787431458e-10,5.9477277028895e-09
"ENSG00000204220",1.12196564429442,5.15524187864456,3.94826442617224e-10,5.94870414328973e-09
"ENSG00000164616",-3.73897848485972,-3.43935028890033,3.98997816909738e-10,6.00829793270739e-09
"ENSG00000185624",0.908431435282575,9.64198168164525,4.08967611811909e-10,6.15509533946137e-09
"ENSG00000109103",0.96134589727005,4.7766894570508,4.09986468438937e-10,6.16709229134243e-09
"ENSG00000159363",0.999650736435692,5.68147345413213,4.10457274558414e-10,6.1708368525909e-09
"ENSG00000116044",-0.912388561794354,6.63767180538148,4.13081592321576e-10,6.20693588721772e-09
"ENSG00000122966",1.53413488085682,4.3491452077667,4.14717170939054e-10,6.22814723289843e-09
"ENSG00000156787",1.05921941370301,2.86192439400395,4.18642749729384e-10,6.2837079321227e-09
"ENSG00000181626",-2.62053415027996,-3.45586377681302,4.226708974917e-10,6.34074739586659e-09
"ENSG00000050030",-2.55010062904555,-1.26204346013993,4.2326425310237e-10,6.34334146226704e-09
"ENSG00000263293",-1.68122929948385,-2.34492784178119,4.23299958795083e-10,6.34334146226704e-09
"ENSG00000169122",-1.85739236780701,1.46559277068527,4.24780404121865e-10,6.36209875058775e-09
"ENSG00000187866",-0.67699262962765,3.49318234139455,4.27536360969081e-10,6.39992939054523e-09
"ENSG00000255559",2.10551077586146,-1.32726696863357,4.31648579937196e-10,6.45801073361658e-09
"ENSG00000184992",1.27185423384697,4.42809331798366,4.37237185350917e-10,6.53465506725792e-09
"ENSG00000097046",1.48046384427236,3.32884990290344,4.3724132888099e-10,6.53465506725792e-09
"ENSG00000120254",1.52931359020619,4.71082140637237,4.4078694322594e-10,6.58410700963645e-09
"ENSG00000120875",-1.65347516793823,5.4268344051127,4.41396033796144e-10,6.58966606976497e-09
"ENSG00000159167",-1.75944696468587,4.73148039420196,4.45907355011023e-10,6.65344488461459e-09
"ENSG00000173846",-1.22689852629644,4.33897595072385,4.65428387586348e-10,6.94099718173678e-09
"ENSG00000245614",1.6060332562086,-0.0127045262592846,4.69621265115407e-10,6.99977290817514e-09
"ENSG00000077684",-1.11243255383941,4.17769716893485,4.72972544556216e-10,7.04594824946012e-09
"ENSG00000118193",2.01664185795265,3.27379544359317,4.7487823787568e-10,7.07055055141129e-09
"ENSG00000171817",-1.35678384281527,-0.201958681341998,4.75990785309991e-10,7.08332354832894e-09
"ENSG00000167081",-1.02108689086441,3.88127221015148,4.76667077965157e-10,7.08959435264434e-09
"ENSG00000279692",3.05320425253639,-0.0684220969214701,4.81190065782831e-10,7.15304078012714e-09
"ENSG00000141524",1.35682153693228,6.27328258512071,4.88808410576158e-10,7.26240829239032e-09
"ENSG00000246430",-2.36916312751117,-2.69080994939629,4.92032870513359e-10,7.30641229449442e-09
"ENSG00000253520",-1.6539760767228,-1.560664745017,4.93677854001115e-10,7.32692750978283e-09
"ENSG00000124635",3.12932056855387,1.85690429155922,4.95887754795199e-10,7.35580059953007e-09
"ENSG00000148841",-1.28798304347636,5.04134140380878,4.98055783124041e-10,7.38402211941842e-09
"ENSG00000066933",-0.978816312285679,4.18505946639467,5.05848765308373e-10,7.49556297790186e-09
"ENSG00000105464",3.61343348197719,4.0814236997981,5.13592876071311e-10,7.60626126846187e-09
"ENSG00000173207",1.49050692735463,4.70621660708634,5.1602533703503e-10,7.63821857315343e-09
"ENSG00000272100",1.9283599697639,-2.09329339488069,5.16723779586916e-10,7.64448855406962e-09
"ENSG00000256525",0.920768192052205,2.88015799502348,5.18575763341948e-10,7.66780845604976e-09
"ENSG00000120915",-1.69029612325755,2.97342635881145,5.25677483593225e-10,7.76868642464314e-09
"ENSG00000168061",1.54047894397004,3.6534093132736,5.30084037483434e-10,7.82964807993985e-09
"ENSG00000133943",-1.11842578515368,4.81736537328287,5.3247345343639e-10,7.86076653950442e-09
"ENSG00000134222",1.55570234553221,3.1942838921197,5.34660526222829e-10,7.88745615758929e-09
"ENSG00000138593",-0.86758399818043,4.57052432776625,5.3484853533288e-10,7.88745615758929e-09
"ENSG00000166960",-2.23039897072198,-1.86709844703648,5.36371440818866e-10,7.90572277874675e-09
"ENSG00000160584",-0.821577176187225,4.38184704031951,5.40479835258352e-10,7.96205808158927e-09
"ENSG00000196118",1.65988262979634,0.304377939191503,5.46771162447472e-10,8.05047450563872e-09
"ENSG00000203808",-2.4365956257352,-1.98668757628682,5.50741595329495e-10,8.10464338142818e-09
"ENSG00000159450",-2.57842403541592,1.42502699165313,5.52298556701162e-10,8.12325740747193e-09
"ENSG00000184162",1.01352310593583,4.50263671448527,5.53408121744176e-10,8.13527488904374e-09
"ENSG00000173546",-1.81772389923205,5.21119416437219,5.56720374167108e-10,8.17964277163749e-09
"ENSG00000263400",-1.76215548459888,-1.66429536110912,5.60774743055866e-10,8.23353972637225e-09
"ENSG00000176697",-2.01743114380851,0.514024258659196,5.6098075653383e-10,8.23353972637225e-09
"ENSG00000174680",-2.0738257494813,-3.69990539786161,5.69294131104981e-10,8.35114855929475e-09
"ENSG00000114654",-1.61491164590733,0.995734277007786,5.7147081171337e-10,8.3786598240295e-09
"ENSG00000183741",-1.35135723582158,5.44566943341409,5.76819458501263e-10,8.45262360342236e-09
"ENSG00000131591",1.23423550992311,4.1353568197328,5.8024661079613e-10,8.49836702794775e-09
"ENSG00000227473",-1.61607825861749,-0.9230532294816,5.84036377595188e-10,8.54937040529208e-09
"ENSG00000131462",1.01307930357567,5.52618295319523,5.86099343814268e-10,8.57505578616846e-09
"ENSG00000123094",-1.45710828943153,3.49599378126159,5.91265751906399e-10,8.64609587685209e-09
"ENSG00000213235",-1.29136537360712,-2.26775333901605,5.91720007544661e-10,8.64819157637396e-09
"ENSG00000148481",-0.726655344205669,3.60503548163812,6.09298515778006e-10,8.90043047233912e-09
"ENSG00000235151",-2.17092761584204,-3.89417301252126,6.11579579279599e-10,8.92906185748214e-09
"ENSG00000138794",1.03185272473093,4.13797226774411,6.2489257741946e-10,9.11864494006686e-09
"ENSG00000114554",1.35449626436092,6.6039582518417,6.25348474743214e-10,9.12051239015889e-09
"ENSG00000189057",2.17656052108635,3.52826191632797,6.2780628205607e-10,9.15155981280161e-09
"ENSG00000168496",1.50355457322266,5.37022690531917,6.36090877777382e-10,9.26746756606722e-09
"ENSG00000203288",2.15766632282691,-0.998946695683705,6.40163513329999e-10,9.32192031217134e-09
"ENSG00000108370",-1.86767854309497,0.0532124040779693,6.52472144119155e-10,9.49618406299636e-09
"ENSG00000146426",-1.06784517064382,2.10898330886402,6.56066083199611e-10,9.54349684729643e-09
"ENSG00000155016",-1.22058113680571,2.23879695509595,6.57145277151144e-10,9.55419842833495e-09
"ENSG00000147113",-1.30837951463828,3.02026018622727,6.58223560506612e-10,9.56487559475987e-09
"ENSG00000269067",-3.03978410694522,-3.94617576934606,6.61192617022209e-10,9.60300274529436e-09
"ENSG00000160789",-0.990246608973506,8.84309847776476,6.62407493793484e-10,9.61562610901783e-09
"ENSG00000163873",-2.48415679019176,-0.492625652130392,6.65294586264191e-10,9.65249782356075e-09
"ENSG00000230018",-1.96974784267515,-2.99037344959231,6.7730265226407e-10,9.82159471711187e-09
"ENSG00000097096",-1.36187951054035,1.76585006292314,6.80009561859914e-10,9.8523796709671e-09
"ENSG00000244038",0.85117499172494,7.7725996039016,6.80134072852868e-10,9.8523796709671e-09
"ENSG00000130520",0.920308424495266,6.37213570957382,6.807187827293e-10,9.85571655598647e-09
"ENSG00000151725",1.58853415816864,4.10579413724233,7.04119200951959e-10,1.01892129740254e-08
"ENSG00000140044",-1.30071661870596,4.06789329349005,7.17703605046392e-10,1.0380390206529e-08
"ENSG00000273391",1.71316504003289,-0.892830359842187,7.39199791325557e-10,1.06857400187826e-08
"ENSG00000167550",1.88690609608791,0.712893544378253,7.3989751242205e-10,1.06902698768802e-08
"ENSG00000204687",-3.07821287499348,-4.42730785973558,7.42206165693695e-10,1.07180581964895e-08
"ENSG00000272954",3.4051449983783,-1.62982512465348,7.47134156710389e-10,1.07836234045594e-08
"ENSG00000171792",0.905996931024658,4.75326617489487,7.50095061279804e-10,1.08190185133173e-08
"ENSG00000162631",-2.59015533491419,0.645078125525279,7.50364459504155e-10,1.08190185133173e-08
"ENSG00000163328",-1.40380799059787,2.41200984805777,7.75453673938111e-10,1.11749704835444e-08
"ENSG00000002587",-1.62744540288122,4.67516482918127,7.76430858844479e-10,1.11832581445062e-08
"ENSG00000088356",1.0570272823405,4.45203005439924,7.90289389200225e-10,1.1376976595148e-08
"ENSG00000270804",1.45834767859801,1.60113903261095,7.95196463024065e-10,1.14416964439153e-08
"ENSG00000229178",2.37242207713757,-2.23719262999273,7.99132689653875e-10,1.1492387537406e-08
"ENSG00000265148",-1.56632240491073,-1.19007330109843,8.02008286014648e-10,1.15277811157237e-08
"ENSG00000121104",-1.05729790625461,3.35848663535384,8.08978763334035e-10,1.16219660870917e-08
"ENSG00000133687",-1.88809974763515,3.44618416289843,8.11047380207797e-10,1.16456689652656e-08
"ENSG00000205581",0.825124675095402,6.96930397136219,8.20446026270686e-10,1.17745435132438e-08
"ENSG00000136997",-1.66568723785145,6.32428643576801,8.21208001697937e-10,1.17794008000128e-08
"ENSG00000131153",1.5744122912814,3.94348133973813,8.22191106771921e-10,1.17868393700204e-08
"ENSG00000131409",-1.92099651756854,0.675474071973492,8.22574163779875e-10,1.17868393700204e-08
"ENSG00000129195",2.1394073069369,3.20518138841841,8.32495737504218e-10,1.19228650603526e-08
"ENSG00000271314",3.03569579433795,-2.08234111990591,8.49368074415649e-10,1.21582471712416e-08
"ENSG00000138111",1.30815831259864,2.81463485324766,8.51453047171697e-10,1.21818228400136e-08
"ENSG00000213186",1.19663603850615,2.95005837272713,8.52078605334289e-10,1.21845050129371e-08
"ENSG00000272501",-1.1989803946912,0.0940015431601138,8.58563833682294e-10,1.22672205177719e-08
"ENSG00000277619",-2.33216411634891,-3.36494706186163,8.58745131704664e-10,1.22672205177719e-08
"ENSG00000178343",-2.82911438644717,-0.995505048629564,8.61438173629903e-10,1.22993736771912e-08
"ENSG00000089737",-0.711132516442981,6.37206361854609,8.62262286980133e-10,1.23048234929597e-08
"ENSG00000260589",1.86415577533108,-1.65211317663093,8.62854288836146e-10,1.23069570950768e-08
"ENSG00000279145",-1.60602424972444,-2.60725774089973,8.73984815979886e-10,1.24538645898799e-08
"ENSG00000161996",1.26393539924001,4.7184983319961,8.74049677469007e-10,1.24538645898799e-08
"ENSG00000177602",1.87331345405697,1.49020280849075,8.85714419937185e-10,1.26136073536677e-08
"ENSG00000050628",-2.27836032143875,1.69969003886603,9.15857773252814e-10,1.30362089291098e-08
"ENSG00000135119",2.15595856407536,1.91562374502907,9.19745777451375e-10,1.30848538661151e-08
"ENSG00000219159",7.63024292395087,-1.52671054026571,9.28708034544456e-10,1.32056015157387e-08
"ENSG00000178695",-1.44171901995976,5.46036360536036,9.39182641350728e-10,1.33477193683637e-08
"ENSG00000023902",-1.39120873258994,5.44695211993821,9.42890861266361e-10,1.33921421455709e-08
"ENSG00000167004",0.870379325540378,8.64521385117045,9.43271364583951e-10,1.33921421455709e-08
"ENSG00000272123",-1.34929277644539,-3.00026508211298,9.6279322805899e-10,1.36572417516859e-08
"ENSG00000131196",-1.57555227793527,3.14073900360822,9.62925648979116e-10,1.36572417516859e-08
"ENSG00000196890",2.83310216116335,0.713390882210228,9.7632692512933e-10,1.38402552337523e-08
"ENSG00000138180",1.7663456976125,4.57189933172086,9.78953790472578e-10,1.38704237261405e-08
"ENSG00000125895",2.84376826525206,2.24366243659072,9.97166957374686e-10,1.41212854304797e-08
"ENSG00000158270",-2.10930332218095,3.44407919487332,1.00280820815062e-09,1.41915445153743e-08
"ENSG00000177640",-1.11473963199774,0.0807811103606215,1.00314876198993e-09,1.41915445153743e-08
"ENSG00000242802",0.844652475440616,5.16019293644883,1.01870781610621e-09,1.44043317180285e-08
"ENSG00000256028",1.45458808520123,-1.03664857902083,1.04688061836326e-09,1.47951680073869e-08
"ENSG00000023516",-0.901338937843963,4.93191371346945,1.04916545329535e-09,1.48199282643492e-08
"ENSG00000175832",2.57077353892786,4.71575019982749,1.06185064448233e-09,1.49914984644604e-08
"ENSG00000092295",-2.65526141397383,4.31382488236191,1.0733545984419e-09,1.51462260002357e-08
"ENSG00000128965",2.18822178727094,2.03587356190349,1.07532877990017e-09,1.51663891254379e-08
"ENSG00000229274",-2.46348183299323,-3.5626345529117,1.07700655194105e-09,1.51823533852693e-08
"ENSG00000127564",1.87370729788738,4.13407114913987,1.08131490916406e-09,1.52353655362614e-08
"ENSG00000272097",1.56550154522709,-1.52671788404837,1.08564504995771e-09,1.52886307718854e-08
"ENSG00000080839",1.19008632517603,3.69580716509016,1.09731289945595e-09,1.54451233160771e-08
"ENSG00000177311",-0.950739270584616,5.27187275750978,1.09798704812828e-09,1.54467950276134e-08
"ENSG00000137812",1.69529501638806,3.71431318837937,1.10488050340673e-09,1.55359157943637e-08
"ENSG00000176444",0.964492074499528,5.30955105413903,1.10906944992593e-09,1.55869371454218e-08
"ENSG00000154429",1.18944143456215,3.58224376743311,1.12380262598924e-09,1.57860214326458e-08
"ENSG00000039650",0.975986696610947,5.11746310557057,1.12921512747174e-09,1.5854043584236e-08
"ENSG00000160209",1.13819124104183,7.10565896612416,1.13225545102986e-09,1.58887088090279e-08
"ENSG00000141447",-1.23368056959722,4.37541963489484,1.13909900304759e-09,1.59766820835918e-08
"ENSG00000164535",0.738589403493405,4.30837501085106,1.14457967520941e-09,1.60454609408263e-08
"ENSG00000245149",1.27853271125436,0.752869512262513,1.16043751069801e-09,1.62525972417022e-08
"ENSG00000103066",1.13311935151247,4.62028614518761,1.16052414777337e-09,1.62525972417022e-08
"ENSG00000169241",1.23838305713886,5.78871388453197,1.17323554769168e-09,1.64223453890029e-08
"ENSG00000280129",1.91805119785374,-2.03696151172773,1.18221396012333e-09,1.6539696616152e-08
"ENSG00000171357",-1.54345532226236,-0.445703089218149,1.18546851766316e-09,1.65768908405055e-08
"ENSG00000167700",1.46403771500353,4.20108491972313,1.19575429543133e-09,1.67123187029305e-08
"ENSG00000124657",4.08574377573246,-1.54633869321169,1.20016500070972e-09,1.67655395101655e-08
"ENSG00000205038",-2.23805240271147,-1.80294065758843,1.22362566441451e-09,1.70846890584141e-08
"ENSG00000091656",-2.09177087421125,2.37877404670143,1.23678101994211e-09,1.725970421859e-08
"ENSG00000197989",1.2207786100603,4.09289742299771,1.24944257663279e-09,1.74276561604252e-08
"ENSG00000151093",0.852284123991028,2.98674866460542,1.26672783215698e-09,1.76583533669253e-08
"ENSG00000162929",1.12367152395886,3.50178847239871,1.26725176429666e-09,1.76583533669253e-08
"ENSG00000146197",-2.07761355041219,2.1711205093519,1.29337919887527e-09,1.8013397926048e-08
"ENSG00000256663",2.18613739106648,-0.613520140407894,1.3004784305147e-09,1.81032065004531e-08
"ENSG00000014138",1.06052516515895,4.35448707250502,1.30240850361876e-09,1.81210043577532e-08
"ENSG00000116698",0.658952002694814,6.0919035751891,1.31030007834116e-09,1.82151759617582e-08
"ENSG00000164106",-2.75127091723268,0.712054686275682,1.31048671842225e-09,1.82151759617582e-08
"ENSG00000272468",2.90928002209321,-0.0254172921063814,1.31694727392327e-09,1.82958314333805e-08
"ENSG00000236304",-1.92475791674941,-2.60015515047096,1.33178389797366e-09,1.84923120341294e-08
"ENSG00000101158",0.798771557052799,6.39056019258188,1.33241985101914e-09,1.84923120341294e-08
"ENSG00000125898",1.24307079181828,4.96873249567066,1.35560138706892e-09,1.88046590416698e-08
"ENSG00000117593",1.20912730132894,4.61882821063248,1.35935939286966e-09,1.88473892292541e-08
"ENSG00000082482",-2.46831484314297,-0.923453681999731,1.36895408248397e-09,1.89709615825244e-08
"ENSG00000070081",-0.922974085870751,4.90761742261026,1.3870493331458e-09,1.92121529396335e-08
"ENSG00000233009",-2.42134537546524,-2.99203529935659,1.39367577862537e-09,1.9294327740621e-08
"ENSG00000130449",-1.00058951162458,3.44873214820425,1.39972757047974e-09,1.93684691133099e-08
"ENSG00000269397",2.23391484713607,0.434228757371954,1.40202799292572e-09,1.93889496306943e-08
"ENSG00000118971",-1.77905798842198,5.10193898045106,1.40260190044069e-09,1.93889496306943e-08
"ENSG00000267466",-2.32750260734669,-2.6489653396836,1.40504010930242e-09,1.94130057426866e-08
"ENSG00000100154",-1.27140236774491,3.79278570417818,1.4233726288046e-09,1.96565357124838e-08
"ENSG00000163026",0.866991179647127,3.02792404735941,1.45463301292017e-09,2.00782669917363e-08
"ENSG00000154479",-1.49312414864124,-2.05145887567192,1.47400310346823e-09,2.03355398396636e-08
"ENSG00000146757",1.26005750646687,2.85726154188948,1.47503573465964e-09,2.03396970193795e-08
"ENSG00000105771",0.883311033657085,5.10349152097741,1.4835322566196e-09,2.04467208391283e-08
"ENSG00000154065",-2.11312006638645,1.21335109224706,1.49207859280449e-09,2.05543248646218e-08
"ENSG00000102893",-0.721560599578419,5.25256366849015,1.5097520961281e-09,2.07874925988172e-08
"ENSG00000084710",-1.72915109633818,0.519091122110224,1.51166110443307e-09,2.08034786232543e-08
"ENSG00000105438",0.768712733198996,7.53818509529586,1.52463105241322e-09,2.09715941942478e-08
"ENSG00000273723",1.63788899855321,-0.44801539250651,1.52782692654067e-09,2.09978805017242e-08
"ENSG00000155093",-1.81452562793784,1.96838416787484,1.52805199494804e-09,2.09978805017242e-08
"ENSG00000150990",0.740826248224096,4.70775899054309,1.53487091239114e-09,2.10811677463382e-08
"ENSG00000164023",-1.39251388480689,3.82477910575517,1.55218932613405e-09,2.13052632774426e-08
"ENSG00000131791",-0.940527427293387,4.05745534857239,1.55271882441219e-09,2.13052632774426e-08
"ENSG00000250026",-4.16962160737213,-2.62601240065569,1.56881324165077e-09,2.15154845611601e-08
"ENSG00000117632",1.65862215174064,7.70134766826617,1.60056253941718e-09,2.19400916258305e-08
"ENSG00000172893",1.48287693569129,5.77618385389554,1.61211759514038e-09,2.20875993466204e-08
"ENSG00000165996",-1.77970120490745,1.73190055520454,1.63017733036621e-09,2.23240384487816e-08
"ENSG00000032219",-0.753401270075908,3.64668488298504,1.63519758066093e-09,2.23817668852965e-08
"ENSG00000172059",-1.11701676382952,3.79257192775197,1.63762684912711e-09,2.2403991910857e-08
"ENSG00000106367",0.974942646044323,5.59138359131266,1.65479464472094e-09,2.26251246578169e-08
"ENSG00000203896",1.52164271220596,1.59551983223424,1.65541756296183e-09,2.26251246578169e-08
"ENSG00000146001",-1.39094295870969,-1.89388430028701,1.6800055302872e-09,2.29498987298025e-08
"ENSG00000168393",1.14294855830774,4.73509786536146,1.69034292823319e-09,2.30797780377761e-08
"ENSG00000227372",-1.52723217385878,2.56472404322932,1.70855121144335e-09,2.33169454582306e-08
"ENSG00000234754",-2.76686425159611,-4.03990486175673,1.71069919285519e-09,2.33348095394219e-08
"ENSG00000145014",1.22070014856916,3.85828809907656,1.71938856525646e-09,2.3441840277195e-08
"ENSG00000224870",0.760867993328807,3.92326792668668,1.74422767304681e-09,2.37688408968402e-08
"ENSG00000064205",-2.43776712816863,2.63671304099315,1.7724425747434e-09,2.41415011416935e-08
"ENSG00000156469",0.835483397165086,4.02520104806319,1.77708354450634e-09,2.41928656991458e-08
"ENSG00000107669",-0.841883019983244,4.24561986963904,1.78594153270736e-09,2.43015615700537e-08
"ENSG00000269399",1.52740129560619,-0.197154917017482,1.81817390116802e-09,2.47280541384773e-08
"ENSG00000169116",-1.75556675483647,4.8374039889812,1.81966415613401e-09,2.47362263805255e-08
"ENSG00000274641",4.81976068237869,-0.796113269463133,1.83021114722198e-09,2.48674463300855e-08
"ENSG00000152147",0.894396537655863,3.54703808301469,1.84177476164331e-09,2.50123444558522e-08
"ENSG00000087157",0.661981842216259,4.62507520293927,1.84477072354514e-09,2.50408043601567e-08
"ENSG00000110900",-1.71440057992665,2.33823547429869,1.8608410617884e-09,2.52466207080589e-08
"ENSG00000101665",-1.12049583481456,4.03918390824565,1.8631656272698e-09,2.52658340279156e-08
"ENSG00000105865",0.814502507536555,2.75758535370678,1.86538225272386e-09,2.52716945661788e-08
"ENSG00000132563",-1.8475928723235,1.68099702398077,1.86541505570651e-09,2.52716945661788e-08
"ENSG00000139289",-1.55785382775823,6.6578687562138,1.86657199858718e-09,2.52750569604212e-08
"ENSG00000160404",0.935067988140136,3.59837651302151,1.88583626742223e-09,2.55234861828781e-08
"ENSG00000196990",-2.37089035594093,-3.05400601541291,1.89703810933917e-09,2.56626074586821e-08
"ENSG00000271662",2.6090822302302,-1.21530051169407,1.91397924244364e-09,2.58696514476343e-08
"ENSG00000100625",1.62716415083933,2.97611880020317,1.91420352638088e-09,2.58696514476343e-08
"ENSG00000243335",-0.956672172138873,2.77962911399501,1.91743279307442e-09,2.59007082437003e-08
"ENSG00000233237",-1.92334093320528,-2.46918672017988,1.92938710010206e-09,2.60495356384167e-08
"ENSG00000125901",1.02927485465993,5.63546607052481,1.93903948002512e-09,2.6167154322144e-08
"ENSG00000163596",-1.14316377768431,1.61767293657578,1.9417362807185e-09,2.61908395614081e-08
"ENSG00000175792",1.03143372825597,5.69325541225844,1.94750247967937e-09,2.62558829216298e-08
"ENSG00000101146",0.758176689597985,5.03032647688199,1.96288804801979e-09,2.64504870540574e-08
"ENSG00000069667",-1.39505219497621,2.71074453087239,1.97152309459723e-09,2.65539815157544e-08
"ENSG00000151422",-1.00487635820689,3.36981868490327,2.00769312942343e-09,2.70280585714685e-08
"ENSG00000118257",-1.70274318599518,5.00074043092408,2.02210467073266e-09,2.72089004388426e-08
"ENSG00000157985",-0.870501665920397,4.05218052604889,2.03056144283896e-09,2.73094803721856e-08
"ENSG00000198912",0.619713584678263,4.23405293425834,2.03674043110688e-09,2.73793434559573e-08
"ENSG00000255399",-2.00012625942876,-0.768632235070559,2.04055228408826e-09,2.7417333660554e-08
"ENSG00000120693",-1.67850272157456,2.23772890430537,2.06432878655871e-09,2.77234073107472e-08
"ENSG00000168002",0.848007319377788,5.58985407687859,2.07242556481443e-09,2.78187124682354e-08
"ENSG00000177084",0.984363477867019,5.40386514745778,2.08179741089064e-09,2.79310329904011e-08
"ENSG00000241218",-1.93189093451304,-3.6017746454736,2.11716379682e-09,2.83918402511835e-08
"ENSG00000280355",-1.47771531895756,-1.75045883537385,2.1254381733421e-09,2.84890659832115e-08
"ENSG00000000460",1.55927800931909,3.29997185692222,2.12663201198934e-09,2.84913372588919e-08
"ENSG00000253485",-1.4354185483855,-0.746618909582479,2.14339619099612e-09,2.87021079731223e-08
"ENSG00000271698",2.7276328704127,-3.12616054822172,2.17217966472949e-09,2.90735481304722e-08
"ENSG00000108344",0.932302886602947,7.03904793424902,2.20023192481801e-09,2.94348487373561e-08
"ENSG00000254533",-2.2336899289482,-4.02834289317404,2.23632502739312e-09,2.99033211475408e-08
"ENSG00000204316",0.844526948347233,2.69386598690157,2.28868117714223e-09,3.05887023449577e-08
"ENSG00000124802",0.94713604892708,3.4022331392768,2.32160262220742e-09,3.10138010237536e-08
"ENSG00000111981",3.08049534039978,-0.289101259152035,2.32958083298057e-09,3.1105440090105e-08
"ENSG00000099901",1.102728310057,6.14390377246208,2.34177443771475e-09,3.12532497294436e-08
"ENSG00000272599",1.57600140062629,0.346163552478761,2.3506789390719e-09,3.13570423656627e-08
"ENSG00000101493",-1.27423821003974,3.57976847127127,2.38088435427001e-09,3.17447442690853e-08
"ENSG00000087266",1.01867395557913,5.457698924301,2.397088765719e-09,3.1945486267821e-08
"ENSG00000135338",-1.03209217478884,1.90848026150588,2.41409665490796e-09,3.21567386316835e-08
"ENSG00000272909",-0.883127789572674,-0.530161954482505,2.41651895874166e-09,3.21735958829497e-08
"ENSG00000165891",2.17863406174007,2.86134526747476,2.47182272753321e-09,3.28941653209958e-08
"ENSG00000197258",-0.984898512221386,0.325655588784413,2.48663732112915e-09,3.30754872369991e-08
"ENSG00000159596",0.767107908902438,4.71863311427955,2.49433179207348e-09,3.31619742509272e-08
"ENSG00000103852",-0.831329218533595,3.42230705010834,2.50820364417165e-09,3.33304672505237e-08
"ENSG00000221955",2.0418392560321,3.81619273612465,2.52486976602874e-09,3.35333407937441e-08
"ENSG00000272511",-2.2453254059954,-2.18670310776375,2.52588174461201e-09,3.35333407937441e-08
"ENSG00000233818",2.67175885701277,-0.383688391352795,2.55782261915855e-09,3.39411834478324e-08
"ENSG00000119729",-0.849652686596414,5.2969155783024,2.58092031694099e-09,3.42313480090986e-08
"ENSG00000250015",-1.92561381327556,-3.89803797442667,2.6057608838159e-09,3.45443410207682e-08
"ENSG00000228126",-1.87127294153052,-3.30105910450292,2.62977709420278e-09,3.48461125874521e-08
"ENSG00000103351",-0.929522960682672,3.23012061805281,2.63261080796294e-09,3.48670497151777e-08
"ENSG00000120688",-0.661743599017604,3.36635123955563,2.64081284527281e-09,3.4949621915539e-08
"ENSG00000156642",-0.783840093996653,6.0995790035259,2.64135854695513e-09,3.4949621915539e-08
"ENSG00000143630",1.53157502554242,2.79502217895705,2.65328895329546e-09,3.50907872838833e-08
"ENSG00000136270",0.766608527660262,6.03320901833693,2.6895912000854e-09,3.55539924182392e-08
"ENSG00000267414",-1.64008099152133,-0.941169219172122,2.6976978430049e-09,3.56442138277888e-08
"ENSG00000040608",2.24948230800335,2.28235294939447,2.70736348565979e-09,3.57549385691622e-08
"ENSG00000179593",-2.27882361080689,2.15990132021955,2.7125569712437e-09,3.58065244618895e-08
"ENSG00000224905",-1.57529236013235,-1.00274466115302,2.74037984250708e-09,3.61566340415795e-08
"ENSG00000156802",1.42795582736802,5.33291735949838,2.76657050186043e-09,3.64848863765975e-08
"ENSG00000177000",-0.787543996924877,3.79551227044369,2.77649580180747e-09,3.65984254671427e-08
"ENSG00000120057",-2.96885343703436,-1.80282412396699,2.77927728470519e-09,3.66177352532001e-08
"ENSG00000136271",0.696509097018672,6.07259650019748,2.7852360949704e-09,3.66788690858957e-08
"ENSG00000175305",2.01852271327736,2.06492090024964,2.80311373484614e-09,3.68968302448063e-08
"ENSG00000197465",-1.7778126161464,-2.74667727009268,2.83176233199914e-09,3.72562941059092e-08
"ENSG00000205795",-1.88494437693895,0.863625521455098,2.84392270283019e-09,3.7398592025445e-08
"ENSG00000198668",-0.707980173386011,7.93964852200638,2.85354497951984e-09,3.75073943834525e-08
"ENSG00000114021",0.80510703722846,5.38217155788355,2.8762854348313e-09,3.77884396783008e-08
"ENSG00000131351",0.907303774518422,3.17408085621946,2.9135805366468e-09,3.82603472454001e-08
"ENSG00000172037",-1.16770466841502,6.81122503880731,2.9219204597083e-09,3.83517573128206e-08
"ENSG00000143515",-1.5225670410605,3.85669606424541,2.92538145557146e-09,3.83790728414194e-08
"ENSG00000257727",1.0145340662438,4.59320896838276,2.99158380415911e-09,3.92290996440723e-08
"ENSG00000215105",-1.53062096177992,1.10970049323358,2.99464200452652e-09,3.92506965466051e-08
"ENSG00000248405",2.32987140693494,-2.45125630427533,3.00520104811178e-09,3.93643996579861e-08
"ENSG00000160539",-1.81307558041397,0.468498744499882,3.0061476602151e-09,3.93643996579861e-08
"ENSG00000005882",-0.874498609218786,3.77598454020275,3.10068639625246e-09,4.05832427006916e-08
"ENSG00000150967",1.18112450808931,2.65484949668184,3.12217469829424e-09,4.0845270406236e-08
"ENSG00000239948",-1.9234162367708,-3.50895187861853,3.13600359930267e-09,4.10068961482863e-08
"ENSG00000079616",1.16630030294839,5.9802599087042,3.1432782750053e-09,4.10827061384974e-08
"ENSG00000170242",-0.571262369339869,5.65963035677152,3.15200453415696e-09,4.11774082238176e-08
"ENSG00000100263",1.01288848346604,4.38979837479957,3.17576238896163e-09,4.14683001522018e-08
"ENSG00000133424",-1.35516178002498,4.07514611863652,3.17999649686295e-09,4.15041025655792e-08
"ENSG00000214140",-1.33339665698604,-0.717057513501932,3.23228911021619e-09,4.21668184908269e-08
"ENSG00000065413",-1.30827928548486,2.6214890165168,3.29186522847856e-09,4.29238854194441e-08
"ENSG00000228551",2.16810398981205,-3.11963560088746,3.35551427829371e-09,4.37333264396358e-08
"ENSG00000103742",-1.58216709428423,1.55942975359407,3.3820092009592e-09,4.40579962090296e-08
"ENSG00000129667",1.23611802352969,5.12801156924219,3.43103981503103e-09,4.4675800737574e-08
"ENSG00000242147",4.72454711285282,1.07018146865763,3.43838413407102e-09,4.4750481011192e-08
"ENSG00000158104",-1.9247037593759,-0.237303659808989,3.49538958795832e-09,4.5471127506962e-08
"ENSG00000109610",-1.85979170188473,4.70960554320355,3.51292334438411e-09,4.5677857399418e-08
"ENSG00000100243",-0.741762272280381,7.13598074963594,3.55235093432971e-09,4.61689423067814e-08
"ENSG00000273771",-1.81070008933894,-2.85500768962993,3.58104041896359e-09,4.65200734108521e-08
"ENSG00000269481",1.38976411108158,-1.92551033875787,3.60148567918798e-09,4.67536565493425e-08
"ENSG00000111325",0.771235730170023,0.385099247696492,3.60238327347791e-09,4.67536565493425e-08
"ENSG00000168411",0.977155502030315,5.00212005575788,3.62253615037666e-09,4.69932826261315e-08
"ENSG00000069966",-0.858236462290357,4.18834283233956,3.62649127114425e-09,4.70226581465431e-08
"ENSG00000071991",-2.88163082897327,0.372846291948687,3.63766444679976e-09,4.71455551066365e-08
"ENSG00000255224",1.36389765894102,0.392312848416868,3.68239610188542e-09,4.77030660371398e-08
"ENSG00000182173",0.860107747838264,5.12112008162273,3.69799305645428e-09,4.7882812327357e-08
"ENSG00000116729",-1.36281129611152,5.70072010609734,3.70712395046828e-09,4.79770379765291e-08
"ENSG00000144130",2.57473688580402,-1.78985692416512,3.70872008231897e-09,4.79770379765291e-08
"ENSG00000164879",-1.96843521215363,-0.547018165525003,3.71851886879939e-09,4.80814343551452e-08
"ENSG00000186283",0.810935274709317,5.56210557707287,3.74544047093425e-09,4.84070333727204e-08
"ENSG00000138678",-1.83604715290212,1.5403416487364,3.88516193173778e-09,5.01895071098109e-08
"ENSG00000120334",1.19087855709719,2.6120571868935,3.90850378453347e-09,5.04676024880359e-08
"ENSG00000113621",-0.659236730575411,4.70874682170028,3.93476993382599e-09,5.07831815171704e-08
"ENSG00000250708",-2.97719747105556,-3.86455575799527,3.97058292858051e-09,5.12216247646613e-08
"ENSG00000228727",2.12344114771352,-1.0265721304594,3.99572992510975e-09,5.15221309258589e-08
"ENSG00000258636",-2.48262108286677,-3.48127278678677,4.03329184113131e-09,5.19823660692239e-08
"ENSG00000141564",-0.614928044356283,4.90182832934551,4.10165472042729e-09,5.28389637513868e-08
"ENSG00000230337",1.540017235958,-1.22222235792167,4.12048853161435e-09,5.30570127452731e-08
"ENSG00000171307",0.712001783006673,4.81130112537263,4.15431676170121e-09,5.34678445595538e-08
"ENSG00000119946",-2.20587813330427,-0.0436452171067597,4.17179547341286e-09,5.36679683173136e-08
"ENSG00000198901",1.51712015196887,5.29231660646052,4.17588265912789e-09,5.36957116959427e-08
"ENSG00000265415",2.0366000283293,0.910680805701384,4.20506191005494e-09,5.40459274049713e-08
"ENSG00000081041",-2.20491570756639,2.77940097882815,4.20888157723573e-09,5.40700338603499e-08
"ENSG00000116032",2.92951383591164,-0.733104091611669,4.24568891870134e-09,5.45177035530196e-08
"ENSG00000129991",5.68104874163192,0.412108262463991,4.24914160187010e-09,5.45368598859312e-08
"ENSG00000104524",1.21868649430302,4.14009106627805,4.26079087362926e-09,5.46611515536212e-08
"ENSG00000225210",3.19442478423983,-0.539930278776905,4.26487447645704e-09,5.46883143447209e-08
"ENSG00000114861",-0.903509717935883,5.49204601350769,4.27970600658705e-09,5.48532088300486e-08
"ENSG00000145730",-1.2237857815309,5.86403082999446,4.3112214520523e-09,5.52316914997377e-08
"ENSG00000231443",2.35909678971865,-0.763893806809623,4.34317385610395e-09,5.56154210220162e-08
"ENSG00000101181",0.694731587208734,4.64582312146625,4.34918150839987e-09,5.5666721257766e-08
"ENSG00000250144",-1.35576399861143,-2.49106898799086,4.39073824983791e-09,5.61727704428435e-08
"ENSG00000147251",-1.51097999949252,2.99866240223583,4.40191954282862e-09,5.62899256297436e-08
"ENSG00000115363",3.73536652572819,1.91874695576836,4.41774707405032e-09,5.64663600048537e-08
"ENSG00000187922",-2.77950611868415,-2.92097919661998,4.52311216980771e-09,5.7786549737649e-08
"ENSG00000175455",1.27927460568255,5.04390018648921,4.53543011146958e-09,5.79173175804882e-08
"ENSG00000232075",-1.60479811693266,-2.61011450854295,4.5624053611776e-09,5.82350529189686e-08
"ENSG00000180340",2.02823246284595,2.98289785776788,4.59985375482631e-09,5.86819161617539e-08
"ENSG00000218281",4.70479229757625,-3.49931544587847,4.60163445686497e-09,5.86819161617539e-08
"ENSG00000258384",1.60068438329929,-1.50470609032303,4.68292499471474e-09,5.96911974692947e-08
"ENSG00000244122",-2.37436095204744,-0.171426280261881,4.70831346438198e-09,5.99873212940247e-08
"ENSG00000118515",-1.63721358307539,6.24299146298496,4.78713274511234e-09,6.09636094504623e-08
"ENSG00000130675",3.34411216459251,0.423151303247897,4.81871608397727e-09,6.13377347568238e-08
"ENSG00000171101",-1.8368071602528,-1.8051516851255,4.91138037726783e-09,6.24886653398674e-08
"ENSG00000114784",-0.677157850821527,4.58217509060243,4.94439943239828e-09,6.28760873707787e-08
"ENSG00000274918",-1.22533968368688,-3.22331189336533,4.94635167609621e-09,6.28760873707787e-08
"ENSG00000164087",1.38146528272347,3.73175150760832,4.966398060245e-09,6.30737140220564e-08
"ENSG00000225335",1.31874521797931,-0.367839954903585,4.96643417496507e-09,6.30737140220564e-08
"ENSG00000163535",1.33596309395172,3.01191624344418,5.07244732867142e-09,6.43906789376258e-08
"ENSG00000161013",0.910130500456305,6.50003964289692,5.08382143988437e-09,6.45056230417445e-08
"ENSG00000273802",3.54791132425433,1.31416182656182,5.09228479309968e-09,6.45835462610494e-08
"ENSG00000122545",-0.627739058738816,6.62347600691918,5.14511938056969e-09,6.52238857483066e-08
"ENSG00000154473",0.740251574700211,6.14820726922161,5.15022068935168e-09,6.52588100377851e-08
"ENSG00000117877",1.184086083597,2.69047135065796,5.20805408023335e-09,6.5960152272902e-08
"ENSG00000279539",1.32386020494118,-1.2666662144805,5.21031368581475e-09,6.5960152272902e-08
"ENSG00000276180",2.02100898897794,3.06853590690074,5.21921188640102e-09,6.60427389428897e-08
"ENSG00000187837",2.49412308502979,5.75111760130283,5.24889420551814e-09,6.63881284848004e-08
"ENSG00000154258",-2.05039226815865,1.67826519617219,5.37027970554435e-09,6.78925406592296e-08
"ENSG00000024526",1.85110034931025,3.51856516537602,5.39877173022073e-09,6.82217347263195e-08
"ENSG00000254481",-1.42791990955513,-2.98600042234552,5.41908783920952e-09,6.84473615222227e-08
"ENSG00000117724",1.67949690646596,5.86578351734537,5.45034289490563e-09,6.88108883050433e-08
"ENSG00000138435",4.04018761917816,-0.478053261566069,5.5068730532715e-09,6.94930400320509e-08
"ENSG00000169727",0.74728754535427,6.58753483294519,5.51134100913871e-09,6.95178809465646e-08
"ENSG00000132591",0.858329140884684,5.65953283526646,5.52621122913575e-09,6.96738499165696e-08
"ENSG00000279821",-1.56844517028508,-0.937210997795699,5.55741125413677e-09,7.00148203259396e-08
"ENSG00000238198",-1.40758299678564,-2.68459283530185,5.55829012618828e-09,7.00148203259396e-08
"ENSG00000089916",-0.747387725896607,4.23468034143006,5.63517282365736e-09,7.0951137050422e-08
"ENSG00000141568",0.599690023153232,5.70069207757409,5.65988732607632e-09,7.12300661539189e-08
"ENSG00000155090",-1.16980341290777,5.49710486599728,5.68369382202656e-09,7.14973207924128e-08
"ENSG00000271723",-2.12173651228726,-3.66761443822326,5.7132486243325e-09,7.1815043634494e-08
"ENSG00000227896",1.48759190266597,-0.418252221477654,5.71411539794827e-09,7.1815043634494e-08
"ENSG00000186687",-0.759738304044734,3.23440283002375,5.82660121875284e-09,7.31956909201322e-08
"ENSG00000033800",-0.736378759029913,4.3959661391669,5.84700093464573e-09,7.34187977405425e-08
"ENSG00000260942",1.26606434390839,0.527357491788112,5.86807432988504e-09,7.36501585456195e-08
"ENSG00000275713",3.65890708472834,0.998393324843987,5.87198754675779e-09,7.36660305087841e-08
"ENSG00000154165",-2.51973559620291,-1.46044416166587,5.94039050050799e-09,7.44905685259823e-08
"ENSG00000228288",1.84262667574186,2.30835276785237,6.07691521678271e-09,7.61682032106253e-08
"ENSG00000228109",1.74375244900285,1.25234395438463,6.08368480422191e-09,7.62187051620828e-08
"ENSG00000171596",-1.87703871865042,-1.35033434517978,6.22515197897279e-09,7.79559441653175e-08
"ENSG00000197614",-2.51472746701902,3.49107380277872,6.39725000579066e-09,8.00613966985822e-08
"ENSG00000075213",-1.86077306115358,2.6026629869846,6.39903947294245e-09,8.00613966985822e-08
"ENSG00000122483",1.16565461314792,2.38558483504963,6.41293159511141e-09,8.0199130600195e-08
"ENSG00000234072",1.10578031992619,2.32812598143257,6.45172532032288e-09,8.06480163299507e-08
"ENSG00000166965",0.874517040437206,3.72010744854422,6.52214907169374e-09,8.14917035629012e-08
"ENSG00000088035",0.752971640986274,3.61010248330644,6.63455243948255e-09,8.28589164792673e-08
"ENSG00000078304",-0.568995570760368,6.08656098437052,6.70060019070676e-09,8.36462267074179e-08
"ENSG00000149201",-0.985332997260267,-1.19961958441787,6.70700009416771e-09,8.36885570296485e-08
"ENSG00000253159",-1.60627330064382,-0.680577507329091,6.81215715422443e-09,8.4962568130244e-08
"ENSG00000183814",1.05241140015454,2.58038008318857,6.82801074864749e-09,8.51221259310321e-08
"ENSG00000146250",-2.06260052246577,-1.22017530718726,6.84473685974076e-09,8.52924132078718e-08
"ENSG00000267546",1.56520855183992,-1.87338499486495,6.86623288333147e-09,8.55047379845109e-08
"ENSG00000133812",-0.844901836360684,4.31881250486634,6.86792451937574e-09,8.55047379845109e-08
"ENSG00000187961",1.36200379240609,3.22362736974989,6.88495460454061e-09,8.56784082398604e-08
"ENSG00000272341",-1.36178859148146,-0.00107590758314656,6.89430300463604e-09,8.57563727495269e-08
"ENSG00000244274",-1.32631710695746,1.39870595960714,6.96999158788269e-09,8.6659086291364e-08
"ENSG00000101294",0.87821859968795,7.28316760825397,7.07948226890532e-09,8.79810725402429e-08
"ENSG00000120156",-1.41577049775864,2.01707019813305,7.08578497156069e-09,8.80200703055013e-08
"ENSG00000217555",1.09045446025081,2.97293872013248,7.10170621554395e-09,8.81732034490164e-08
"ENSG00000255624",2.5369818302386,-1.17019436218014,7.10445291515643e-09,8.81732034490164e-08
"ENSG00000163348",0.731532811774131,5.81608248424567,7.13911423364291e-09,8.85638644872036e-08
"ENSG00000107562",-2.01308523203195,4.82321279657522,7.16575396975602e-09,8.88547102812413e-08
"ENSG00000234880",-2.77605022739058,-2.25119940402979,7.22531101173252e-09,8.95532866173425e-08
"ENSG00000184307",1.40023696275493,2.88177316338848,7.25422611291843e-09,8.98716217722051e-08
"ENSG00000136982",1.48630627724878,2.82795758072449,7.45434421849425e-09,9.23097398704277e-08
"ENSG00000151468",-1.39455413193447,3.75656206996275,7.50205840625657e-09,9.28592569885243e-08
"ENSG00000059588",1.06284119344535,4.77269897042254,7.57261061096625e-09,9.36538150855807e-08
"ENSG00000144445",-0.832855505075081,2.80518252017546,7.57298493968544e-09,9.36538150855807e-08
"ENSG00000265688",1.88347620972941,1.97351467618925,7.62743301417509e-09,9.42852419658896e-08
"ENSG00000184226",-2.3023652974639,0.433555201371537,7.67309226995788e-09,9.4807514573229e-08
"ENSG00000172159",-1.56415382839553,1.73042048950141,7.70878576443519e-09,9.52062426581865e-08
"ENSG00000196787",2.80515187176286,1.33428122178131,7.78197905018937e-09,9.60675469697812e-08
"ENSG00000160972",1.22000813432294,4.51703706436564,7.87193149420424e-09,9.7134884937135e-08
"ENSG00000183647",1.05769117522707,1.87755119479141,7.98155758372906e-09,9.84439295238387e-08
"ENSG00000199266",2.11021165999367,-2.7474476496365,7.98727254269196e-09,9.84707496586398e-08
"ENSG00000128973",1.03525538989948,5.33514084791433,8.01589968907981e-09,9.87798928012303e-08
"ENSG00000180957",-0.73382058268058,5.82114203888292,8.02377901570683e-09,9.8833200072566e-08
"ENSG00000099899",0.975465358619058,5.01378369157765,8.11554658561069e-09,9.99081930786712e-08
"ENSG00000198576",-2.31296589593015,0.522017822205726,8.12045208288594e-09,9.99081930786712e-08
"ENSG00000100583",1.53036195664906,-0.21816332903744,8.1218288049069e-09,9.99081930786712e-08
"ENSG00000199753",1.91763558812604,0.494097551239402,8.33752876299457e-09,1.02516219047378e-07
"ENSG00000160445",-0.595023269073402,5.45321557737097,8.39483566019928e-09,1.03175238275352e-07
"ENSG00000087088",0.908254329975854,5.92721419235034,8.42360736484629e-09,1.03483123515225e-07
"ENSG00000235885",-2.18419862475143,-3.06226062961852,8.46353548320182e-09,1.03927731741409e-07
"ENSG00000089116",4.47410571982132,0.00368351198815336,8.49508345271337e-09,1.04269089174897e-07
"ENSG00000135862",-1.03939871847934,7.12664001720385,8.5371233080911e-09,1.04738866593709e-07
"ENSG00000203724",1.51472568731698,0.812361460244974,8.55990645046528e-09,1.04972080293999e-07
"ENSG00000141858",0.886367530863889,5.51726264728198,8.66264305146194e-09,1.06185143759502e-07
"ENSG00000088298",0.859416684988325,4.92712088887547,8.71780893535897e-09,1.06814281902704e-07
"ENSG00000019485",-1.16383217550772,2.70837359189328,8.72202776334216e-09,1.06818915976149e-07
"ENSG00000126759",-1.82158142390007,1.03699077174376,8.76156013397508e-09,1.07255841552046e-07
"ENSG00000278616",-1.61712383270978,-1.65779061550908,8.78711393318826e-09,1.07521337361973e-07
"ENSG00000244184",2.13029877256214,-2.28960259994549,8.80273214500648e-09,1.07665078781471e-07
"ENSG00000177374",-1.42713242834744,2.81982267318502,8.86017109621571e-09,1.08319973054526e-07
"ENSG00000240505",-2.53668687515563,-0.775250345539529,8.88216797304422e-09,1.08503238761382e-07
"ENSG00000273024",-1.48347400565177,-3.68937354153542,8.88296388953605e-09,1.08503238761382e-07
"ENSG00000182379",3.80455606247502,2.76156663503658,8.9192967406015e-09,1.0889920994133e-07
"ENSG00000278733",-1.34679723579502,-2.84694494139129,8.98294272411028e-09,1.09628164100781e-07
"ENSG00000184313",-1.73888346622422,-1.13393379796584,8.99549223090099e-09,1.09733169043004e-07
"ENSG00000223529",-1.27304300682768,-2.38864372773829,9.02756189392219e-09,1.10076097744699e-07
"ENSG00000205559",1.51822290480531,-0.664647351346329,9.07009696854229e-09,1.10546278258574e-07
"ENSG00000163781",0.951092473970702,5.12513702534719,9.08632136709292e-09,1.10695513001732e-07
"ENSG00000257151",-1.76212875213099,1.23150017752468,9.11557051906725e-09,1.1100322366323e-07
"ENSG00000243449",2.45959447490916,2.45949435621798,9.22277972169605e-09,1.12259594047935e-07
"ENSG00000124766",1.64944215819858,7.28380165395986,9.2736731417921e-09,1.12829689891804e-07
"ENSG00000166579",-0.685787104844696,4.97583948587324,9.35666011864230e-09,1.13789588054131e-07
"ENSG00000113119",0.893337497020313,3.33637710863293,9.38977219687875e-09,1.141423663076e-07
"ENSG00000163170",0.962055172214333,3.60271512800262,9.42531778364077e-09,1.14524405205942e-07
"ENSG00000187118",0.747711337717837,3.55655672739872,9.52233731180745e-09,1.15652736966507e-07
"ENSG00000150907",-0.982539110239372,4.31686362022538,9.57274044330161e-09,1.16179088570255e-07
"ENSG00000198844",-1.23021018180919,2.65571024102888,9.57402908722628e-09,1.16179088570255e-07
"ENSG00000126067",0.7871658966267,6.71241915445838,9.63775185416954e-09,1.16901348591373e-07
"ENSG00000187626",0.796424239442782,1.88223377638188,9.67136146686515e-09,1.17257879894473e-07
"ENSG00000232742",-1.22720728078081,-2.86654996429237,9.70401281634339e-09,1.17602487346823e-07
"ENSG00000256694",2.4653366212762,-0.816443333331307,9.73977912196765e-09,1.17984528187842e-07
"ENSG00000144730",-1.53346292661561,2.77785821383304,9.82367294198169e-09,1.18948983689742e-07
"ENSG00000042088",0.726874928915115,4.00860574444683,9.87821660844097e-09,1.19557370988063e-07
"ENSG00000254810",-1.74705796545688,-2.27992033971529,9.93300253329069e-09,1.20168159834021e-07
"ENSG00000116691",1.06652775603608,4.83189047426227,1.00608521437732e-08,1.21661948119463e-07
"ENSG00000198873",-1.26960672738236,3.39481038741963,1.01825020490168e-08,1.23079499995351e-07
"ENSG00000126895",-1.70401027714153,-0.807632350773729,1.04043979353766e-08,1.25707002509396e-07
"ENSG00000128408",1.86561607428066,1.23531092510205,1.04760933929752e-08,1.26518274224411e-07
"ENSG00000267123",4.51721403658599,-0.739707461324083,1.05274272815062e-08,1.27043197870194e-07
"ENSG00000236519",1.95217746264899,-2.37972683848634,1.05286941750547e-08,1.27043197870194e-07
"ENSG00000263412",1.56184984339701,-0.980261453419387,1.06292051674235e-08,1.28200383053578e-07
"ENSG00000116717",-1.07868596405123,5.24900840232014,1.07101245596618e-08,1.29120370341514e-07
"ENSG00000146918",1.36235937041264,4.60239513128583,1.08568536490846e-08,1.30799769803419e-07
"ENSG00000128578",2.26217780508568,2.10821434584372,1.0858831067346e-08,1.30799769803419e-07
"ENSG00000129467",-1.14470502968419,2.3907548553583,1.10593461838628e-08,1.33157400611158e-07
"ENSG00000116285",-1.33768041470699,6.50835982976623,1.11270471746844e-08,1.33914566451535e-07
"ENSG00000176383",2.26962482244381,0.791774402496543,1.13070838198289e-08,1.36022457733954e-07
"ENSG00000150594",-1.7854088907504,1.76760895071315,1.13629035259243e-08,1.36634861982937e-07
"ENSG00000036530",-1.50031407778383,-1.38837007181113,1.14139373680306e-08,1.37153096449805e-07
"ENSG00000101412",1.81527451705534,4.57675909122361,1.14158637429008e-08,1.37153096449805e-07
"ENSG00000174669",1.82891763988658,3.48923412368748,1.14399497811379e-08,1.37383127488251e-07
"ENSG00000172007",-0.768638703400068,2.80662763664795,1.15558035386601e-08,1.38714529055137e-07
"ENSG00000164096",-0.71217564731555,6.43237885968411,1.16044312729069e-08,1.39238156597653e-07
"ENSG00000197892",-0.963228034485614,4.69000839211923,1.17019558257788e-08,1.40347778086411e-07
"ENSG00000254847",-1.57695711606126,-3.46899247274297,1.19334667968376e-08,1.43062720698467e-07
"ENSG00000148204",-1.99874275819711,-2.30222736816802,1.20577842221218e-08,1.44442274937911e-07
"ENSG00000106327",2.44459569124145,1.85387883556787,1.20589279259997e-08,1.44442274937911e-07
"ENSG00000254389",1.89552226706025,0.0211844191201095,1.21295854296445e-08,1.45226069545718e-07
"ENSG00000270953",1.87328711561672,-0.951730924416141,1.21552561709572e-08,1.45470800293817e-07
"ENSG00000104067",-0.795086273777653,5.9118493254861,1.22001138308364e-08,1.459156607948e-07
"ENSG00000169682",0.920129588944385,1.08768797673347,1.22029204691585e-08,1.459156607948e-07
"ENSG00000261685",-1.92356680796641,0.988856136256794,1.22251034863919e-08,1.46118093367863e-07
"ENSG00000101441",7.69245415549423,0.37225661594015,1.25245482230009e-08,1.49632843525054e-07
"ENSG00000152620",-0.901872115692051,4.84823935804766,1.25676151517004e-08,1.50082902625266e-07
"ENSG00000172380",-1.01466482881212,6.00451335170715,1.27092278102483e-08,1.5170890690405e-07
"ENSG00000160714",0.601270675057101,6.05950769915481,1.27481332549367e-08,1.52108035272224e-07
"ENSG00000054523",-0.834774369035104,5.14447197920599,1.28610496294674e-08,1.53389525447846e-07
"ENSG00000070729",3.79647570363928,0.98768049825984,1.28676753675991e-08,1.53402766823417e-07
"ENSG00000163357",1.90351526939319,-0.984293011862371,1.29014488508869e-08,1.53739501666546e-07
"ENSG00000243156",-1.05549340084068,3.43707373671581,1.31205764273898e-08,1.56283765385436e-07
"ENSG00000186073",-0.896970704569785,3.37174233993312,1.31345216913095e-08,1.56382898887153e-07
"ENSG00000103995",1.08856100977656,2.38042535144666,1.32162011005464e-08,1.57288062135001e-07
"ENSG00000167552",-1.5219075419592,6.58104296776996,1.32684848587488e-08,1.57842758501446e-07
"ENSG00000211455",-0.971043358672477,5.00700880996532,1.33227887509618e-08,1.58421001936939e-07
"ENSG00000148218",-0.710693072292697,4.82980116011633,1.33530704614909e-08,1.58713225959593e-07
"ENSG00000239218",-2.38586780883705,-3.10762258669,1.34064898189181e-08,1.59280094546591e-07
"ENSG00000035141",0.852035105595825,5.27846218997868,1.34913417794908e-08,1.60219764693842e-07
"ENSG00000130024",-0.628360100526837,5.43777257203981,1.3545087547415e-08,1.60789381116625e-07
"ENSG00000029725",-0.647048015454236,4.86073244926781,1.3576569314634e-08,1.6109433547266e-07
"ENSG00000116984",-0.673748651482365,4.69422590875543,1.35842694631089e-08,1.61116966557547e-07
"ENSG00000155363",0.908522822074159,5.87223574453441,1.3708029029131e-08,1.62515520625414e-07
"ENSG00000008952",-0.577911009776572,6.32907053648958,1.37157357909862e-08,1.62537605264039e-07
"ENSG00000149289",-1.16208001550443,3.14721590269327,1.37533280358598e-08,1.62913676601946e-07
"ENSG00000224817",4.15920178779256,-1.82023458500893,1.37723074770064e-08,1.63069045490839e-07
"ENSG00000137871",-0.601374781657524,4.16984729487073,1.40007882117592e-08,1.65703796822833e-07
"ENSG00000167645",1.13849451975153,5.09924268071591,1.40667101254439e-08,1.66413189586972e-07
"ENSG00000227060",-1.7191682593173,-3.47215000281153,1.41191977035235e-08,1.66963114680315e-07
"ENSG00000125571",5.80604993519305,-1.39174468078806,1.42010179102459e-08,1.67859290751241e-07
"ENSG00000188807",0.836792095433148,4.38306419965697,1.42121542488952e-08,1.67919560800561e-07
"ENSG00000213516",-0.717586450735214,3.99993356831378,1.42396091869735e-08,1.68172505442588e-07
"ENSG00000261371",-1.23907192114719,6.14435865460382,1.42919522399869e-08,1.68719043994378e-07
"ENSG00000136859",-1.56323641823384,5.19480857278399,1.43220436839654e-08,1.68945380752496e-07
"ENSG00000204120",-0.62700578288976,5.13213327835009,1.43232735704305e-08,1.68945380752496e-07
"ENSG00000108061",-0.564945626870456,4.7463286562385,1.44717637345879e-08,1.70624486964855e-07
"ENSG00000281115",2.47004058897956,-3.55694903474444,1.45046023247633e-08,1.7093919680451e-07
"ENSG00000100162",1.54514202484942,3.4492887067466,1.45829371673376e-08,1.71789594000491e-07
"ENSG00000184949",1.95001711521852,1.21500930875595,1.46450816766457e-08,1.72448626872374e-07
"ENSG00000186994",-1.18956638413133,1.54130289891873,1.48772890688436e-08,1.75108777347333e-07
"ENSG00000127990",-1.54041060053505,3.53672588719477,1.51972741092128e-08,1.78799401353441e-07
"ENSG00000160055",0.902902175421067,3.33194655151629,1.5280078639269e-08,1.79697601350524e-07
"ENSG00000213420",3.03119006585767,2.06430566459497,1.54108064967854e-08,1.81158394376624e-07
"ENSG00000181085",2.81561494642089,2.61508543908609,1.54552198238159e-08,1.81603730021035e-07
"ENSG00000196199",-0.580603581380429,5.17858906532282,1.55409229169931e-08,1.82458389222407e-07
"ENSG00000144583",5.71409605707827,0.442701931542867,1.55410751831116e-08,1.82458389222407e-07
"ENSG00000261236",1.23738590807738,6.11735466747568,1.55584619865068e-08,1.82585444401145e-07
"ENSG00000274290",3.99707690639256,-1.29516206472253,1.56993701203986e-08,1.84161358565435e-07
"ENSG00000111450",-1.36361561006246,2.66111534701281,1.58262960961415e-08,1.85571995498306e-07
"ENSG00000174021",0.744129332480478,6.30214233581727,1.58447059943877e-08,1.85709569246483e-07
"ENSG00000186638",1.49034195471059,2.21690515178406,1.59158215433906e-08,1.86464509092807e-07
"ENSG00000004660",-1.05042615542065,2.99463171764515,1.59236182630478e-08,1.86477303052693e-07
"ENSG00000176438",-1.40478195776327,2.13559775577017,1.59519535606716e-08,1.86730506895185e-07
"ENSG00000229939",-1.16332509990888,-1.64729133059972,1.60149037073512e-08,1.87388522007808e-07
"ENSG00000183346",-1.73460093378983,-2.60620143012599,1.60817767539479e-08,1.88091865793757e-07
"ENSG00000176182",0.811705829169191,3.08973360685091,1.62780473128512e-08,1.90272160835323e-07
"ENSG00000163013",1.46486822098197,3.69666839801072,1.62818733249943e-08,1.90272160835323e-07
"ENSG00000075239",-1.06652599157719,4.4368734211745,1.66881475989195e-08,1.94938029890276e-07
"ENSG00000165113",-1.13109474708855,1.40405376951251,1.68860784373481e-08,1.9716729621241e-07
"ENSG00000109445",-0.623388922097209,4.05465452765791,1.69988918599569e-08,1.98401250231213e-07
"ENSG00000260495",2.0875602414471,-0.920667164988858,1.70098131959536e-08,1.98445442289873e-07
"ENSG00000131015",2.41789556598291,2.31557653344628,1.70281325540943e-08,1.98575870325797e-07
"ENSG00000274849",1.65336868337994,-0.258856608625402,1.70923209927945e-08,1.99240873333024e-07
"ENSG00000144120",0.947322466026603,2.75497363840853,1.71147749267118e-08,1.99419034368091e-07
"ENSG00000101251",-2.28002907113821,-4.00664300698486,1.71279507849267e-08,1.99488984581728e-07
"ENSG00000132436",1.18149213577005,3.44326627011354,1.74424220194415e-08,2.0306659004886e-07
"ENSG00000116161",0.880458344156145,5.92833891577613,1.75649495207228e-08,2.04407506702872e-07
"ENSG00000059804",-1.69018916649589,5.21714660796467,1.76593527705976e-08,2.05420149982698e-07
"ENSG00000145247",1.21603152281231,5.73534834104251,1.76780169777642e-08,2.0555129021846e-07
"ENSG00000169710",1.44855929274629,8.13891164261984,1.77886684827777e-08,2.06751456962597e-07
"ENSG00000279879",-1.26457494753024,-3.17959572141819,1.7879835750719e-08,2.07724257199142e-07
"ENSG00000255330",-1.700821248395,-2.74889538430217,1.79870213297536e-08,2.08882264820224e-07
"ENSG00000127804",-0.641747039608781,4.37383207675973,1.80153739726223e-08,2.09124205467672e-07
"ENSG00000146374",-2.29363364632606,1.24820591432326,1.80451507509412e-08,2.09382468851034e-07
"ENSG00000264644",2.59602812824303,-1.99696988808077,1.81991030677994e-08,2.11080756307216e-07
"ENSG00000128346",-1.2269492903966,1.1110162655263,1.83028396269155e-08,2.12164012787341e-07
"ENSG00000272455",1.15928526186341,0.9630658358761,1.83077564696228e-08,2.12164012787341e-07
"ENSG00000070950",1.03954824925637,3.69952049457636,1.83699756544134e-08,2.12754216475195e-07
"ENSG00000162623",-0.745721121783133,3.60451738085739,1.83739843948304e-08,2.12754216475195e-07
"ENSG00000230807",-1.84581484199716,-3.73198921665053,1.84663353785069e-08,2.137345758978e-07
"ENSG00000196081",1.99004244181015,0.154467137715622,1.85013478961637e-08,2.14050744191348e-07
"ENSG00000273154",1.22630017531795,0.0507216947428457,1.85616191736498e-08,2.14658758451859e-07
"ENSG00000108106",1.41687302844903,5.17662865993727,1.86626095875848e-08,2.15736974422068e-07
"ENSG00000277224",4.27732875766529,-0.673177611286012,1.87465523525312e-08,2.16617308093457e-07
"ENSG00000167106",-0.873877445921919,6.17643711507178,1.88026158759192e-08,2.17174898404045e-07
"ENSG00000277161",0.881409579599147,3.19062849265421,1.89477095377468e-08,2.18759919208531e-07
"ENSG00000187531",0.916983330482262,5.00002312720264,1.90467411829998e-08,2.19812038391192e-07
"ENSG00000095917",-2.44645514485063,-0.236133378657305,1.9194547654633e-08,2.2142594521705e-07
"ENSG00000127249",-2.29549042637238,0.00172872959823866,1.93973447052614e-08,2.23672615376217e-07
"ENSG00000136878",-0.599406290006597,4.67484504314166,1.94792145172301e-08,2.24523577856495e-07
"ENSG00000249626",2.33034052953266,0.545442561575171,1.95923765090719e-08,2.25734369447728e-07
"ENSG00000181773",-1.31950370734258,0.244799776359557,1.96511184761313e-08,2.26317415394054e-07
"ENSG00000187699",-1.55621641035115,1.2881084076951,1.97365935386007e-08,2.27163002837526e-07
"ENSG00000203778",-1.15427171923293,1.83132437232997,1.97408757724194e-08,2.27163002837526e-07
"ENSG00000100836",0.775391840141471,6.45175848603963,2.0035790499278e-08,2.30461307343432e-07
"ENSG00000185730",0.913525879068886,2.37373634284779,2.02148066089977e-08,2.32424314268728e-07
"ENSG00000142544",1.2370742439762,1.91923477264445,2.02348087969995e-08,2.32558155814441e-07
"ENSG00000258884",2.84000119454475,-2.37491480701157,2.03082904948426e-08,2.33306271595646e-07
"ENSG00000154945",-0.609818631860042,4.95269199302548,2.04660399370298e-08,2.35021456964744e-07
"ENSG00000132017",0.736098760858434,4.82035133407327,2.04811219484993e-08,2.35024202061651e-07
"ENSG00000176619",1.14597673542807,6.55892757186782,2.04831792973589e-08,2.35024202061651e-07
"ENSG00000130695",1.14692417444394,3.91898611900557,2.05721656221974e-08,2.35947893793887e-07
"ENSG00000204410",1.49678190631454,0.966057708813156,2.05845364044856e-08,2.35992461260494e-07
"ENSG00000127191",0.994616897762345,4.61464490909788,2.06676201131543e-08,2.36847349899943e-07
"ENSG00000166508",1.02812632684578,7.02349405065041,2.07132100885539e-08,2.37272039618183e-07
"ENSG00000158042",0.839649148340654,5.39494630072706,2.07360689616654e-08,2.37436099642158e-07
"ENSG00000260367",1.29593487843445,-1.73314961259875,2.07810900863197e-08,2.37853686654654e-07
"ENSG00000132031",2.19104160031976,1.63079836312094,2.07917204064679e-08,2.37877465925583e-07
"ENSG00000138073",0.719202070734113,5.64188541255658,2.08354607359612e-08,2.38279880530135e-07
"ENSG00000169188",0.836686235157645,5.25641476324614,2.08615414538106e-08,2.38480087322167e-07
"ENSG00000101331",-1.18424719061278,0.663595207497395,2.09623185205411e-08,2.39533675025395e-07
"ENSG00000181541",-2.84677584427649,-2.56834705239614,2.10434574537886e-08,2.40362087130276e-07
"ENSG00000130826",0.879202673846051,6.08426044374713,2.11262072643478e-08,2.41160212462278e-07
"ENSG00000105048",4.36895298708862,3.01157436912168,2.11306740650261e-08,2.41160212462278e-07
"ENSG00000160813",1.10694511513879,4.0128157849812,2.12868069231843e-08,2.42842477832044e-07
"ENSG00000266402",1.8856225800796,-0.206896648085387,2.15120107939835e-08,2.45311011157467e-07
"ENSG00000260077",-1.14850821923065,0.925106939710294,2.15326484192495e-08,2.45445717411716e-07
"ENSG00000240758",2.58737501119218,-1.71577237293271,2.16065855609135e-08,2.46187613357512e-07
"ENSG00000135736",-1.18872187936107,2.3527308624622,2.16753380644798e-08,2.46869851591882e-07
"ENSG00000145050",0.987880282568302,6.06087077145124,2.17191804496722e-08,2.47267935262682e-07
"ENSG00000120910",-0.805517483122777,3.1733129984421,2.18874992489235e-08,2.49045472425549e-07
"ENSG00000174080",-1.18388538223235,4.91087696440314,2.1893221877556e-08,2.49045472425549e-07
"ENSG00000257647",-2.09821599579523,-3.44603129322814,2.19606899080265e-08,2.49710821100549e-07
"ENSG00000165724",0.932392853030623,4.40840093929866,2.21180914082142e-08,2.51397824412204e-07
"ENSG00000233030",2.26834827635293,-1.23570932518901,2.23001774812603e-08,2.53363903711721e-07
"ENSG00000243224",1.46557810846549,-1.82733445215217,2.23129842950589e-08,2.53405893098601e-07
"ENSG00000241468",0.908079867321614,6.4723932341443,2.24215571004617e-08,2.54535007198017e-07
"ENSG00000059573",0.679952041498001,5.94639592688747,2.24982390118756e-08,2.55301314417501e-07
"ENSG00000149483",0.809967647304162,4.49566595802416,2.26319656556995e-08,2.56714054152517e-07
"ENSG00000075426",-0.895369382321826,7.67349840457886,2.31384329821588e-08,2.62351910531098e-07
"ENSG00000116830",0.957009708500352,4.31925360102495,2.31988754052029e-08,2.62930041420093e-07
"ENSG00000260182",-2.37713397309449,-4.09303443141152,2.33332718368739e-08,2.64345535478197e-07
"ENSG00000101290",-0.618342199538025,5.35219551880844,2.33586332625954e-08,2.64525108685898e-07
"ENSG00000256037",3.59083758908904,-2.52779087663202,2.35526696990393e-08,2.66613920366048e-07
"ENSG00000130208",2.48581622673763,4.86928906570471,2.35716107461334e-08,2.66719776111558e-07
"ENSG00000102468",-2.15306227119833,-1.83837671213363,2.36906338284011e-08,2.67957543175811e-07
"ENSG00000245205",-1.24702893208498,-1.57614485768797,2.37466723404034e-08,2.68482194229122e-07
"ENSG00000106399",1.01885044505332,4.33231782255881,2.37589189052876e-08,2.68511504068575e-07
"ENSG00000180596",2.78709900829622,1.69601421643292,2.3829629658265e-08,2.6920125494936e-07
"ENSG00000257086",1.19234000670624,0.612336551708214,2.3870486117486e-08,2.69553321309638e-07
"ENSG00000254726",2.52234011467843,4.87181940691038,2.39093790122835e-08,2.69882937690195e-07
"ENSG00000221869",-1.17670941432541,5.98303253001401,2.39622885677884e-08,2.70370438919228e-07
"ENSG00000235748",3.18818580855476,-3.59308440296339,2.40061481655873e-08,2.70755474018443e-07
"ENSG00000100889",1.13826096641262,5.42787190800564,2.40463973576636e-08,2.71099493193635e-07
"ENSG00000176887",3.98043588626505,-0.0990954243440262,2.42658901634664e-08,2.73463210338935e-07
"ENSG00000280011",-1.67096637939551,-3.58618295142605,2.45056432140479e-08,2.75971805541606e-07
"ENSG00000172346",-2.09625303235502,1.68227097923773,2.4508336378232e-08,2.75971805541606e-07
"ENSG00000115540",-0.597980297827113,4.23516341437903,2.47734311110349e-08,2.78843965799763e-07
"ENSG00000272321",-2.30455865337174,-3.82493034933508,2.4822787995951e-08,2.79286489697162e-07
"ENSG00000132623",1.27033310091901,3.23811155048904,2.50373304807812e-08,2.81586442645357e-07
"ENSG00000222881",3.26985250526587,-3.76790512957222,2.52393736790809e-08,2.83744017840047e-07
"ENSG00000157933",-0.628604056340216,5.70216312590791,2.56648274808466e-08,2.88410443121125e-07
"ENSG00000258813",-1.08571445542893,-2.42426845305181,2.56915122566677e-08,2.88593711791074e-07
"ENSG00000273568",1.49133847428017,-1.11973746207094,2.60132827854471e-08,2.92090203517013e-07
"ENSG00000136108",1.21304993287492,4.85893974870167,2.60626427321563e-08,2.92526344757652e-07
"ENSG00000163283",7.62777479817167,3.47356955865614,2.63662524083728e-08,2.95814674559932e-07
"ENSG00000268655",2.80610878575804,-2.61612573832471,2.64317812550495e-08,2.96430295180118e-07
"ENSG00000083093",0.943593561043033,3.78154552892681,2.68907913373666e-08,3.01456501195557e-07
"ENSG00000169018",-0.714207918424546,5.67256062369025,2.69572368779365e-08,3.02079625014523e-07
"ENSG00000072364",-0.843028815503521,5.85192451198318,2.70279937795361e-08,3.02750540068562e-07
"ENSG00000154370",0.87247301761318,5.12443051084262,2.71237811895289e-08,3.03701178029133e-07
"ENSG00000231346",-1.83998973911379,-1.66537322264654,2.71909258977633e-08,3.04330471627562e-07
"ENSG00000144681",-2.01293096404723,0.63616567663339,2.72508488651855e-08,3.04878463188819e-07
"ENSG00000150054",-1.31892973537414,4.1913373244588,2.73543374839155e-08,3.05913224141593e-07
"ENSG00000178927",0.774432800898233,5.96518645588825,2.7374411525781e-08,3.06014673539608e-07
"ENSG00000006071",-2.62552228304067,-2.57261830581254,2.75089411357814e-08,3.07395009967653e-07
"ENSG00000260103",1.56555426814756,-1.28838044516714,2.75815482949479e-08,3.0808257137646e-07
"ENSG00000233532",7.01877838127075,-0.477496350330774,2.76628959885966e-08,3.08867172272516e-07
"ENSG00000135622",1.2676286008845,3.27179045467563,2.77126908950934e-08,3.09298985499693e-07
"ENSG00000243023",-2.08005516183397,-3.43765892974563,2.79851194693755e-08,3.12214251023563e-07
"ENSG00000072803",-0.59989285988357,4.71147111887117,2.82731994131812e-08,3.15204767825103e-07
"ENSG00000171700",1.06143844106095,3.94112656907883,2.82758384828545e-08,3.15204767825103e-07
"ENSG00000137414",-0.742208411974721,4.37214622874601,2.83397830922195e-08,3.15791020490345e-07
"ENSG00000139880",1.44515374508347,3.51233444309472,2.85823757833701e-08,3.18366687089657e-07
"ENSG00000166444",-1.15833652675297,5.43417779187844,2.86005830238783e-08,3.18438037862529e-07
"ENSG00000187608",2.49052946632672,7.08069126968937,2.86116800279891e-08,3.18438037862529e-07
"ENSG00000225978",-1.65213690793909,-2.11352982645025,2.86940371610257e-08,3.19226902223843e-07
"ENSG00000204822",0.899955154330966,1.49973887656662,2.89534251559428e-08,3.21983852004094e-07
"ENSG00000274267",5.93593122157877,0.170963352274365,2.9556516464748e-08,3.28559309525994e-07
"ENSG00000179270",-2.39149686913773,-3.60891634501956,2.96597944067705e-08,3.29575653949464e-07
"ENSG00000106823",-1.50772219333569,1.86956359871588,2.97815924739447e-08,3.30796897555042e-07
"ENSG00000166348",-0.975595592961881,3.96665359966736,2.99490859277825e-08,3.32524521720325e-07
"ENSG00000280073",-2.27405709429806,-3.70947159511106,3.01144567257173e-08,3.34227208664156e-07
"ENSG00000258471",2.37843263277985,-1.48386159938448,3.02070387147584e-08,3.35121008286228e-07
"ENSG00000080503",-0.906860888378673,5.8669433381452,3.02661075878398e-08,3.35642444314429e-07
"ENSG00000162961",0.709290876756201,4.89309145301813,3.05378792809354e-08,3.38521337760325e-07
"ENSG00000215093",-1.1821389867884,-2.56646853640381,3.11590782945969e-08,3.45269898250049e-07
"ENSG00000260920",1.44082745510677,1.32729860986514,3.12061925817086e-08,3.45654254988077e-07
"ENSG00000172432",0.855249122418782,5.82597771480427,3.15451034047519e-08,3.4926909275333e-07
"ENSG00000168275",0.938020786628729,4.14158144871516,3.15828128701051e-08,3.49547462935231e-07
"ENSG00000205362",-2.49161152016091,0.329129900701962,3.16675360194806e-08,3.50252427857414e-07
"ENSG00000196747",4.18623582400613,-0.233965056301346,3.16716951088123e-08,3.50252427857414e-07
"ENSG00000164362",3.3831653156689,0.884459462035648,3.19411219729046e-08,3.53091584035133e-07
"ENSG00000169126",-2.24091478729929,-1.08987145731219,3.21180149195222e-08,3.54771139811259e-07
"ENSG00000183150",2.17738440341501,-0.0873972957365003,3.21185679374663e-08,3.54771139811259e-07
"ENSG00000128594",-1.81208873621104,0.836638030448857,3.23315552074539e-08,3.56981955134941e-07
"ENSG00000136274",-1.62738333504304,1.44566953258871,3.23918136290843e-08,3.57458579745423e-07
"ENSG00000124574",0.745990536793426,4.69424365401143,3.24004271217851e-08,3.57458579745423e-07
"ENSG00000205704",2.43361779034207,-1.99616484876758,3.26474940502513e-08,3.6004153529724e-07
"ENSG00000167535",1.2264795776499,5.04488470398629,3.27541205520844e-08,3.61074258785225e-07
"ENSG00000154380",-0.970740792792859,6.4606795757865,3.35108716502605e-08,3.69270155787914e-07
"ENSG00000174586",1.2037373527482,0.494120537400417,3.42729390860173e-08,3.77518120712634e-07
"ENSG00000178150",3.98671483338968,1.53712609750691,3.43013438718105e-08,3.77681424032726e-07
"ENSG00000188032",2.91492582185383,-3.14890351784684,3.43561823763803e-08,3.78135536380793e-07
"ENSG00000274897",1.48549734206264,-0.817876731016947,3.46987665352383e-08,3.81755060777129e-07
"ENSG00000198056",1.24234817032797,2.91730640559666,3.47933163678294e-08,3.82643933625322e-07
"ENSG00000186675",-2.58088631025729,-3.96282328365702,3.48358588130885e-08,3.82960372003332e-07
"ENSG00000128050",0.980962163693482,6.66004467837733,3.48533142050007e-08,3.83000880278027e-07
"ENSG00000125257",-1.32861815169828,4.22273739838406,3.50042396548884e-08,3.84507471374965e-07
"ENSG00000231672",-1.90870575793222,-1.13205484661089,3.52968173784745e-08,3.87568251775567e-07
"ENSG00000127922",0.92608808150384,6.68075028950945,3.53369585691425e-08,3.8785589135105e-07
"ENSG00000167968",2.09578507535089,0.151944295923444,3.55249899624273e-08,3.8976589578895e-07
"ENSG00000229780",2.06235780834058,-2.81193830645343,3.56934307052265e-08,3.91459537935514e-07
"ENSG00000279048",1.63262969098789,-1.03018535193228,3.57171032523889e-08,3.91564758675085e-07
"ENSG00000178425",-0.683455623750949,4.34100610764865,3.57744100400337e-08,3.92038481656209e-07
"ENSG00000104522",1.05958034913363,6.35968292269122,3.58403285914536e-08,3.92606167433674e-07
"ENSG00000169902",-1.1808767554399,4.14192163110316,3.61338847589223e-08,3.95658090786407e-07
"ENSG00000143727",0.686707357889905,5.7860964006221,3.61473846290677e-08,3.95658090786407e-07
"ENSG00000278828",2.93454023531113,2.32576547416505,3.62971586504421e-08,3.97141177633653e-07
"ENSG00000147852",-1.35714549950768,3.65425160909083,3.65023616620052e-08,3.99229329494829e-07
"ENSG00000267500",1.75754818929333,-1.90680832460503,3.65603774998897e-08,3.99706674294195e-07
"ENSG00000143816",-1.52435579639556,2.56230388884978,3.66184159647308e-08,4.00183891248353e-07
"ENSG00000276317",-1.66149549917824,-2.14643616065931,3.66545293222235e-08,4.0042121918264e-07
"ENSG00000135722",1.12255880521845,2.25242911500911,3.69164188838781e-08,4.0312381563302e-07
"ENSG00000260114",1.18781763871954,1.10266751152828,3.73840180775351e-08,4.08069738928761e-07
"ENSG00000174428",-0.97622798539904,1.36907233909249,3.78311481276017e-08,4.1278843580737e-07
"ENSG00000141696",1.48577870769309,4.84645802437449,3.79563096757488e-08,4.13991702357491e-07
"ENSG00000276966",4.48628064227327,0.252522094462741,3.80360231394633e-08,4.14698514926653e-07
"ENSG00000180525",-1.9859951609574,-0.356373614769785,3.85364932823416e-08,4.1999039485179e-07
"ENSG00000143549",0.851735521267484,8.07629249180366,3.88014030284709e-08,4.2266699328127e-07
"ENSG00000143033",0.724819482946371,4.27724714016683,3.88124798058593e-08,4.2266699328127e-07
"ENSG00000196628",-1.24849511478218,4.80713789260697,3.89626304438808e-08,4.2413606283196e-07
"ENSG00000256269",0.926870421645175,4.35860958734448,3.92055509205302e-08,4.26613453737365e-07
"ENSG00000118058",-0.708831904994477,5.32431379942955,3.92859577631016e-08,4.27321213635176e-07
"ENSG00000120709",-0.622923959097062,4.57789581103125,3.97480261230625e-08,4.32167888268965e-07
"ENSG00000139182",1.17120459313314,5.93072051274612,3.97626155423824e-08,4.32167888268965e-07
"ENSG00000225855",1.38176447598602,2.12479545704105,3.99208662718717e-08,4.33718380320144e-07
"ENSG00000144354",1.88484571459379,3.96096313736597,4.01763028242211e-08,4.36323120050785e-07
"ENSG00000159263",2.0719673729355,3.34047465225952,4.02342027442884e-08,4.36781374288405e-07
"ENSG00000080189",0.65168759598939,5.90696038096036,4.07166328587614e-08,4.41846160632357e-07
"ENSG00000211890",-2.4290975861298,6.43722287060827,4.09347570688841e-08,4.44039936956659e-07
"ENSG00000255114",1.87681085807892,-2.76670447916633,4.10692997130011e-08,4.45325704841208e-07
"ENSG00000100380",-0.612629682425929,7.00235642979563,4.11263989938745e-08,4.45771058151454e-07
"ENSG00000204954",0.762299334147642,2.56923259978421,4.13649296140771e-08,4.48181841587973e-07
"ENSG00000125877",0.857350066021622,5.61242089768987,4.14104120843021e-08,4.484999187308e-07
"ENSG00000228401",-1.50958501787856,-3.06484482766052,4.169025879361e-08,4.5135506727391e-07
"ENSG00000166405",-2.03868507076176,0.735732494891787,4.1805014406151e-08,4.52421348512948e-07
"ENSG00000100372",0.604626389194694,4.16850248790664,4.19221328485429e-08,4.53471464144411e-07
"ENSG00000198826",1.36299011163813,4.18066810189019,4.19346566634101e-08,4.53471464144411e-07
"ENSG00000151967",-1.3535303743684,-0.625226673205506,4.20984300323542e-08,4.55065540027154e-07
"ENSG00000277383",1.91601293238976,-1.32003657963353,4.2152321522366e-08,4.55471063908922e-07
"ENSG00000257907",-1.47073488554254,-3.32555042157454,4.25731748012896e-08,4.5983988766923e-07
"ENSG00000125459",0.847832835921913,3.12255866610892,4.27705213901973e-08,4.61792124000604e-07
"ENSG00000141639",-2.44795846994765,1.24271345281633,4.29478607110148e-08,4.63526911119696e-07
"ENSG00000186063",-0.800546278099802,3.52023508189621,4.31084694597992e-08,4.65079853019936e-07
"ENSG00000277258",1.11381285654825,5.44193405406593,4.31787785183045e-08,4.65657761508183e-07
"ENSG00000129351",0.614450197605439,7.9159749873504,4.32024286580804e-08,4.65732228010539e-07
"ENSG00000257925",3.81515642157584,-1.81990536081203,4.3449865120809e-08,4.68218170710988e-07
"ENSG00000172613",1.14719326748081,4.38367860128203,4.3502899912141e-08,4.68608115900998e-07
"ENSG00000182372",-0.774277558651099,3.38663668500189,4.3939036059257e-08,4.73122884210653e-07
"ENSG00000162706",-2.6564740501925,1.69591567621545,4.40552151971807e-08,4.74190286485754e-07
"ENSG00000150477",-0.677003542640809,1.93335299937893,4.41791247242469e-08,4.75340037120108e-07
"ENSG00000086544",-0.95886545937785,5.98218374638977,4.42817780425718e-08,4.76260283332579e-07
"ENSG00000143374",0.820136827200224,4.95061314463217,4.45781577817495e-08,4.79262583062929e-07
"ENSG00000149798",-1.20386284736248,3.67703996840586,4.46242210488414e-08,4.79572434324353e-07
"ENSG00000172985",-1.37270141322154,2.46504698137569,4.46718580501855e-08,4.79737974442843e-07
"ENSG00000203805",4.22818290402259,1.53968401660015,4.46741219504176e-08,4.79737974442843e-07
"ENSG00000232450",1.32803885668562,-1.66088459051174,4.47264764205461e-08,4.80114816165438e-07
"ENSG00000117868",-0.783766109659839,6.26503772487464,4.56478294650179e-08,4.89816003437709e-07
"ENSG00000143977",0.816832372799882,5.32358922967431,4.56884266943326e-08,4.90062557520044e-07
"ENSG00000072840",-1.50327581919408,3.0925260860457,4.57168177310019e-08,4.90178046088033e-07
"ENSG00000204866",6.56043004146789,2.13059782867186,4.59794853003914e-08,4.92804402566391e-07
"ENSG00000262703",2.25236311691774,-2.55330078396364,4.60520199541626e-08,4.93391691442652e-07
"ENSG00000280734",1.61941887628498,2.37087619853961,4.66148825171442e-08,4.99229775683223e-07
"ENSG00000010292",1.1486287772133,6.4575765924465,4.70708434621335e-08,5.0391892579381e-07
"ENSG00000225077",2.10351471591425,-1.09617708291208,4.72011209518916e-08,5.05119190856084e-07
"ENSG00000225938",-1.54263846665749,-3.04527540287269,4.72338437354368e-08,5.05274959928347e-07
"ENSG00000118503",-1.47232034321821,5.56521356320192,4.7332346215837e-08,5.06134004344896e-07
"ENSG00000122687",0.644830826496241,4.73603884324692,4.73940812550391e-08,5.0659937815004e-07
"ENSG00000118162",1.03328778826514,3.43824932554655,4.76770514817359e-08,5.0942828769171e-07
"ENSG00000205710",-1.16136468639502,0.654763902727947,4.80236624339936e-08,5.12934763163081e-07
"ENSG00000118785",4.56357379219008,7.83909420848232,4.81187031469734e-08,5.13621066191566e-07
"ENSG00000116095",-0.59982012395932,3.64743553032849,4.81248516339561e-08,5.13621066191566e-07
"ENSG00000111912",-1.20213087693953,5.25634226187629,4.82486575547084e-08,5.14744883992752e-07
"ENSG00000066117",0.628076257345653,5.64372612787467,4.84040762970436e-08,5.16204974712298e-07
"ENSG00000175294",3.49476358927648,1.32198375976856,4.8429824072244e-08,5.16281600966394e-07
"ENSG00000142599",-0.74989300164572,6.44712217829222,4.87336523473569e-08,5.19209555595685e-07
"ENSG00000055211",-0.616994343105247,4.98520275724676,4.87418167641151e-08,5.19209555595685e-07
"ENSG00000168675",-1.39008844158198,3.08771910239467,4.88852155311273e-08,5.20537710400935e-07
"ENSG00000221916",1.39651474219122,-0.0713722420900688,4.90334950095295e-08,5.21916799349424e-07
"ENSG00000122783",0.726469980448794,4.33529129950722,4.91130102663694e-08,5.225631807722e-07
"ENSG00000115839",-0.571208300658093,5.49424761775181,4.9482216072852e-08,5.26290201007355e-07
"ENSG00000014164",0.676856813191432,4.77301350041901,4.99833441662551e-08,5.31416953859348e-07
"ENSG00000260361",1.54139159511803,-0.591161627004825,5.00979817119967e-08,5.32432237430556e-07
"ENSG00000197785",0.9838050796743,4.98259339915173,5.04698286625478e-08,5.36179276008954e-07
"ENSG00000087128",-2.47007160045405,3.71621551005487,5.05754918473026e-08,5.37096660843462e-07
"ENSG00000174792",5.45001677860103,0.114852213551097,5.08400039205247e-08,5.39699629405173e-07
"ENSG00000118689",-0.799160550306915,4.96249205417688,5.09871658704581e-08,5.41055339318981e-07
"ENSG00000166147",-1.67401588189617,5.70626217702146,5.10766557794497e-08,5.41798255985444e-07
"ENSG00000253701",-2.48329382500609,-2.2598332448758,5.12233680436989e-08,5.43147363857948e-07
"ENSG00000145675",-1.12691248149302,5.18716586969965,5.22752368945251e-08,5.54089620330575e-07
"ENSG00000123200",-0.70850705410626,5.33672517979888,5.2863031374975e-08,5.60106473002735e-07
"ENSG00000197903",1.98671610716974,4.13145713205082,5.29760668478939e-08,5.61090383564537e-07
"ENSG00000175556",-1.42654710668058,0.755158095280818,5.3059341026854e-08,5.61758451457895e-07
"ENSG00000117410",0.872156106594177,6.72536789312662,5.33010932969466e-08,5.63976036041975e-07
"ENSG00000106829",-1.13366548164272,3.82498331684176,5.33093516972047e-08,5.63976036041975e-07
"ENSG00000007376",0.829003114832395,4.44661320378885,5.36515591356204e-08,5.67380537733464e-07
"ENSG00000105397",0.672403286545014,5.91029518886691,5.37315897607863e-08,5.67990368131755e-07
"ENSG00000165028",-1.02821012051638,-0.277961574940444,5.37500682746478e-08,5.67990368131755e-07
"ENSG00000164466",0.775670288646105,5.13377686155543,5.39187953648242e-08,5.69556952328847e-07
"ENSG00000028528",-0.537197626237171,6.17256384643862,5.40306498390196e-08,5.70521816238668e-07
"ENSG00000276772",-2.13360375079082,-4.14237752968422,5.41158766009138e-08,5.71204886490024e-07
"ENSG00000198580",-1.46622649659919,-1.86132674777798,5.42987398994046e-08,5.72917622466669e-07
"ENSG00000124575",4.97144368458006,0.0750882523198157,5.44906310093421e-08,5.74724277687839e-07
"ENSG00000235501",-1.30698117727623,1.26296073311836,5.46885347209098e-08,5.76592955342177e-07
"ENSG00000101407",0.697931022052875,4.67757175276802,5.49772066231109e-08,5.79415226797098e-07
"ENSG00000171988",-0.836275696216156,4.85266517272126,5.49978858355567e-08,5.79415226797098e-07
"ENSG00000104728",-1.06225890749902,3.40087719371425,5.54140800036888e-08,5.83578874344035e-07
"ENSG00000100526",1.60653530259848,3.26898324575605,5.5438203890042e-08,5.83611947310271e-07
"ENSG00000256164",-1.76474387859339,-2.77369946108909,5.55187234100157e-08,5.84238461673389e-07
"ENSG00000116898",0.815959006920219,5.77869394690397,5.58282479562741e-08,5.87273472166358e-07
"ENSG00000204315",1.0492288772175,2.96573478101448,5.62122801109274e-08,5.91089658497249e-07
"ENSG00000204851",-1.4393268377521,-0.448257127175695,5.636131823142e-08,5.92209690509679e-07
"ENSG00000119801",-0.604500713534619,6.21897215482169,5.63613795987172e-08,5.92209690509679e-07
"ENSG00000109066",0.855564731173252,4.26141770365808,5.71172083451002e-08,5.99683207133881e-07
"ENSG00000266445",3.00277578610215,-3.38063285945019,5.71212929025669e-08,5.99683207133881e-07
"ENSG00000280119",-2.27398107381745,-3.9110958865295,5.71373278288852e-08,5.99683207133881e-07
"ENSG00000261211",1.96862539748175,-0.0548815591561122,5.7229299450501e-08,6.00421918376757e-07
"ENSG00000130733",0.834620077047516,5.20140750470844,5.73076328493419e-08,6.01017040889421e-07
"ENSG00000139874",-2.29517393392,-0.441317166376352,5.75108422433276e-08,6.02920865176657e-07
"ENSG00000143321",0.85475442391526,8.16946787683094,5.76958626841237e-08,6.04632640856644e-07
"ENSG00000125375",-0.57533038300451,3.71914681407567,5.7927318413234e-08,6.068295695018e-07
"ENSG00000166140",0.744449155176182,4.78989745089517,5.89785378668334e-08,6.17609214491806e-07
"ENSG00000163430",-1.26238982088884,7.52344685861058,5.9260666213079e-08,6.20245002608677e-07
"ENSG00000240230",0.72177328577198,3.56054381720453,5.92748433083041e-08,6.20245002608677e-07
"ENSG00000112679",-0.769841650912872,4.37258655840293,5.93558620067466e-08,6.20859191422957e-07
"ENSG00000165685",4.13308452805098,1.60986883130483,5.95202030228019e-08,6.22344137847064e-07
"ENSG00000109881",1.14686437993483,3.57076874077955,5.96772712511391e-08,6.23751952389302e-07
"ENSG00000100983",0.82139041873773,5.94751202658937,5.97922100395857e-08,6.24718534121337e-07
"ENSG00000267213",1.85011435379103,-0.360506406485421,5.99159352859328e-08,6.25776157757285e-07
"ENSG00000254528",-1.94658141335839,-3.26595284053427,6.00330292729825e-08,6.26747724869964e-07
"ENSG00000139343",1.02461803135414,5.65191184444025,6.00540282162462e-08,6.26747724869964e-07
"ENSG00000268355",-1.73240928132675,-3.46139912425587,6.02030957683876e-08,6.28067780422417e-07
"ENSG00000232037",-1.19993310288011,-2.9584643698353,6.04899036293147e-08,6.3082328070571e-07
"ENSG00000119203",0.6582635462683,5.2770290046625,6.06906411460769e-08,6.32679461092892e-07
"ENSG00000132514",-1.83839102946348,1.47164977428222,6.10018165700096e-08,6.35685097138133e-07
"ENSG00000162227",0.695069501834236,3.43724258827191,6.12176032309033e-08,6.37694830959219e-07
"ENSG00000143479",-1.14833554414842,1.70074321760296,6.15114498793676e-08,6.40515894981224e-07
"ENSG00000128563",0.685240876081135,4.69601150460442,6.15419791851289e-08,6.40593962229039e-07
"ENSG00000205339",-0.808084040587769,6.49456263810535,6.2258227633592e-08,6.47806990337858e-07
"ENSG00000269489",2.7637773430344,-3.09281495674994,6.23629925298131e-08,6.48654417064956e-07
"ENSG00000128534",0.587605090592958,4.53512802292351,6.25866272044961e-08,6.50737144836878e-07
"ENSG00000127603",-0.973492551314988,6.91959841252391,6.26572272092827e-08,6.51227750512623e-07
"ENSG00000163661",-2.33952045441067,2.38817712427029,6.28103178085959e-08,6.52575035192558e-07
"ENSG00000132622",-1.26171004737872,2.03229968130737,6.29528778152631e-08,6.53811945734097e-07
"ENSG00000198517",-0.868192414888899,4.88313042186142,6.33928126998061e-08,6.58135236886789e-07
"ENSG00000168952",-2.07781549971284,1.86337879034494,6.37009330897199e-08,6.61087332844917e-07
"ENSG00000237424",1.68340552982084,1.61059458719677,6.41789590860126e-08,6.657998467211e-07
"ENSG00000116774",-1.77381182749778,4.41585036993048,6.4231080628128e-08,6.66092112419882e-07
"ENSG00000163239",-1.5830180116796,-1.14423078409223,6.46651073030591e-08,6.70343134334694e-07
"ENSG00000132763",0.784879772667171,3.05858840033227,6.47200052388377e-08,6.70662259950743e-07
"ENSG00000234694",1.6661908077162,-0.383539367092911,6.52089509943352e-08,6.75477301305566e-07
"ENSG00000213347",1.30758642563127,3.14482495097398,6.53063242880635e-08,6.76234101795946e-07
"ENSG00000237187",-1.45280959951962,1.48535662651035,6.56605795215615e-08,6.79649310842274e-07
"ENSG00000104886",0.957384443041916,5.57387852976411,6.58574372224545e-08,6.81433371081893e-07
"ENSG00000118898",-1.37108694498505,7.01766416091204,6.59509912337806e-08,6.82147608473462e-07
"ENSG00000214796",2.40369365398202,2.886414819994,6.5997107165573e-08,6.82370833307093e-07
"ENSG00000270195",1.77346194715178,-0.18784583046862,6.61815472858373e-08,6.8402355059866e-07
"ENSG00000178093",1.01160736487605,0.251449096337312,6.66660028653567e-08,6.8877471682547e-07
"ENSG00000160446",1.09628333367714,5.44480694751384,6.68860165329672e-08,6.90791228307247e-07
"ENSG00000163492",-1.89958272823593,-1.59995558851555,6.7648687183111e-08,6.984086624439e-07
"ENSG00000175931",0.627862942162883,5.28266402496702,6.77546339672976e-08,6.99242907062133e-07
"ENSG00000143179",1.11258184123431,5.16652217636042,6.78606537171687e-08,7.00077285547334e-07
"ENSG00000239523",1.42324008751293,-0.551615200497688,6.86266920391109e-08,7.07717532696994e-07
"ENSG00000175279",0.909254213663968,1.62732422379584,6.91087290522384e-08,7.12424418506266e-07
"ENSG00000186952",-1.23439723338549,-1.72840501796492,6.92002768089616e-08,7.13103852866858e-07
"ENSG00000147655",-2.6851027320229,-0.428161000397586,6.92991725146184e-08,7.13858475981141e-07
"ENSG00000159063",0.803514849726014,4.75713814791523,6.95250034368944e-08,7.15919629985318e-07
"ENSG00000277728",1.50680501974223,-2.01386011305195,6.96026875667873e-08,7.16454311360124e-07
"ENSG00000119333",1.36064116689144,6.12624804329878,7.01508983530843e-08,7.21830164962757e-07
"ENSG00000112473",0.887745960395864,7.22785457312915,7.0388795596638e-08,7.24010196719413e-07
"ENSG00000165434",-1.17819758711023,3.60921094889825,7.10255767419717e-08,7.30289968918469e-07
"ENSG00000104973",0.703537165031405,5.61002823744289,7.11505179789675e-08,7.31304270712869e-07
"ENSG00000105656",-0.521464350985141,4.18897912260005,7.13082567890515e-08,7.32654800913886e-07
"ENSG00000269867",1.10400047028979,1.49661470564754,7.13927674936654e-08,7.33252231278181e-07
"ENSG00000162618",-1.16774842667612,3.39878823277768,7.14919511038371e-08,7.33999865651909e-07
"ENSG00000132906",-0.734673725415584,3.83228109924828,7.20945285791854e-08,7.39913329657891e-07
"ENSG00000148730",-0.665920777931929,6.70065314235682,7.21613141482478e-08,7.40325573738553e-07
"ENSG00000247092",1.14056429316623,2.09600778918977,7.22234123261068e-08,7.40689442118735e-07
"ENSG00000131668",5.64108962527384,1.83751581153822,7.23085885247973e-08,7.41279842849891e-07
"ENSG00000177542",1.01639978204129,4.75808809616948,7.23342858912956e-08,7.41279842849891e-07
"ENSG00000133275",0.707920629935738,5.95888486849708,7.26206218161498e-08,7.4394009376522e-07
"ENSG00000071894",0.767449812599715,6.44376776863726,7.26673002227402e-08,7.44144190388466e-07
"ENSG00000276026",1.48995276601232,-2.21627757630411,7.28821151750767e-08,7.46069293104309e-07
"ENSG00000159840",-0.930506525452863,7.36506741461219,7.32976927454922e-08,7.50047361416621e-07
"ENSG00000234753",2.91256641858829,-1.85241377623938,7.3424148231134e-08,7.50878973041037e-07
"ENSG00000262097",-1.89806580435324,-3.3644315603905,7.34329560519045e-08,7.50878973041037e-07
"ENSG00000167130",0.876159733645698,4.19005240167807,7.34658407829593e-08,7.50939150935849e-07
"ENSG00000104321",-2.1615331088646,2.86634839958458,7.38071941443208e-08,7.5415117220279e-07
"ENSG00000119559",0.852419798645694,4.4207821133637,7.38832661607619e-08,7.54651223550963e-07
"ENSG00000188070",-0.856037554741519,3.33827854404979,7.41308257064561e-08,7.56901855864047e-07
"ENSG00000230498",-1.90157432452022,-3.81241633365942,7.50296229955433e-08,7.65797763073411e-07
"ENSG00000198832",-1.48627687771224,5.2561174912431,7.56284254053747e-08,7.71626337417346e-07
"ENSG00000187231",-0.977807879410134,4.87474684165069,7.6738279015912e-08,7.82662909523124e-07
"ENSG00000157593",0.853755968119975,5.82448079323505,7.71746733917664e-08,7.86536458306342e-07
"ENSG00000161682",2.45167613495885,2.05453438005805,7.71822197920004e-08,7.86536458306342e-07
"ENSG00000101464",0.957824517401993,5.14679693601924,7.72029098326794e-08,7.86536458306342e-07
"ENSG00000092820",-0.862434432069691,8.48967484176257,7.76744596829033e-08,7.9105080452603e-07
"ENSG00000237949",-3.05056851377416,-4.16289089783472,7.7749752323167e-08,7.91527767702871e-07
"ENSG00000169508",-1.59933838881172,2.76082290023558,7.88430338586063e-08,8.02364178817935e-07
"ENSG00000149782",0.834540213276838,6.06187993138183,7.9206657713243e-08,8.05769850394451e-07
"ENSG00000173137",1.0912692297887,3.77742288768933,7.92601152001911e-08,8.06018860717702e-07
"ENSG00000237686",3.34863050719215,0.586167568212451,7.93021566708559e-08,8.06151638701212e-07
"ENSG00000279491",1.38981341035541,-1.19382287408349,7.93419259902954e-08,8.06261230386586e-07
"ENSG00000004487",0.851723926005308,6.78250155453158,7.94102948822699e-08,8.06661260613796e-07
"ENSG00000280378",1.32567929999783,-1.67174301956478,7.96670494758687e-08,8.08973949277961e-07
"ENSG00000169221",0.619380709891534,5.97874630037437,7.97314170514013e-08,8.0933208118636e-07
"ENSG00000198663",-0.506777193436858,5.95611934835322,8.01200172409886e-08,8.12979948749951e-07
"ENSG00000198276",0.73564213008705,5.05624212778062,8.0324563294812e-08,8.1475823447068e-07
"ENSG00000230177",1.34225694627077,0.362516879011687,8.09325654608754e-08,8.20626118542956e-07
"ENSG00000133195",1.00581907849946,5.31479575667267,8.10294737824651e-08,8.2130931279581e-07
"ENSG00000144357",-0.702079061663431,4.74688181403844,8.11306735509222e-08,8.22035491246557e-07
"ENSG00000186301",1.99826191618142,0.883745076145759,8.14640595181594e-08,8.25112850465611e-07
"ENSG00000213024",0.65749171884576,6.09832758789745,8.16279823763492e-08,8.26472178315763e-07
"ENSG00000108262",0.794124942842698,6.23703175039543,8.17314252191879e-08,8.27218387780667e-07
"ENSG00000196814",-0.99652414467343,3.42249576947382,8.19062881207329e-08,8.2868664659947e-07
"ENSG00000175643",1.50920799403146,4.21559218941046,8.22725054686192e-08,8.32089161672257e-07
"ENSG00000244151",1.33999422086652,-0.356604272354636,8.33138050655074e-08,8.42314380329683e-07
"ENSG00000105185",0.890755836762778,5.630228559025,8.34297773628058e-08,8.43180377104549e-07
"ENSG00000143543",0.759178665973521,6.80132246044309,8.40387252740006e-08,8.49026177277798e-07
"ENSG00000136383",-1.32371645812495,2.78637689506618,8.44338180166611e-08,8.52707981298981e-07
"ENSG00000064545",0.80318581353566,4.81069188622369,8.46938399118828e-08,8.55023509789182e-07
"ENSG00000124571",0.810260941334338,5.51353101445542,8.47250556258575e-08,8.55028291771398e-07
"ENSG00000274677",1.51197168683741,-2.27894237679667,8.55123676852568e-08,8.62660675527765e-07
"ENSG00000260751",1.41132763298142,-0.597485790494369,8.55616741688404e-08,8.6284512097823e-07
"ENSG00000104549",1.47021757055726,5.88796147527698,8.61903187639011e-08,8.68869639644937e-07
"ENSG00000228013",-1.56234246679185,-3.26785669826177,8.63152787154844e-08,8.69814074968757e-07
"ENSG00000240889",1.06775000339153,0.11004294867673,8.69092934121251e-08,8.75482860438767e-07
"ENSG00000172869",-0.84685970047253,4.15516237723606,8.70653339284562e-08,8.76737194986297e-07
"ENSG00000176912",1.79956696341285,0.625284860965807,8.73313863500744e-08,8.79098026983214e-07
"ENSG00000169851",-1.86724713907397,4.51126799754602,8.74840404479466e-08,8.80316069818646e-07
"ENSG00000136699",0.613129172309399,5.64076778750113,8.80041321815211e-08,8.85229268847973e-07
"ENSG00000237491",1.4592189814573,-0.79530776592993,8.91978627685244e-08,8.96912565864414e-07
"ENSG00000264672",1.71926164832028,-2.12582280366563,8.93890696434499e-08,8.98510370073463e-07
"ENSG00000236200",1.25826274268156,-0.0151554464110335,9.0213786575194e-08,9.06472559976832e-07
"ENSG00000132749",2.0612724585294,2.02518338026224,9.03406935476189e-08,9.07419902361836e-07
"ENSG00000029559",5.30615377243887,1.07786451797126,9.0506505089264e-08,9.08757193519025e-07
"ENSG00000032389",0.724917898910841,4.52183127951954,9.09900307179437e-08,9.1328246999573e-07
"ENSG00000135999",-0.606622085644073,3.95064796986051,9.14198727730765e-08,9.1726584467445e-07
"ENSG00000111196",0.855797305477615,3.70069114525255,9.16442932747289e-08,9.19185982275526e-07
"ENSG00000167862",0.751801817553559,4.35449010494095,9.18567065837503e-08,9.20984347589707e-07
"ENSG00000151229",-1.18398944572229,2.01320661174296,9.19063334000354e-08,9.2114985616403e-07
"ENSG00000128604",1.5349425377929,4.78092082851737,9.32270216260358e-08,9.34050126975841e-07
"ENSG00000187140",-2.30530029952239,-2.38734159605563,9.35079217976772e-08,9.36527126020452e-07
"ENSG00000006625",1.07172489940508,5.68358496192097,9.37322220467474e-08,9.38435670189411e-07
"ENSG00000255583",-2.64237994045458,-4.10014983873603,9.52279743539022e-08,9.530678843847e-07
"ENSG00000269934",-1.67339191278945,-3.35358585170469,9.59473249628852e-08,9.59921924170045e-07
"ENSG00000170540",0.929544485954173,7.63900765860728,9.59858156872467e-08,9.59961701441709e-07
"ENSG00000125970",0.76690487825966,7.51694471502168,9.60490802613778e-08,9.60249126279548e-07
"ENSG00000148660",-0.882647873566132,5.75428819983455,9.65186462577317e-08,9.64596876883325e-07
"ENSG00000152556",-0.846666860108153,5.10871912728861,9.6554931388368e-08,9.64612897523232e-07
"ENSG00000279917",-1.51373943775064,-3.08978499414812,9.70847106791768e-08,9.69557291964073e-07
"ENSG00000101199",0.758798467457985,6.27821438262163,9.74326531054327e-08,9.72682835901436e-07
"ENSG00000251141",-1.23456065034753,-1.24015062286692,9.81046139642709e-08,9.79039694362492e-07
"ENSG00000112584",-0.520944752188625,4.4028589870492,9.82080313223062e-08,9.79720220648243e-07
"ENSG00000130935",0.625359574337294,5.37791638311767,9.82576518018386e-08,9.79863775390655e-07
"ENSG00000242611",-2.31786144863155,-3.05517213961987,9.87398991907464e-08,9.84320005803667e-07
"ENSG00000279452",1.5577262506338,-0.870401036950852,1.00078976964803e-07,9.97311568012204e-07
"ENSG00000163463",0.884310380294444,4.36186147883696,1.00224535361946e-07,9.9840437035165e-07
"ENSG00000126249",0.989719392126875,2.66711622883978,1.00821104013746e-07,1.00398759969005e-06
"ENSG00000158850",1.14920871448241,5.89298861300258,1.00948861972536e-07,1.00490003509024e-06
"ENSG00000183160",-1.62991470776626,3.74893666863712,1.01030344448543e-07,1.00535133100083e-06
"ENSG00000065882",-0.932466627188822,6.0556215767186,1.01516520048399e-07,1.00982795855011e-06
"ENSG00000171150",-0.611742502892472,3.83820391662756,1.02001311558201e-07,1.01428762186923e-06
"ENSG00000147536",1.49948337273754,2.47001309951218,1.02286343783298e-07,1.01675842732125e-06
"ENSG00000268964",7.72452086180991,-0.286369197636345,1.0267737262386e-07,1.01996160007868e-06
"ENSG00000139131",0.775895328163783,3.98398090445831,1.02681928602463e-07,1.01996160007868e-06
"ENSG00000149488",-1.67211923493228,-3.19918345247731,1.03041814390262e-07,1.02317100451138e-06
"ENSG00000241418",3.05975541176223,-1.83650211877747,1.03491161627685e-07,1.02726612360842e-06
"ENSG00000275632",1.29566435528262,0.255719669919382,1.03720993127322e-07,1.02918015763475e-06
"ENSG00000272254",-2.19266844724592,-4.13544487211369,1.04134107887137e-07,1.03291082120718e-06
"ENSG00000228203",2.53309958647885,0.165165220797997,1.04596366522626e-07,1.03712611126338e-06
"ENSG00000118705",0.817173582738692,8.32369393922416,1.04794570963827e-07,1.03872109843796e-06
"ENSG00000134072",-1.11319579498694,1.38143152194999,1.04912146257981e-07,1.03951603985509e-06
"ENSG00000179564",-1.70570698057956,-3.66442186870192,1.05139868495838e-07,1.04140141113773e-06
"ENSG00000257512",2.19575114100053,-0.103345725393421,1.0572831814507e-07,1.04685714224594e-06
"ENSG00000240661",2.29281959135566,-3.20220014294183,1.06754618182423e-07,1.05626687851574e-06
"ENSG00000120802",0.997337779232276,6.39402669846042,1.0817382193405e-07,1.06992834617772e-06
"ENSG00000130307",-1.06289711111994,0.569277404480449,1.08519777441152e-07,1.07265880729929e-06
"ENSG00000187066",1.06874936926762,0.0346200304675286,1.08527015558919e-07,1.07265880729929e-06
"ENSG00000205177",-1.54034134171977,-2.78297072004519,1.10069650909798e-07,1.08751943188426e-06
"ENSG00000118564",-0.634373029858464,5.81579741770057,1.10184778094733e-07,1.08827032427159e-06
"ENSG00000107954",-1.99596084424572,1.96772711026289,1.10737161878138e-07,1.09333783575316e-06
"ENSG00000279430",-1.7330489320734,-3.6678676253324,1.10970402330985e-07,1.09525188077775e-06
"ENSG00000109787",-0.764355243322112,6.10995814872966,1.11063624588364e-07,1.09578311127214e-06
"ENSG00000130816",1.05764358759355,6.06633614538888,1.11506713344202e-07,1.09976461639798e-06
"ENSG00000060762",-0.711656452828649,3.86888268427273,1.14432470876821e-07,1.1282205999635e-06
"ENSG00000124562",0.816624650119928,5.88870272295733,1.14875207902083e-07,1.13218432224686e-06
"ENSG00000116521",0.724651576057129,6.02115936226843,1.15055968249617e-07,1.13356416752624e-06
"ENSG00000160051",1.0117062370854,1.90323096147232,1.15149128307776e-07,1.13408027819553e-06
"ENSG00000151503",0.93765921603484,4.69503987127696,1.15489198694608e-07,1.13702693213916e-06
"ENSG00000196428",-0.891120390801548,5.17429510210155,1.16501351958621e-07,1.14658602336345e-06
"ENSG00000263843",1.14679342523108,0.174071500255202,1.17381679967651e-07,1.15484140960038e-06
"ENSG00000146828",0.750965586021982,5.41943283315708,1.17917366344687e-07,1.1597014533751e-06
"ENSG00000184005",-1.46785014804632,0.426110853138789,1.18629059875624e-07,1.16628845610489e-06
"ENSG00000196338",-1.42587582704257,0.322409089042222,1.19885110175554e-07,1.17809970074389e-06
"ENSG00000198919",-0.775830665573708,3.23344772903367,1.19915156682341e-07,1.17809970074389e-06
"ENSG00000223403",-2.09486293933301,-2.16960983764106,1.19999592570255e-07,1.17851294779537e-06
"ENSG00000141646",-0.595712697103508,5.14033969244677,1.2032011358681e-07,1.18124367073419e-06
"ENSG00000117616",1.15848399424498,5.30444563151872,1.21411338853991e-07,1.19153619179466e-06
"ENSG00000254595",-1.0659778013659,-1.535622092025,1.21488875335982e-07,1.19187657485702e-06
"ENSG00000125846",0.77944616632384,3.92911737076396,1.2194264295466e-07,1.195906462799e-06
"ENSG00000142252",0.836785499070959,3.87897900591523,1.22252879049403e-07,1.19852637469194e-06
"ENSG00000176890",1.53131974317034,4.9698259543224,1.23220646824494e-07,1.20758838975675e-06
"ENSG00000147155",1.03862630104127,5.60240901705625,1.24157621120279e-07,1.21634234456439e-06
"ENSG00000101442",0.748829805059163,3.39526232224684,1.24300074748587e-07,1.21730914752904e-06
"ENSG00000109458",-0.888342669282692,3.61784456890892,1.2444451944068e-07,1.21829476212729e-06
"ENSG00000132768",0.774420167532242,4.43480357001549,1.24495980604346e-07,1.21836970744148e-06
"ENSG00000158106",2.11221222537072,4.76830398691284,1.24829536856489e-07,1.22092834205826e-06
"ENSG00000120539",0.953324749629127,3.95193054131993,1.2484522362973e-07,1.22092834205826e-06
"ENSG00000002079",3.86930819938486,0.0861492611696983,1.25079668678429e-07,1.22279115112589e-06
"ENSG00000127481",-0.64560579246866,6.66806197814448,1.25603311115587e-07,1.22747887985166e-06
"ENSG00000255504",-1.98001988411458,-4.09956554414369,1.2597563465493e-07,1.23068504624431e-06
"ENSG00000183207",0.794204192690617,6.36160001345023,1.2620997626045e-07,1.23254145706879e-06
"ENSG00000156170",0.758358410110435,3.33407457267136,1.26356626103053e-07,1.23354048501377e-06
"ENSG00000236015",1.51888667411981,-1.45173893355197,1.27371002598017e-07,1.24300691061707e-06
"ENSG00000278464",-3.0979614634804,-3.15705033953672,1.27677020899423e-07,1.24555628981959e-06
"ENSG00000133247",1.05027174317939,3.46482344842626,1.28591848662294e-07,1.25404105429326e-06
"ENSG00000270170",0.855042815414219,4.093841226174,1.29950388854312e-07,1.26684548377322e-06
"ENSG00000184743",-0.871114024921016,5.81849998247317,1.30045733813657e-07,1.26733076193386e-06
"ENSG00000122386",0.902881385306517,3.619676685195,1.30525054735126e-07,1.27122375634669e-06
"ENSG00000128228",1.25897718646517,4.44633555271177,1.30536621296737e-07,1.27122375634669e-06
"ENSG00000225194",-1.82085290562776,-2.1365195057143,1.31129034475302e-07,1.27654596985005e-06
"ENSG00000108639",0.93263916054147,7.55264146821715,1.32850767753665e-07,1.29285458486098e-06
"ENSG00000114354",0.743312914987944,6.55735771116689,1.32965017964008e-07,1.29351383163097e-06
"ENSG00000153201",-0.589329560398407,6.00000740765158,1.33204493835696e-07,1.29539041505323e-06
"ENSG00000174327",1.27020211832811,2.50724918043399,1.33446478481546e-07,1.29729007550061e-06
"ENSG00000198597",-2.39426535948345,-0.785912017662042,1.33911872272874e-07,1.30120706100734e-06
"ENSG00000118804",-1.01826869707461,1.62755545542705,1.33942969678352e-07,1.30120706100734e-06
"ENSG00000163933",0.630077942518154,4.24285476700516,1.34647930953859e-07,1.30759877919682e-06
"ENSG00000111481",0.558740525430463,6.84463083961768,1.35062340706366e-07,1.31116540386253e-06
"ENSG00000131473",0.791463577264028,6.97194265582411,1.36409607485678e-07,1.32378241905065e-06
"ENSG00000197757",3.03993378623709,1.38454600723179,1.3650290770028e-07,1.32422580113982e-06
"ENSG00000259683",-1.80008447365433,-2.1870878097339,1.36759662052843e-07,1.32625400302501e-06
"ENSG00000122008",-0.714621224322728,3.0550146765819,1.37189807730743e-07,1.32996170178291e-06
"ENSG00000112137",-1.39063800547717,1.79873539033658,1.39648434329147e-07,1.35324892012677e-06
"ENSG00000111341",-1.83590641568361,7.05520800804557,1.39689269395029e-07,1.35324892012677e-06
"ENSG00000100253",3.62802987280364,-1.32153375188014,1.39760220767322e-07,1.35346483990304e-06
"ENSG00000231367",-1.56659572438656,-2.29556437724414,1.41351313825527e-07,1.36793587925152e-06
"ENSG00000272524",2.51541109027066,-3.16079120100078,1.41352882356051e-07,1.36793587925152e-06
"ENSG00000173588",0.760519204302749,2.94581652559202,1.42839952368476e-07,1.38184612007806e-06
"ENSG00000244306",3.03898440203191,-0.556025321571427,1.43963008102066e-07,1.39222640623879e-06
"ENSG00000204394",0.804665927978282,6.5266378258752,1.44793469421427e-07,1.39977086027742e-06
"ENSG00000232671",1.35667556094283,-0.672767407804587,1.4670067174656e-07,1.4177156995438e-06
"ENSG00000185262",1.13008363716318,6.39776372753038,1.47198675089085e-07,1.42203430019198e-06
"ENSG00000123066",-0.766700275354969,5.36396218185565,1.47549101248763e-07,1.42492470591384e-06
"ENSG00000125505",1.13591230188495,7.31992426674505,1.47979897476721e-07,1.42829779029603e-06
"ENSG00000254593",2.00769734220827,-2.20249046301196,1.48001086960528e-07,1.42829779029603e-06
"ENSG00000109674",2.04840979522708,1.42299169449374,1.48084205678236e-07,1.42860423604883e-06
"ENSG00000270882",2.52511685489787,-1.91214167150159,1.49465297422015e-07,1.44142798793291e-06
"ENSG00000184207",0.959194186929059,4.20912462452587,1.49532915961478e-07,1.44158023973538e-06
"ENSG00000105829",0.591807238419681,3.85158594720395,1.50270663282757e-07,1.44819056059713e-06
"ENSG00000172752",-2.19763024555468,0.0594355622448712,1.51462282689509e-07,1.45916884947812e-06
"ENSG00000205090",-1.15083668065384,-0.477203549877483,1.52384842438313e-07,1.46754834582299e-06
"ENSG00000183765",0.903896607745571,3.68474145720565,1.52841776349024e-07,1.47143936503821e-06
"ENSG00000167702",1.81793348578084,5.11965577584258,1.5380047403766e-07,1.48015660360189e-06
"ENSG00000245598",-1.16402023011743,-3.05672285977561,1.53974203147648e-07,1.48131598483069e-06
"ENSG00000091127",0.954251721669642,3.97646263891919,1.54299499075701e-07,1.48393221569588e-06
"ENSG00000108551",-1.85264233972402,2.99790392259079,1.55676050330299e-07,1.49665329686713e-06
"ENSG00000257605",1.17051685741445,-0.415063565615892,1.56738192799251e-07,1.50634393791484e-06
"ENSG00000036257",-0.584615967245805,5.11364441646929,1.57674218850751e-07,1.51481625177752e-06
"ENSG00000073910",-1.37583458029348,4.80741774081859,1.58292396580903e-07,1.52023011951127e-06
"ENSG00000128342",-1.6219989926617,4.05369996064655,1.59752634014073e-07,1.53372454602465e-06
"ENSG00000137558",-1.82249672784063,1.96372595719935,1.61002428418931e-07,1.54518997295229e-06
"ENSG00000142627",-1.2782129886709,6.91290181619465,1.61321275687852e-07,1.54771598506597e-06
"ENSG00000156050",-0.831965201605924,1.91657864636665,1.61712932887002e-07,1.55093855254696e-06
"ENSG00000279722",-1.01178018361931,-0.277459227569152,1.62011371396513e-07,1.5532651749918e-06
"ENSG00000134825",0.731586641596586,5.84124784752577,1.63378193105172e-07,1.56582966396766e-06
"ENSG00000251301",-1.9407768841023,-1.27364915456725,1.63813727327988e-07,1.56946303760707e-06
"ENSG00000227076",2.59396518736823,-1.73082990534522,1.64469609830871e-07,1.57520429002273e-06
"ENSG00000165898",0.701798497735837,3.55500506831789,1.64955250212466e-07,1.57931166064004e-06
"ENSG00000171320",1.50263233650107,2.26763292867833,1.65145812310236e-07,1.58059204328445e-06
"ENSG00000105676",0.682627274523652,4.89998256147747,1.65686005760237e-07,1.58521667637065e-06
"ENSG00000171824",0.551874077465655,5.74182902967125,1.66600320293994e-07,1.59341633711721e-06
"ENSG00000086300",1.73765468143471,3.45126887167708,1.66944470902926e-07,1.59615901313959e-06
"ENSG00000084774",0.888952067035594,5.72314970492656,1.6721581496157e-07,1.59820393866878e-06
"ENSG00000172586",0.868361068972754,4.78197425997616,1.67524380300433e-07,1.60060308804396e-06
"ENSG00000159556",1.82865304553065,0.473353462580379,1.68550660080376e-07,1.60967903141184e-06
"ENSG00000149923",0.807036222924834,6.83757101260958,1.68629822655866e-07,1.60967903141184e-06
"ENSG00000267523",1.5850220862617,0.488965749407455,1.68647923544173e-07,1.60967903141184e-06
"ENSG00000149243",2.13512376658423,1.02943675195371,1.68976784419563e-07,1.61226459864882e-06
"ENSG00000197992",-1.76413533390969,-2.30425835705896,1.70597816676886e-07,1.62717320824219e-06
"ENSG00000215190",1.03359922823483,1.9793046996384,1.71130473418078e-07,1.63169415741413e-06
"ENSG00000272205",1.87171013123487,-1.39801952589181,1.71810098685886e-07,1.63761284261499e-06
"ENSG00000108389",0.909270342549053,5.27498136402032,1.72823133355477e-07,1.64670428503456e-06
"ENSG00000256092",1.52694948927537,0.0825955239682239,1.7316288861831e-07,1.6493765140894e-06
"ENSG00000171241",1.48108374610886,3.5977452656893,1.7397542812883e-07,1.65654864174842e-06
"ENSG00000277737",-2.45652268079599,-4.32750488330753,1.76003940251699e-07,1.67529007194404e-06
"ENSG00000172687",1.47648996013238,3.03307827823247,1.76330371831597e-07,1.67721103670361e-06
"ENSG00000068438",0.802195090092233,5.06530422621302,1.76405925245099e-07,1.67721103670361e-06
"ENSG00000155886",2.94560132978957,-0.46011363584952,1.76411688418451e-07,1.67721103670361e-06
"ENSG00000213780",0.831222526588042,1.09387786253467,1.76446967008046e-07,1.67721103670361e-06
"ENSG00000272463",-1.37158448614558,-0.750851900947531,1.76808190622831e-07,1.68007044953632e-06
"ENSG00000278677",3.13832453561973,-1.45275629837641,1.76917063412842e-07,1.680530834939e-06
"ENSG00000165078",-2.30938387137288,-0.706597912996997,1.77189615244154e-07,1.68254515834266e-06
"ENSG00000204564",0.885920877809348,3.99277095749134,1.78074069068286e-07,1.69036658122739e-06
"ENSG00000196335",2.14165357296956,0.861974923353389,1.78289958314491e-07,1.69183848877548e-06
"ENSG00000137168",0.841624856361679,4.73506627504219,1.81260274088141e-07,1.71943792742614e-06
"ENSG00000166143",4.99406675525065,1.47673288281509,1.82223104984647e-07,1.72798200441118e-06
"ENSG00000131061",0.85918471505111,3.06581392256544,1.84097648253827e-07,1.74516288032846e-06
"ENSG00000260806",1.33294641933309,-0.306239506335277,1.84759096044145e-07,1.75083636738529e-06
"ENSG00000059378",1.25404419225446,5.44075305624409,1.85216656193967e-07,1.75457454316172e-06
"ENSG00000106344",0.591063238896578,4.69478263206263,1.86478740110304e-07,1.76552058910459e-06
"ENSG00000273619",1.40624414611759,0.840963673830385,1.86499100808589e-07,1.76552058910459e-06
"ENSG00000114019",-1.16459946302592,5.27504599813568,1.87103618115438e-07,1.77064067051537e-06
"ENSG00000053372",0.780379520916861,5.52584851932112,1.87464767834436e-07,1.77345496182964e-06
"ENSG00000174175",-1.77553069077911,2.18731372476006,1.88905432799539e-07,1.7864763014123e-06
"ENSG00000225964",2.85265804473464,-1.6200454482375,1.90254430153293e-07,1.79862218417864e-06
"ENSG00000273248",2.6576203377972,-3.40665199021466,1.92429484897031e-07,1.81856651832862e-06
"ENSG00000266017",1.80874389734964,-0.804617239261948,1.92518580658006e-07,1.81874728675323e-06
"ENSG00000207554",1.59377850113866,-1.05765353289953,1.92579396666604e-07,1.81874728675323e-06
"ENSG00000207547",1.71695626953837,-1.22186801528529,1.94796189007267e-07,1.83905852167655e-06
"ENSG00000182963",-1.30415895099289,3.66725217819218,1.94991184978626e-07,1.84027479735681e-06
"ENSG00000092853",1.83586547736117,2.68947952642168,1.96239317478693e-07,1.8514260980444e-06
"ENSG00000102053",-1.33206044771721,0.344519671626773,1.97044439955667e-07,1.85791604471503e-06
"ENSG00000122126",-0.641812932401747,5.05463801226685,1.9706081084059e-07,1.85791604471503e-06
"ENSG00000116663",1.14606918605216,3.97966792064718,1.98981033733306e-07,1.87487141348127e-06
"ENSG00000112319",-1.82815118601835,0.523850018224539,1.98994010448234e-07,1.87487141348127e-06
"ENSG00000169509",-2.76466474331538,2.60015962627664,1.99709191566703e-07,1.8809724839298e-06
"ENSG00000177301",-2.21303999044165,-3.65043801690891,2.00232861279721e-07,1.88526627311201e-06
"ENSG00000115461",-1.73701878448116,7.70930800109934,2.00794345684539e-07,1.88991307496585e-06
"ENSG00000198160",-0.539959402487177,4.72550377162671,2.01766727803793e-07,1.89840060781005e-06
"ENSG00000137193",-1.0981232944202,7.06527102426809,2.01832617743297e-07,1.89840060781005e-06
"ENSG00000177119",-0.84528686469639,6.17333250359453,2.03776447588231e-07,1.91603594887473e-06
"ENSG00000011009",0.825627195588932,6.45153670118481,2.05201279616492e-07,1.92878107129892e-06
"ENSG00000161204",0.539576833781412,5.62542205445967,2.05326376898526e-07,1.9293049056347e-06
"ENSG00000157020",0.813474736435452,6.62062165590617,2.05966147959363e-07,1.93466277379053e-06
"ENSG00000279347",2.26189394470136,-2.82830060281892,2.06125179864073e-07,1.93550291274796e-06
"ENSG00000204475",-1.85380642617152,-1.4480796276994,2.06348146906696e-07,1.93694262906377e-06
"ENSG00000206195",2.7372050372707,2.12823333182523,2.07762221678132e-07,1.949558256253e-06
"ENSG00000075702",1.47949594234546,3.54448127941637,2.08314160498162e-07,1.95407816051784e-06
"ENSG00000187840",1.58527402049824,5.71193015961109,2.09238377697875e-07,1.9620859740091e-06
"ENSG00000221539",1.56524549568297,-0.841322948947525,2.09483466729278e-07,1.96372216384948e-06
"ENSG00000261136",1.74188728894597,-1.09170028720334,2.09724752643567e-07,1.9653216122896e-06
"ENSG00000267896",1.2300822972904,-0.103383764389438,2.11012595703247e-07,1.97672392195837e-06
"ENSG00000204604",1.11611257836187,4.0017697932546,2.11617290907496e-07,1.98170904506837e-06
"ENSG00000152404",-0.717253049403495,3.24583503546938,2.11687253187291e-07,1.98170904506837e-06
"ENSG00000152270",-1.42073790108601,3.20976692894024,2.14365748381288e-07,2.00610853288317e-06
"ENSG00000171163",1.2322510967034,4.81487759186005,2.14785330955904e-07,2.00935903460362e-06
"ENSG00000168298",4.31831676011853,1.19900768388523,2.16039334264429e-07,2.0204108957285e-06
"ENSG00000171848",1.66095383149487,6.00437561184471,2.16279806367302e-07,2.02183586922979e-06
"ENSG00000168078",1.62584161001793,3.32602416281356,2.16337092252826e-07,2.02183586922979e-06
"ENSG00000183444",1.14009816091101,1.81805497785498,2.16864518464801e-07,2.02549503503913e-06
"ENSG00000187801",1.25021687619079,0.782554637950162,2.16874275135603e-07,2.02549503503913e-06
"ENSG00000125912",0.827306543022852,6.31553945689998,2.17052330416715e-07,2.02647749777781e-06
"ENSG00000185955",1.65275718050374,-1.26173584391692,2.17690181986411e-07,2.03175068174095e-06
"ENSG00000204084",-0.601897130387422,3.61466574825786,2.1807367545248e-07,2.03464714369669e-06
"ENSG00000223668",-1.24659999220132,-2.08935983055114,2.18926401743795e-07,2.04191817964459e-06
"ENSG00000143369",-1.57411734939244,5.0681208167378,2.19329763963259e-07,2.04499454412005e-06
"ENSG00000167619",2.97582151932194,0.0277856906097747,2.19602251597559e-07,2.0468490025747e-06
"ENSG00000205726",-0.76195464687192,4.51917047404693,2.19721214027823e-07,2.04727173392155e-06
"ENSG00000260167",1.90083175514152,-2.80055881697524,2.20602109554662e-07,2.05479118320288e-06
"ENSG00000146386",1.01629059016851,5.19630013118029,2.21268797129018e-07,2.06031103265798e-06
"ENSG00000237152",2.30848026487477,-1.82661439570215,2.23850700771968e-07,2.08365446471578e-06
"ENSG00000164941",0.698186356925092,5.00357323845991,2.25076428555264e-07,2.09436289976834e-06
"ENSG00000276712",1.86302907530064,-2.77276981325486,2.25613417874885e-07,2.09865752219203e-06
"ENSG00000106268",1.09617117529615,4.30885647478533,2.28740889907894e-07,2.12703790404823e-06
"ENSG00000095002",0.967409227214595,4.91025000525959,2.29601832199399e-07,2.13433013334288e-06
"ENSG00000261468",-1.21241960898136,-0.956425611197648,2.30041570844159e-07,2.1377033778445e-06
"ENSG00000258644",-0.875410863913726,-2.39629462538141,2.32039669628498e-07,2.15555087888357e-06
"ENSG00000130204",0.878782755159798,6.22978488124621,2.33936301082885e-07,2.17244418765218e-06
"ENSG00000280527",-1.16466136182992,-0.463217666670868,2.34342908188837e-07,2.17549376016559e-06
"ENSG00000120913",-1.11835503263452,3.43451231946374,2.35293174852848e-07,2.18314289675194e-06
"ENSG00000111961",-0.968443885418224,4.7932040323952,2.35323855911348e-07,2.18314289675194e-06
"ENSG00000267751",2.4431550103757,0.416825683031373,2.360317643638e-07,2.18898014746595e-06
"ENSG00000158023",3.0605110451734,3.00793884506909,2.36500112080416e-07,2.19259253909754e-06
"ENSG00000174807",-1.48423565609584,5.05327131192449,2.37863096313188e-07,2.20449393460803e-06
"ENSG00000253730",-1.80088496312253,-3.99208484501748,2.38408773291465e-07,2.20881519372269e-06
"ENSG00000141569",0.8036183669618,4.46937971688612,2.40648353320724e-07,2.22814955601839e-06
"ENSG00000224078",-1.44166891541756,4.04246348532421,2.40655853963227e-07,2.22814955601839e-06
"ENSG00000278214",-1.80789391088142,-3.55922143989622,2.41343884176783e-07,2.23377618988647e-06
"ENSG00000185504",0.664050981864749,5.35603567148083,2.42203839742526e-07,2.2406898752059e-06
"ENSG00000261886",2.4110297165067,-3.65476931986521,2.42251984853994e-07,2.2406898752059e-06
"ENSG00000174776",-2.02323848575962,-3.31816063728479,2.42591769183392e-07,2.24308672749258e-06
"ENSG00000116863",0.624907312059583,5.14929033686402,2.43428435604126e-07,2.24933475587169e-06
"ENSG00000133119",1.17860949183325,3.65141244992134,2.43494898655204e-07,2.24933475587169e-06
"ENSG00000091157",-0.731102045699324,3.51670941200855,2.43510119366111e-07,2.24933475587169e-06
"ENSG00000125454",0.850352066494366,2.78359978216423,2.43593889856595e-07,2.24936150683316e-06
"ENSG00000104055",-2.22609133814222,0.300277522691134,2.45210040064965e-07,2.26353363568764e-06
"ENSG00000162814",1.97862153584516,1.16768931644177,2.45967444632197e-07,2.26957849314467e-06
"ENSG00000197696",1.4999102640078,3.52377774318563,2.46028086032833e-07,2.26957849314467e-06
"ENSG00000274356",2.60800411886683,-3.45766492789488,2.4723303649907e-07,2.27939019455343e-06
"ENSG00000249115",0.873047042919696,4.41011242964665,2.47255607700273e-07,2.27939019455343e-06
"ENSG00000136231",4.39357078457199,2.22179358209501,2.48077229436665e-07,2.28620675358581e-06
"ENSG00000267288",1.57504316620525,-0.375302758920655,2.49345947134062e-07,2.29713773687965e-06
"ENSG00000104835",1.00970452401771,2.84453456504243,2.50637879283766e-07,2.30827527699317e-06
"ENSG00000168005",0.766026331800213,4.49871616957489,2.52397592714197e-07,2.32371209737172e-06
"ENSG00000258429",0.996039295589036,0.648649607470576,2.52854691406487e-07,2.32715007679968e-06
"ENSG00000160917",0.708788036158099,4.57208682638109,2.5322743654762e-07,2.32980968994342e-06
"ENSG00000116539",-0.80158657013784,5.42862351032193,2.55861897417794e-07,2.35326949500037e-06
"ENSG00000160753",0.749288885942002,5.64798064252657,2.56546958851319e-07,2.35879026992785e-06
"ENSG00000173812",-0.570788058147805,8.66821548311262,2.5821976052903e-07,2.37338605406276e-06
"ENSG00000133935",0.792346580011368,5.42053854595576,2.58928038044013e-07,2.3791098520377e-06
"ENSG00000143633",0.614133787705289,3.15408876337769,2.59249480199142e-07,2.38127668189522e-06
"ENSG00000236499",2.65142502245163,-1.18873444575672,2.59744682854478e-07,2.38503759136071e-06
"ENSG00000069011",-1.59294593156089,5.35499576692031,2.62399548663114e-07,2.40862001550073e-06
"ENSG00000115364",0.6467135283569,4.77824044635707,2.62824973029336e-07,2.41106166789922e-06
"ENSG00000121274",-0.596745214670223,3.44385238153246,2.62838923419639e-07,2.41106166789922e-06
"ENSG00000111832",-0.627533132904426,4.78014838698429,2.65368696206976e-07,2.43346506680007e-06
"ENSG00000196865",-0.610478366985511,4.37202864325263,2.66700206245581e-07,2.44486909568502e-06
"ENSG00000233937",0.933201226447642,0.314632310037751,2.67314059398036e-07,2.44968894037482e-06
"ENSG00000163376",-1.35287653702368,0.939986006565249,2.6778686185785e-07,2.45321343506337e-06
"ENSG00000157782",-1.59990642636224,0.0621268400569354,2.67988779384111e-07,2.45425483075742e-06
"ENSG00000177465",1.58808129059857,1.95080861559389,2.68133037653507e-07,2.45476766828736e-06
"ENSG00000171121",1.17553326823317,0.724646479804685,2.70036607381728e-07,2.47138142846594e-06
"ENSG00000229539",1.23592909928218,-0.765578988836637,2.73273470750613e-07,2.50018257960092e-06
"ENSG00000126778",1.91989972378506,2.9452274212377,2.73673574379385e-07,2.50301977119824e-06
"ENSG00000010295",-1.24111974791002,2.4777823022275,2.73982787246757e-07,2.50502408339713e-06
"ENSG00000255967",-1.38700846202071,-3.68001179287605,2.74149108389596e-07,2.50572104884648e-06
"ENSG00000085552",2.13373260667667,5.26397968650672,2.77364934772173e-07,2.53428085769331e-06
"ENSG00000136908",0.890299078759638,5.34988511406017,2.77947685385689e-07,2.53877141991204e-06
"ENSG00000198771",-1.46944039027918,3.03265714943022,2.79343106366618e-07,2.55007056850073e-06
"ENSG00000180385",1.47171297285089,1.67791036155943,2.79368102046587e-07,2.55007056850073e-06
"ENSG00000213079",-0.577354488920472,4.39849415008021,2.81124925423264e-07,2.56526494448729e-06
"ENSG00000088038",0.624644963361277,5.61526312862701,2.82427219830287e-07,2.57630313713997e-06
"ENSG00000249706",-1.68519631039232,-3.98353968655528,2.82912115844801e-07,2.57988022229228e-06
"ENSG00000175606",-0.67077709888905,3.9497733999883,2.84112029008232e-07,2.58997307859913e-06
"ENSG00000137310",1.47461884852053,5.00032226925205,2.84640673186303e-07,2.59394201943992e-06
"ENSG00000063244",0.54823813860603,7.12666404745936,2.8757027788467e-07,2.61978124428639e-06
"ENSG00000162885",-0.953371997578994,2.55552382958489,2.87849243440758e-07,2.62146398422325e-06
"ENSG00000123374",0.968765595779404,5.39173679365972,2.88397568888811e-07,2.62559789967414e-06
"ENSG00000182004",0.70466578675257,5.34448497434378,2.89484044195579e-07,2.63462687212423e-06
"ENSG00000178966",1.09094722605781,3.31633428724477,2.90234676758686e-07,2.64059439472991e-06
"ENSG00000217930",0.883794295530495,2.8159089522302,2.91487388809494e-07,2.65112450783468e-06
"ENSG00000251661",-1.43304034684595,-1.70558793402365,2.91783815395561e-07,2.6529530100022e-06
"ENSG00000106070",-1.15435042517784,4.44633962957392,2.92020128909966e-07,2.65423393639637e-06
"ENSG00000205426",7.1954565504216,4.80654024217668,2.93433390927762e-07,2.66620806987058e-06
"ENSG00000159079",0.791019312589812,4.25868679539526,2.93594565637866e-07,2.66680132399934e-06
"ENSG00000175315",3.86648221779697,4.42640925789619,2.93762480394097e-07,2.66714216338924e-06
"ENSG00000144824",-1.22890960014648,5.12266476803885,2.9382388051e-07,2.66714216338924e-06
"ENSG00000261360",1.54152500446165,-0.924421903484043,2.96736087558314e-07,2.69269846762134e-06
"ENSG00000158458",-1.90369603430746,0.457935858849733,3.00374487388888e-07,2.72482570702777e-06
"ENSG00000277496",-1.44292690311388,0.495471110767142,3.00549362236214e-07,2.72552312092463e-06
"ENSG00000120885",-1.75841509910195,8.36772697434563,3.01125388303389e-07,2.72909330245569e-06
"ENSG00000143847",2.36804430696934,1.44014251399511,3.01139299796373e-07,2.72909330245569e-06
"ENSG00000126070",-0.566302451398076,3.89904073532594,3.02508774872334e-07,2.74061125587109e-06
"ENSG00000241015",1.42230968870758,2.73992540874157,3.03576673847204e-07,2.74939043624627e-06
"ENSG00000051128",1.23185183180678,5.29761422340401,3.04484917463521e-07,2.75671842754327e-06
"ENSG00000198937",1.03311309259003,3.73069471563633,3.05278036473273e-07,2.76299968383702e-06
"ENSG00000165406",-0.679510385364126,4.24309574346149,3.06721554090811e-07,2.77516154324259e-06
"ENSG00000106603",0.56053753507256,4.67680917355992,3.07616729653359e-07,2.78235580547931e-06
"ENSG00000204442",-1.65690823305945,0.330559347468527,3.10813364702178e-07,2.80968380620657e-06
"ENSG00000067798",-1.8287436639321,0.861431535065885,3.10840149271838e-07,2.80968380620657e-06
"ENSG00000154222",0.561942760029607,5.17905166064181,3.11141130883765e-07,2.81149066707932e-06
"ENSG00000168175",-0.538337448961994,5.78698329838959,3.11523971003142e-07,2.81403579263085e-06
"ENSG00000225880",1.04273388515233,-0.458406232288547,3.12148175889229e-07,2.81875883636595e-06
"ENSG00000164610",0.758629937222985,2.67199828737826,3.1235337284672e-07,2.81969631904765e-06
"ENSG00000114993",1.48520095912468,4.86343172249957,3.12936588050286e-07,2.82404455660045e-06
"ENSG00000096433",1.42145130021068,6.05825012923312,3.13215482701038e-07,2.82564457358546e-06
"ENSG00000267114",1.6387729986463,-2.35980457117564,3.14319441557578e-07,2.83468438003921e-06
"ENSG00000265055",1.86053379587956,-1.46778680352921,3.14933360956934e-07,2.83930034628694e-06
"ENSG00000233608",-1.89964734571351,1.15160368709361,3.16417227880937e-07,2.85175384285564e-06
"ENSG00000140854",0.684787563710718,4.30210290612524,3.17573557190865e-07,2.86124824948154e-06
"ENSG00000130827",0.995613153521359,5.50960610753126,3.18451802231277e-07,2.8682318573376e-06
"ENSG00000147789",0.580870340496418,4.00348751134273,3.18633363891498e-07,2.86893808673171e-06
"ENSG00000265519",-1.13803103457979,0.530675536563641,3.19925578074245e-07,2.87964081002556e-06
"ENSG00000183864",-0.672824498494253,5.49579390532619,3.2187624218345e-07,2.89626137943975e-06
"ENSG00000164611",1.44624473174329,4.88868336471349,3.2298068717598e-07,2.90525933131486e-06
"ENSG00000067955",0.661204662371136,5.48705972632291,3.23775826966026e-07,2.9114701181397e-06
"ENSG00000213967",1.8816794398322,2.12200716310078,3.24153458033918e-07,2.91392376480199e-06
"ENSG00000278948",-0.990241682354883,1.69863082130848,3.27733675820839e-07,2.94515564639903e-06
"ENSG00000138182",1.1969879460936,3.66193276677651,3.28232361902203e-07,2.94868432867764e-06
"ENSG00000175130",1.37024022259212,7.45549844362713,3.32072379328672e-07,2.98221798071306e-06
"ENSG00000182568",-1.14425071693952,4.87108887965993,3.32357077288705e-07,2.98381129458707e-06
"ENSG00000198298",0.914723055671217,1.21015957729515,3.32628952416694e-07,2.98528849743966e-06
"ENSG00000119699",-1.43566839156158,4.03306536694609,3.32789254044581e-07,2.98576371701353e-06
"ENSG00000121966",-1.37221629860676,4.93035737185836,3.32971779702075e-07,2.98643795835337e-06
"ENSG00000109705",3.06864519638091,-1.37319073564268,3.34738462248667e-07,3.00131555464932e-06
"ENSG00000120647",0.907114393679224,2.94610289476596,3.3497029772881e-07,3.00242632637171e-06
"ENSG00000253379",-2.09447483666643,-3.64986834915617,3.36794254520582e-07,3.01736141226434e-06
"ENSG00000177051",0.757335031510956,4.5260109827314,3.36853528388911e-07,3.01736141226434e-06
"ENSG00000162669",-1.77965508762293,-2.0959192977842,3.37294201651967e-07,3.02033600468325e-06
"ENSG00000131475",0.660918472314268,5.38956176252067,3.39852712388125e-07,3.04226697446119e-06
"ENSG00000146700",1.89671031475535,0.423863931736771,3.40052835233801e-07,3.04307899174958e-06
"ENSG00000106683",0.873798396241225,5.35034181354007,3.41238197845768e-07,3.05270440549513e-06
"ENSG00000228265",1.11037035432528,0.803270791302102,3.42033976983752e-07,3.05883955043379e-06
"ENSG00000010404",-0.735013545733932,5.81690463221102,3.43862512603827e-07,3.07420381325948e-06
"ENSG00000184357",5.6635738973634,0.248419552461101,3.45005876393915e-07,3.08343458873521e-06
"ENSG00000169330",1.48723005326961,0.0751712356094492,3.45542304390294e-07,3.08723678509709e-06
"ENSG00000269846",2.47998662892687,-3.53408157831742,3.45835946023275e-07,3.08886806896126e-06
"ENSG00000233057",-1.22754677869557,-2.54383122743671,3.50049154849052e-07,3.12549507024613e-06
"ENSG00000200879",2.71998961780421,-0.985632805474482,3.52880064160207e-07,3.14976034161998e-06
"ENSG00000170289",2.05448902738032,-0.509392750495913,3.55403618006085e-07,3.17126750965776e-06
"ENSG00000125772",-0.85037134430707,4.53509430834093,3.56112304668835e-07,3.17657201082562e-06
"ENSG00000272301",1.81527662183686,-1.57809990206739,3.56885078327215e-07,3.18244459234205e-06
"ENSG00000171224",1.2364331620349,3.06361176230209,3.57298364980813e-07,3.18510879013184e-06
"ENSG00000163349",-0.665688963725821,5.30087209881853,3.5762965105007e-07,3.18704052696431e-06
"ENSG00000100147",1.09056557826867,1.43428821502487,3.61188990727905e-07,3.21772882739116e-06
"ENSG00000233461",1.50452471291374,2.23035250868474,3.62111474135228e-07,3.22491400260105e-06
"ENSG00000196289",4.34205635349992,-4.09767248653553,3.62977222983128e-07,3.23158946953577e-06
"ENSG00000197879",-0.70047925848495,7.29183769989501,3.66178248595124e-07,3.25904500101638e-06
"ENSG00000050344",1.62275174661388,4.79310463792185,3.67731047272187e-07,3.27181817587375e-06
"ENSG00000141552",0.883426888480163,6.11402545407946,3.68462801301465e-07,3.27671619356872e-06
"ENSG00000143258",1.01087211579296,4.9241963857673,3.68517177344513e-07,3.27671619356872e-06
"ENSG00000275371",2.12067958856821,-1.20372226504279,3.68754532946343e-07,3.27777878710023e-06
"ENSG00000101306",1.71611290113729,-1.26677560267609,3.69847506667479e-07,3.28644367506153e-06
"ENSG00000267750",2.17217747375722,-0.450107863142178,3.70727242234376e-07,3.29320881132696e-06
"ENSG00000118922",-1.3154898729971,2.85172660253565,3.72886974927856e-07,3.3113363453603e-06
"ENSG00000206077",-2.0119811259498,0.803648995098702,3.73880139790101e-07,3.3190961787367e-06
"ENSG00000100297",1.03513360899547,6.09198334258655,3.81376840186366e-07,3.38456734400236e-06
"ENSG00000238113",1.46172983558688,2.14812222831482,3.82617387346733e-07,3.39449358669049e-06
"ENSG00000101255",1.70067391877028,4.6131481550368,3.83892780926872e-07,3.4047225497191e-06
"ENSG00000183625",3.07396796998315,-0.136667444794406,3.85350259032899e-07,3.41655937344024e-06
"ENSG00000259612",-1.12206140001436,-2.03970057820745,3.87157766302624e-07,3.43005993698663e-06
"ENSG00000145242",-2.53248962231676,-2.64736403827602,3.87232902999276e-07,3.43005993698663e-06
"ENSG00000280079",2.31000508946022,1.32220412324404,3.87242951214829e-07,3.43005993698663e-06
"ENSG00000188092",0.888915877402313,1.40939087168034,3.87540092422611e-07,3.4315990418816e-06
"ENSG00000081087",-0.813462808390539,4.25726674315638,3.88245788593782e-07,3.43675369769537e-06
"ENSG00000146263",1.03682830086044,3.3496482015244,3.88887288975358e-07,3.44133699276857e-06
"ENSG00000075188",0.737493859374233,4.23490157511586,3.90017311448325e-07,3.45023902140975e-06
"ENSG00000100605",-0.808636598009175,5.63100098421069,3.90818002041932e-07,3.45622292235048e-06
"ENSG00000074054",-0.541663005905509,5.14068244501372,3.9109077826638e-07,3.45753586011533e-06
"ENSG00000268603",-1.21117485071714,-2.5140018665449,3.96007213930312e-07,3.49988835114197e-06
"ENSG00000163029",0.810995431343568,4.73981235383429,3.96669450979358e-07,3.50462752226458e-06
"ENSG00000279716",1.58553962154342,0.905665366105502,3.9693788000372e-07,3.50588544190011e-06
"ENSG00000151790",2.34752269878738,2.00494718657832,3.99244276605222e-07,3.52513684610192e-06
"ENSG00000174365",0.863207157929549,3.10497269086816,3.99398422301891e-07,3.52537871135591e-06
"ENSG00000184678",1.82406592023055,4.67682039022904,4.01845332052358e-07,3.54585159275769e-06
"ENSG00000267013",4.38476397699793,-1.31406834598121,4.03538768834995e-07,3.55952983347712e-06
"ENSG00000140740",-0.609489743993468,6.7008495747015,4.03651425404913e-07,3.55952983347712e-06
"ENSG00000149948",5.94020936078546,3.77357414176325,4.03937547686361e-07,3.56092393464367e-06
"ENSG00000139629",2.00210470584655,4.35920372859939,4.04090901485165e-07,3.56114709854464e-06
"ENSG00000247077",0.76813948484271,5.49243809730548,4.04810797486211e-07,3.56545449455381e-06
"ENSG00000180806",3.52701900565328,1.23795075114,4.04836058454713e-07,3.56545449455381e-06
"ENSG00000197191",-1.69275538857549,2.69778195285829,4.07799441510854e-07,3.58988212752008e-06
"ENSG00000261556",1.37619867815858,1.00349385842396,4.07867814437976e-07,3.58988212752008e-06
"ENSG00000087095",0.760421349685099,4.34244117046152,4.09484759396361e-07,3.60297362008573e-06
"ENSG00000162746",3.10057908136801,3.73653314777661,4.10003908345747e-07,3.60640060177744e-06
"ENSG00000230362",-1.07628199008928,-2.50411319389139,4.12647974304371e-07,3.62851030961981e-06
"ENSG00000165752",1.20840417326744,3.63741223427932,4.20377701192352e-07,3.69531131582265e-06
"ENSG00000114270",2.37584846767633,7.4035909173065,4.20901898521044e-07,3.69875023809346e-06
"ENSG00000273100",-1.45079769167948,-2.7704564854336,4.2407637787465e-07,3.72546945604158e-06
"ENSG00000166845",1.101630259232,2.45519138895588,4.25599944490576e-07,3.7376732731659e-06
"ENSG00000096060",-1.43149668096091,5.35196709683916,4.26867484721546e-07,3.74762163906577e-06
"ENSG00000120616",-0.509451078427133,4.16450292811141,4.2718410081347e-07,3.7484198799718e-06
"ENSG00000270036",2.25561736185299,-3.69693744705303,4.27227951659677e-07,3.7484198799718e-06
"ENSG00000132002",-0.909261229266556,7.01909063120771,4.3293532415468e-07,3.79729743636522e-06
"ENSG00000110799",-1.12192253706457,6.50970140691486,4.33459534094849e-07,3.80069672817781e-06
"ENSG00000156990",0.83688754827563,4.72923618094724,4.36749652351814e-07,3.82833850641695e-06
"ENSG00000160606",1.47290462277483,3.90329665074068,4.37093983523632e-07,3.83014964201095e-06
"ENSG00000125851",-2.91115570636216,-0.389283075069516,4.37659625700072e-07,3.83389832113263e-06
"ENSG00000150593",-0.948976874749341,5.81501703297206,4.3841886047762e-07,3.83933997684636e-06
"ENSG00000175198",-0.819987171608746,3.83121719733521,4.39360413121942e-07,3.84637430599955e-06
"ENSG00000234184",-2.48981511149819,-2.50055829812061,4.46621521628884e-07,3.90871125898809e-06
"ENSG00000272056",-1.26823350397946,-2.90821290832119,4.4681666911975e-07,3.90918905889513e-06
"ENSG00000236347",3.39171334193829,-2.41691719564159,4.47641167765149e-07,3.91517100599122e-06
"ENSG00000080819",0.83690474158293,4.13085076107298,4.48489700046013e-07,3.92068746788487e-06
"ENSG00000169071",-1.73737125178239,3.315769301546,4.48553824571591e-07,3.92068746788487e-06
"ENSG00000126705",-0.780041434960788,4.63438069982229,4.48920343983527e-07,3.92265834973731e-06
"ENSG00000254332",-1.07557775440755,-1.00160448791042,4.51774116532829e-07,3.94635474344459e-06
"ENSG00000121211",1.32315994277775,1.8079391784775,4.52024541450142e-07,3.9473025341767e-06
"ENSG00000260757",3.11452016132393,-2.88466318698066,4.55612257055049e-07,3.97738346060015e-06
"ENSG00000111087",-1.5532100909846,0.344015667563378,4.567952555618e-07,3.98645950515856e-06
"ENSG00000108852",-1.34612767933077,2.11335119046951,4.58543517301041e-07,4.00046136972831e-06
"ENSG00000110074",0.718196282827916,4.39442917351992,4.6031540270867e-07,4.01432944454271e-06
"ENSG00000081721",0.89681905164706,3.81863839920278,4.60421778596026e-07,4.01432944454271e-06
"ENSG00000149346",0.787785591946979,3.16915362512498,4.61481686627917e-07,4.02230966787285e-06
"ENSG00000151835",-1.44439635302553,3.55605201871564,4.65386193904058e-07,4.05507086812455e-06
"ENSG00000148840",-0.576401977123232,5.36944844070374,4.66311987678635e-07,4.06186511534791e-06
"ENSG00000138231",0.615134793418884,3.55344940257756,4.66730539824146e-07,4.06423810398527e-06
"ENSG00000213865",0.948530299788507,1.47328155377416,4.68656953916634e-07,4.07973579320292e-06
"ENSG00000272872",2.9504459587485,-1.19905293779838,4.69677973531383e-07,4.08734464262465e-06
"ENSG00000273703",5.08537592646732,-2.8934635792508,4.71054028403806e-07,4.09803743884737e-06
"ENSG00000135637",0.775925627616522,2.37173935895039,4.74093227733526e-07,4.12318791211775e-06
"ENSG00000106484",2.51317830872717,5.62716404290666,4.74502583642801e-07,4.12545806778906e-06
"ENSG00000233885",1.24744967015322,-0.248015093695655,4.75671616982886e-07,4.13432958848281e-06
"ENSG00000146013",-1.92522457703906,0.648715296482142,4.76390264770222e-07,4.13928223494351e-06
"ENSG00000160207",1.62266895213654,-0.341823944145002,4.76558298602959e-07,4.13944908152533e-06
"ENSG00000271127",3.28704963339514,-3.24547221159623,4.77719334583944e-07,4.14823848041937e-06
"ENSG00000150753",1.00560860251958,7.58550652853951,4.78245443508619e-07,4.15151077412773e-06
"ENSG00000255050",2.17455738126831,-1.27273478901904,4.78474713736938e-07,4.15220505870997e-06
"ENSG00000213997",2.63230923694635,-3.24019383463638,4.79091090709641e-07,4.15625717589122e-06
"ENSG00000136243",0.563871503404186,4.17482697507743,4.83278770989316e-07,4.19127921968377e-06
"ENSG00000184304",-1.28267681497201,2.58687611886589,4.8553866953153e-07,4.20859695762385e-06
"ENSG00000127328",1.63438998768398,4.70940028594062,4.85651769230004e-07,4.20859695762385e-06
"ENSG00000132464",-1.91331148340931,-4.01755206309011,4.85729559341767e-07,4.20859695762385e-06
"ENSG00000204516",1.88885361670735,2.66532670088616,4.87366666667283e-07,4.2214665524812e-06
"ENSG00000126709",2.6192290023796,7.69148058155986,4.88917838463698e-07,4.23358401033339e-06
"ENSG00000154511",-1.03392919552365,3.05487089099034,4.90033523435942e-07,4.24192417906126e-06
"ENSG00000171914",-0.983579855737428,3.39504536629999,4.94797381834235e-07,4.28182936557423e-06
"ENSG00000163378",-0.801625857313369,4.43867985051157,4.9612174418279e-07,4.29195460993964e-06
"ENSG00000125355",-1.81218068936552,-0.243384202571716,4.97614161033794e-07,4.3035269467764e-06
"ENSG00000274191",1.82222479512246,-2.207156589699,4.97974146852278e-07,4.30530150649748e-06
"ENSG00000271614",-0.96956407964017,0.526919373217797,4.98384795103198e-07,4.30751283598671e-06
"ENSG00000238045",0.864412176692983,1.98313148505313,5.02507351792496e-07,4.34179464908503e-06
"ENSG00000107554",-0.950506733992972,4.79800184827884,5.0557399865073e-07,4.36693466598533e-06
"ENSG00000140090",-1.32594003295845,-1.93184608871371,5.07420428806639e-07,4.38152262850017e-06
"ENSG00000278272",3.78944343420376,-1.23985620978942,5.08437633386416e-07,4.38894348149485e-06
"ENSG00000143344",-1.16435047839847,3.72135042723113,5.09966248027092e-07,4.40064489492927e-06
"ENSG00000168701",0.816603333534816,5.05393100316221,5.10109630074137e-07,4.40064489492927e-06
"ENSG00000174744",0.926808721747033,5.69924999282654,5.14723242129377e-07,4.4390690025874e-06
"ENSG00000081377",-0.822453090858181,3.77736955112913,5.16281542973746e-07,4.45112788429287e-06
"ENSG00000257283",-1.38807847699481,-3.76186031909569,5.16898155484034e-07,4.45506303020683e-06
"ENSG00000115687",0.939021574343115,3.6298574397681,5.18318400962397e-07,4.46591997706541e-06
"ENSG00000140386",-0.849766057223056,3.11921687618202,5.19544796832058e-07,4.4751004751595e-06
"ENSG00000246465",3.51911055784221,-0.459830867367694,5.21185691264023e-07,4.48784446784095e-06
"ENSG00000223705",1.21703439178699,3.53921837595208,5.24845650931404e-07,4.51796103044108e-06
"ENSG00000169627",1.41906682106396,-0.227738138805545,5.26276917941116e-07,4.52887992533919e-06
"ENSG00000136463",0.741932427243177,4.169796864761,5.30850336253255e-07,4.56682350826222e-06
"ENSG00000172757",0.742317467381076,9.65976279095397,5.35141025390804e-07,4.59971624023535e-06
"ENSG00000116586",0.951330959816136,5.42687459669662,5.35150846994657e-07,4.59971624023535e-06
"ENSG00000226742",1.10481272633499,3.53763916805836,5.35169947628864e-07,4.59971624023535e-06
"ENSG00000175611",-0.787256384982474,1.11882625381759,5.35960477194622e-07,4.60508765900958e-06
"ENSG00000158411",0.68959994705155,3.72718800644606,5.38812579703987e-07,4.62816376754385e-06
"ENSG00000100075",0.936266760887988,6.40347246194751,5.39982195297746e-07,4.63677826422235e-06
"ENSG00000167323",-0.736751138408034,5.3909449629662,5.4033866423418e-07,4.63840718158804e-06
"ENSG00000180992",0.943246204067524,5.49468091891702,5.42062289514861e-07,4.65176749715422e-06
"ENSG00000273611",0.610665169792009,4.44954092528655,5.43894715275653e-07,4.66605296605852e-06
"ENSG00000163806",1.28493705373555,-0.700715926893315,5.4411232059595e-07,4.66648041095749e-06
"ENSG00000177192",0.8182429246445,4.7310105731952,5.47388320245468e-07,4.69312926972478e-06
"ENSG00000163050",-0.770181220612093,5.03763268839243,5.48041322013253e-07,4.69727990420789e-06
"ENSG00000229419",-0.940788641488477,-0.436103475081274,5.55133262049893e-07,4.75659932760126e-06
"ENSG00000123338",-1.61473434884024,4.03463310948693,5.55390825910956e-07,4.75734063475868e-06
"ENSG00000183161",0.952277549691187,3.57575603143026,5.57095683956931e-07,4.77047483309548e-06
"ENSG00000274997",5.45326669895197,-1.80096995787305,5.57780097641574e-07,4.77486545266392e-06
"ENSG00000229950",1.67202273454274,0.412632687070805,5.59019481422892e-07,4.78400271901997e-06
"ENSG00000196247",1.27030832810672,3.54783423619783,5.59850380589262e-07,4.78963969096559e-06
"ENSG00000163870",0.616912520570134,5.22001034483463,5.61184748682449e-07,4.7981037242868e-06
"ENSG00000128059",0.912226252705345,3.58123501696574,5.62982681560934e-07,4.81199671857844e-06
"ENSG00000115183",-0.746341065124432,4.70821951126228,5.64068157138239e-07,4.81979344223835e-06
"ENSG00000112118",0.942914763813622,6.86803325441347,5.69188469601388e-07,4.86205126075657e-06
"ENSG00000140632",-0.534499216716739,5.80841288772756,5.69517068118596e-07,4.86336451199954e-06
"ENSG00000250081",2.1092234008695,-2.83782414308705,5.70475190212853e-07,4.87005109434932e-06
"ENSG00000122694",-1.35542817041722,3.89890841539034,5.71271263855861e-07,4.87535061725163e-06
"ENSG00000105671",0.696827079815607,5.31547435148173,5.74213153399223e-07,4.89895412131675e-06
"ENSG00000205181",-1.45126985312394,0.226349063394305,5.76326777846469e-07,4.9154788936657e-06
"ENSG00000174851",0.829801742923052,5.70948445131733,5.76887086582568e-07,4.91874939887216e-06
"ENSG00000143643",0.667853599684324,3.44329247735457,5.77263029845706e-07,4.92044641406638e-06
"ENSG00000262772",2.46802225814037,-0.772036614231661,5.81885662493332e-07,4.95832902295559e-06
"ENSG00000106105",0.841248789077175,6.58445505122204,5.83152447607036e-07,4.96760153914074e-06
"ENSG00000173421",-1.21540386106341,-2.23568641785855,5.89771163119036e-07,5.02244499688602e-06
"ENSG00000147509",3.03900848937435,1.29743274260104,5.91332499444622e-07,5.03419981850421e-06
"ENSG00000101670",2.62926630373115,4.35369805101688,5.95712322739192e-07,5.06857708882182e-06
"ENSG00000158062",1.04288467906115,4.28108689840776,5.95735034097671e-07,5.06857708882182e-06
"ENSG00000242759",-1.41053625611504,-1.77537980403883,5.96390583038611e-07,5.07260283977152e-06
"ENSG00000106638",0.607310975451226,5.11020417347676,5.9691007958226e-07,5.07546928872559e-06
"ENSG00000226690",3.48824572127962,-2.741522636055,5.97392173472675e-07,5.07801605158787e-06
"ENSG00000147889",4.04225736689296,5.41429710494064,6.02170707004087e-07,5.11550820827876e-06
"ENSG00000105711",-1.42796045532706,1.71903806456179,6.02627534804591e-07,5.11743882504542e-06
"ENSG00000250303",-1.54542943560514,0.949936430758282,6.02765958035768e-07,5.11743882504542e-06
"ENSG00000153310",0.814989794394264,5.75679134338907,6.03140231542936e-07,5.11905378697091e-06
"ENSG00000234996",1.79363977408704,-1.19576162613339,6.04814625939635e-07,5.13169896011564e-06
"ENSG00000261588",1.76850297490287,-3.34915230848501,6.05788894675403e-07,5.13839784312504e-06
"ENSG00000145414",-0.604202386245044,2.58627594407855,6.1074349416913e-07,5.1788441473555e-06
"ENSG00000145723",-0.529816040019001,1.64068021792885,6.15122518234835e-07,5.2143866503095e-06
"ENSG00000256940",1.74437809674448,1.31701467167801,6.171885911183e-07,5.23030660718259e-06
"ENSG00000143621",0.740938015667558,7.30530537262415,6.2190555588607e-07,5.26867475658217e-06
"ENSG00000249741",-1.64076580171807,-3.22814675547239,6.26317109958317e-07,5.30350679063539e-06
"ENSG00000101444",0.841436781368106,7.19387407158419,6.26398439838825e-07,5.30350679063539e-06
"ENSG00000204710",5.60469991861796,-0.587989120527982,6.28484013640546e-07,5.3195453047427e-06
"ENSG00000152359",0.634459164705383,2.81605753790163,6.33684923013207e-07,5.36193451894321e-06
"ENSG00000164576",-0.517503397944165,4.33967924203006,6.36933203243929e-07,5.38778077306065e-06
"ENSG00000170615",-1.76241272340958,-1.63216380983978,6.38802554921535e-07,5.40195058073355e-06
"ENSG00000270977",3.32586353133211,0.302760143345876,6.39621112611423e-07,5.40722857296702e-06
"ENSG00000115041",-1.50370438452842,1.18677907559299,6.40577074684065e-07,5.4136645937976e-06
"ENSG00000099364",0.757724353514444,5.06722639089638,6.45645204424569e-07,5.45483902510952e-06
"ENSG00000155729",-0.578199758847448,3.21202956732073,6.46957378931032e-07,5.46426528399903e-06
"ENSG00000102924",-2.26920996940681,-1.83222323785281,6.47719693092574e-07,5.46904305524704e-06
"ENSG00000114686",0.597060827388161,6.00078308474878,6.48552374862987e-07,5.47441189743983e-06
"ENSG00000146147",-2.06615614587114,-1.71761464290131,6.54120592136229e-07,5.51973787290199e-06
"ENSG00000186862",1.97429417075742,0.21856029118166,6.58870066682096e-07,5.55655441993704e-06
"ENSG00000279233",1.31851158096272,0.137632274439129,6.58883129362254e-07,5.55655441993704e-06
"ENSG00000134086",0.890621306972915,5.25044229941303,6.62180499942373e-07,5.58266936795915e-06
"ENSG00000167634",6.23063548322342,3.55066503218501,6.63275508336404e-07,5.59020657980618e-06
"ENSG00000168488",0.631997582501335,6.62191892683812,6.66166147261856e-07,5.61286854098576e-06
"ENSG00000181588",0.876843513152891,4.6043820236783,6.74011598054488e-07,5.67725153745896e-06
"ENSG00000271913",-0.92650468380993,-1.61128936654561,6.75733315287034e-07,5.69003048685386e-06
"ENSG00000206140",2.45479502618266,-0.560742663476304,6.76524466308909e-07,5.69496821472448e-06
"ENSG00000270948",2.36578344821684,-2.0705169571458,6.78187612183772e-07,5.70724116722155e-06
"ENSG00000061656",1.72664810982483,3.91363067591415,6.80542401056678e-07,5.72532540852673e-06
"ENSG00000248668",-1.66831066665716,-2.4891705825265,6.84190778790122e-07,5.75427823722094e-06
"ENSG00000143256",1.1340175792314,5.91940896818555,6.85777210044864e-07,5.76587712907431e-06
"ENSG00000233922",3.23434153419393,-0.0176357363545307,6.89945505002515e-07,5.79917024195677e-06
"ENSG00000105136",0.849540915165727,2.5250884066442,6.94729891262276e-07,5.83762008026516e-06
"ENSG00000214756",0.979187605588694,1.78118999683966,6.96417636559164e-07,5.85003434781638e-06
"ENSG00000182287",-0.91762647622688,3.30128278365376,6.97770141694663e-07,5.85962589098843e-06
"ENSG00000230510",-0.913721576055025,-1.90939620942153,7.01064031367038e-07,5.88550978098745e-06
"ENSG00000215270",2.51332215172407,-1.69903992470911,7.02910291364459e-07,5.89922870661427e-06
"ENSG00000011143",0.657629201610416,3.65271060344916,7.03713677309673e-07,5.90369159508506e-06
"ENSG00000135365",-0.584335180104175,4.46549591914366,7.03866585025062e-07,5.90369159508506e-06
"ENSG00000173838",2.26027179737146,-1.09226796862044,7.05790818876256e-07,5.91804644118339e-06
"ENSG00000214318",-2.06426275699951,-3.0420849352282,7.06692741333079e-07,5.92382315090324e-06
"ENSG00000229122",-0.942467434725865,-1.8637606086559,7.19647278228777e-07,6.03059648971889e-06
"ENSG00000277978",1.26387869130613,-0.526381506490061,7.26793695226811e-07,6.08864850763352e-06
"ENSG00000188177",-0.792769470806501,2.70910222789504,7.2808757027977e-07,6.09765118704945e-06
"ENSG00000203772",1.16502880301947,1.97096655305374,7.30866202601894e-07,6.1187097123459e-06
"ENSG00000225506",1.76455773393069,-2.22731871314889,7.31042044156525e-07,6.1187097123459e-06
"ENSG00000111641",0.796434431963694,5.47166274760181,7.31504373256859e-07,6.12073740475121e-06
"ENSG00000140365",0.784214239261279,5.6825552127181,7.36307727777533e-07,6.15907573915083e-06
"ENSG00000162490",2.91568477626816,0.429854211922741,7.36564734181199e-07,6.15937310636852e-06
"ENSG00000265683",1.73070035709661,-2.398104254424,7.38523568467266e-07,6.17389720762852e-06
"ENSG00000261135",2.04134815513684,-2.52430089744016,7.44173371811377e-07,6.21925901147531e-06
"ENSG00000263586",-1.48637101683117,-3.63002873765603,7.45139991013323e-07,6.22546667769707e-06
"ENSG00000136003",-0.527576857261418,5.65118616936956,7.45606384166833e-07,6.22749260145109e-06
"ENSG00000115392",0.779670500314881,3.8750941428393,7.47854637269437e-07,6.24439538468173e-06
"ENSG00000023228",-0.571535673071362,5.63576285810118,7.51131199349447e-07,6.269871562877e-06
"ENSG00000121716",1.73892400271821,2.44314065091216,7.51853356637913e-07,6.27401662411349e-06
"ENSG00000172009",0.919415166458395,5.22610282220684,7.52399234790959e-07,6.27668863744479e-06
"ENSG00000152219",-0.566726629738575,3.49525302454765,7.54767552670336e-07,6.29455770387408e-06
"ENSG00000162769",1.25362454778147,3.74475986196629,7.61184965294927e-07,6.34548543793293e-06
"ENSG00000155393",0.64436340609227,4.16891719526318,7.61330489568985e-07,6.34548543793293e-06
"ENSG00000278126",-0.879071351556758,-0.740368103013264,7.62684227403244e-07,6.35486411526855e-06
"ENSG00000185359",0.621090038790041,6.12577508259798,7.63201122730741e-07,6.35726649491168e-06
"ENSG00000185252",0.961971615850529,3.73609287550489,7.69250183538491e-07,6.40573513615451e-06
"ENSG00000100632",0.607072981136643,6.15046926028437,7.70251107436917e-07,6.41215026972253e-06
"ENSG00000139219",6.18905140377943,1.4964144640702,7.71744660638824e-07,6.42266135438289e-06
"ENSG00000175711",0.845118868222788,2.41981110300815,7.78336976435067e-07,6.4752833033296e-06
"ENSG00000277157",4.28760042917608,-0.690148793329167,7.78671895216549e-07,6.4752833033296e-06
"ENSG00000011405",-0.665930015616247,4.6876472994312,7.7876613992153e-07,6.4752833033296e-06
"ENSG00000246089",0.997731739918911,1.93143864533474,7.79709923975221e-07,6.48119310087353e-06
"ENSG00000172738",-1.04901320762009,-0.397534061143339,7.79975376837284e-07,6.48146255033623e-06
"ENSG00000266913",-1.58741755968709,-3.88771753900326,7.83572646639778e-07,6.50941040053529e-06
"ENSG00000276644",-1.69474890625791,0.786190160060691,7.86997404133652e-07,6.53590886866804e-06
"ENSG00000154229",-1.11820153934053,4.30331422137936,7.89357967002671e-07,6.55355616007322e-06
"ENSG00000173715",1.09037604043966,3.74359931274057,7.90643190386468e-07,6.56226769746907e-06
"ENSG00000182636",-1.37168940117625,3.54499442280229,7.92560608888529e-07,6.57621963455151e-06
"ENSG00000247746",-1.09217515974856,0.500516720888609,7.9588262531569e-07,6.60181433280802e-06
"ENSG00000134882",0.610896361910029,6.05380170613696,7.97261779537474e-07,6.61128261010011e-06
"ENSG00000107290",-0.633676822176003,5.54943273328837,7.98431698256802e-07,6.61901067768001e-06
"ENSG00000148175",-1.22986200451179,6.78706759140741,8.00573132975152e-07,6.63478562200176e-06
"ENSG00000239857",0.709963977459624,1.95471602944898,8.07185779818729e-07,6.68759550017823e-06
"ENSG00000169598",0.718322262472085,2.25733064770914,8.14409635944857e-07,6.74446056332692e-06
"ENSG00000273759",1.38113816252553,-0.390972563976558,8.14534319642438e-07,6.74446056332692e-06
"ENSG00000249743",-2.6021878822348,-4.28710475370054,8.18191595958762e-07,6.77272704119079e-06
"ENSG00000243746",-1.0646383280402,-2.21598944828442,8.21660225063107e-07,6.79941560240411e-06
"ENSG00000106511",-2.07477871180012,0.214612699535244,8.27623437850144e-07,6.84444163656754e-06
"ENSG00000279365",1.9453713313926,-2.97445639512168,8.27792921976875e-07,6.84444163656754e-06
"ENSG00000111788",1.2290702405521,1.92082923211152,8.27839559393564e-07,6.84444163656754e-06
"ENSG00000104635",-1.14830827606023,4.91883116825872,8.28768138502356e-07,6.85008268533909e-06
"ENSG00000114631",2.08002867666621,5.13028498291322,8.32682574873539e-07,6.87937890409119e-06
"ENSG00000165323",-1.99575311779069,1.43225900452718,8.32807276096611e-07,6.87937890409119e-06
"ENSG00000067606",1.0294639307611,4.15250978052881,8.33101972199646e-07,6.87976993847647e-06
"ENSG00000105143",6.39897095516767,4.71846937876341,8.3502502986348e-07,6.89165814248716e-06
"ENSG00000181577",3.90153567202662,1.175410062686,8.35037138754602e-07,6.89165814248716e-06
"ENSG00000133872",-0.634279172003924,6.92235807768276,8.40937741240518e-07,6.93829765562816e-06
"ENSG00000185842",1.41964496591807,2.24936552443224,8.47450525678926e-07,6.9899589177663e-06
"ENSG00000156471",0.799925044861153,6.19648076535221,8.48480163686586e-07,6.99637675440706e-06
"ENSG00000170175",1.36531186136201,3.11965076768736,8.49090809613482e-07,6.99933689620029e-06
"ENSG00000236144",1.19605255608639,2.95174730742715,8.57310018854428e-07,7.06499660871058e-06
"ENSG00000161800",1.15171706298483,5.09155299333051,8.60558491174782e-07,7.08966626630456e-06
"ENSG00000182973",0.552177334276003,4.53974908050676,8.64442420450799e-07,7.11955494225587e-06
"ENSG00000204899",0.843485871123193,4.23516219338004,8.67281501291966e-07,7.1408230892343e-06
"ENSG00000206562",0.610233913392059,3.00110870134619,8.71074295030086e-07,7.16992878593424e-06
"ENSG00000246662",-1.53743136602203,-3.2820286026954,8.76863720178575e-07,7.21331282145126e-06
"ENSG00000169684",1.16159648882307,1.9201493294354,8.81586715093275e-07,7.25002108423692e-06
"ENSG00000279259",1.17329908584095,-0.806995390776568,8.82038521303005e-07,7.25159248980209e-06
"ENSG00000228502",-1.23916393507523,0.995074235522044,8.82667934270587e-07,7.25462271154487e-06
"ENSG00000257954",2.11266760758697,-3.19205978620718,8.83612603266837e-07,7.26024145780223e-06
"ENSG00000260005",1.10132842956387,0.271835640815836,8.84596431059266e-07,7.26617854018056e-06
"ENSG00000145040",2.55887763975125,1.27875104469852,8.89509485912236e-07,7.30437771823945e-06
"ENSG00000261716",1.42759361216287,3.06563922576624,8.91930899547368e-07,7.32209979607761e-06
"ENSG00000077312",0.700488229474791,5.96149014239617,8.93663527911704e-07,7.33415866090535e-06
"ENSG00000234602",2.02870995786835,0.158345726318423,8.98876817395267e-07,7.37476723369161e-06
"ENSG00000111879",-1.42082610375805,0.817262291530416,8.9937375887751e-07,7.37666834434095e-06
"ENSG00000105613",2.1862605257101,1.10140842522026,9.00857603443033e-07,7.38666053200503e-06
"ENSG00000184599",3.1759890185268,-1.92674640180645,9.01311405078614e-07,7.38752936825834e-06
"ENSG00000262333",1.07156762865982,0.188805441458147,9.01494792933838e-07,7.38752936825834e-06
"ENSG00000255139",0.979990947406761,-1.18246623831124,9.02421027844461e-07,7.39294139836171e-06
"ENSG00000261008",1.44516659606806,-0.333465428816242,9.05190355890795e-07,7.41344504369573e-06
"ENSG00000226287",1.51483890045994,1.30298492938633,9.05964266992651e-07,7.4175991044647e-06
"ENSG00000108187",-0.838179510868534,2.20353883110585,9.13539607866158e-07,7.47742116350248e-06
"ENSG00000128165",2.25140829909369,2.00546210297934,9.17390905308083e-07,7.50437196690121e-06
"ENSG00000225762",1.56944109287796,-2.04491423811655,9.17631802202131e-07,7.50437196690121e-06
"ENSG00000163009",2.28608072340864,-0.970686544788302,9.17641716443067e-07,7.50437196690121e-06
"ENSG00000162729",1.10091906743514,5.88487465956528,9.18249625266817e-07,7.50713604572192e-06
"ENSG00000131697",0.73253540570967,3.29484951893351,9.24293977687454e-07,7.55433100247463e-06
"ENSG00000196262",0.65288729876291,8.28914353376971,9.2580991544811e-07,7.56449799599244e-06
"ENSG00000186416",0.591661625476101,3.40055882582497,9.3164104092575e-07,7.60990668759703e-06
"ENSG00000166257",-1.75044387896916,-1.15674008752521,9.33544301753459e-07,7.62321422920404e-06
"ENSG00000122861",2.15784802741652,7.16534627200641,9.36680221898193e-07,7.64539031803544e-06
"ENSG00000139567",-1.02864106131328,3.76346486893817,9.36809772547542e-07,7.64539031803544e-06
"ENSG00000213160",-1.05408522846393,3.35016411625191,9.41326633552575e-07,7.6799993132877e-06
"ENSG00000277791",0.892614687938732,6.83247960388836,9.42746509832863e-07,7.68932805805907e-06
"ENSG00000175182",-0.837701570136309,3.58575668639001,9.52198348364388e-07,7.76186772070889e-06
"ENSG00000125834",0.765818387261395,5.42997976229432,9.52738186449003e-07,7.76399272771934e-06
"ENSG00000123610",-1.70685882369556,2.09288562238478,9.60099987152563e-07,7.82169330482549e-06
"ENSG00000077935",2.76856233961606,0.990614533602334,9.60438960448851e-07,7.82216363307874e-06
"ENSG00000111269",-0.651601547184333,4.89354334761638,9.64166659296781e-07,7.8502246179805e-06
"ENSG00000235385",7.32326262522315,1.64534739688861,9.64865342535326e-07,7.85361421478929e-06
"ENSG00000126456",0.751133476696622,6.14163328097268,9.65627863087935e-07,7.85752128615118e-06
"ENSG00000242125",1.05212358174322,4.71270724287019,9.67163531903567e-07,7.86771550536236e-06
"ENSG00000146143",0.732754240489626,3.6577998148155,9.77468512007902e-07,7.9492198024783e-06
"ENSG00000188636",-0.926867443370975,4.2189274470814,9.80017441569208e-07,7.96761914713954e-06
"ENSG00000252202",1.60766785454613,-3.35829751499986,9.80895865053658e-07,7.97196707962031e-06
"ENSG00000185324",0.848042367570512,5.51035867568256,9.81125492163389e-07,7.97196707962031e-06
"ENSG00000253921",-1.24096613089731,-3.44895266765133,9.82467031839842e-07,7.98053608544437e-06
"ENSG00000182463",-1.35167173680511,2.66892656300054,9.82756463536681e-07,7.98055635630532e-06
"ENSG00000083799",-0.773782940459744,4.86477011811772,9.83572801327137e-07,7.98485415157958e-06
"ENSG00000278588",5.34284901107593,-1.42066068484663,9.84527859682184e-07,7.99027527322456e-06
"ENSG00000228801",0.870535698692738,0.965579768848982,9.88597742847238e-07,8.01967004074743e-06
"ENSG00000276903",3.7791186968335,-2.26824969733297,9.88726443379821e-07,8.01967004074743e-06
"ENSG00000204869",3.97863793479939,-1.83721448730865,9.91552610686154e-07,8.037905205775e-06
"ENSG00000170891",-1.85197940264432,0.49759634342338,9.92330149595697e-07,8.04186435043856e-06
"ENSG00000222022",5.51776334814218,-2.04709974997658,9.97367191869677e-07,8.08033023812156e-06
"ENSG00000198585",-0.54279405947716,4.69201262466865,9.99987257846546e-07,8.09919790404367e-06
"ENSG00000279108",-1.33468502937211,-1.22318267308296,1.0024004677973e-06,8.11637968292467e-06
"ENSG00000189190",1.14630287968816,3.97359347078375,1.00294166009449e-06,8.11839825151571e-06
"ENSG00000142444",0.550506223699803,3.60628457287476,1.0095399702141e-06,8.16943124572732e-06
"ENSG00000130921",0.564866649919819,4.14813641436478,1.01007011730753e-06,8.17134385476276e-06
"ENSG00000157193",1.75514477341696,3.57683936006118,1.01285374750597e-06,8.19148045344094e-06
"ENSG00000105467",3.34754591145126,-1.85719065324673,1.01806605227718e-06,8.22992956359233e-06
"ENSG00000267416",1.56711022324054,-1.55828519415139,1.01819967742858e-06,8.22992956359233e-06
"ENSG00000172572",-1.33447986967792,1.76553966306218,1.02071761706545e-06,8.24788468432348e-06
"ENSG00000278291",2.22002083235815,1.24671865535083,1.02844433797154e-06,8.30601270018475e-06
"ENSG00000134684",0.714164736502115,6.27097287667339,1.02850852980391e-06,8.30601270018475e-06
"ENSG00000273026",1.07461537456912,-1.20970368486209,1.03419045400881e-06,8.34947433885252e-06
"ENSG00000160712",-1.28823451653287,3.11521873249363,1.03795488782389e-06,8.37743450233486e-06
"ENSG00000196850",-0.701401790710167,4.73072277421005,1.03850139426965e-06,8.37941377395468e-06
"ENSG00000198618",0.720308242428513,4.39020633783408,1.03984465281082e-06,8.38781883080839e-06
"ENSG00000140104",0.881718776055335,3.26352207482126,1.04531890570425e-06,8.42953166841183e-06
"ENSG00000204161",-1.2877929278252,1.87041298573755,1.04962327638585e-06,8.45933705769909e-06
"ENSG00000176435",-1.02526384938808,3.32808841037655,1.05420122990489e-06,8.49377138103848e-06
"ENSG00000011478",0.90474908055165,3.70134812553218,1.05577189534838e-06,8.50396285123794e-06
"ENSG00000165646",-1.50311793677857,-1.45975539520212,1.05675936264958e-06,8.50945227370379e-06
"ENSG00000182938",-3.25610934618405,-1.38280845344078,1.05777921969313e-06,8.51519925827065e-06
"ENSG00000162650",1.0693321433683,2.68308394904055,1.06180000006246e-06,8.54262175346755e-06
"ENSG00000115233",0.705158424877218,5.65087170000714,1.06452421300629e-06,8.56206244544358e-06
"ENSG00000114491",0.665056494262318,4.92229337664805,1.06565790536341e-06,8.56870289733234e-06
"ENSG00000165935",2.04872897708843,-0.900470074302452,1.06837078486739e-06,8.58803371084294e-06
"ENSG00000126458",-1.08730037423362,5.0408957735584,1.06987908012993e-06,8.59767317412708e-06
"ENSG00000280087",1.84190173482792,-2.54206750165707,1.07142267337516e-06,8.60759064546023e-06
"ENSG00000055208",-0.567368337802138,5.64738741985557,1.07232270293552e-06,8.61233362308566e-06
"ENSG00000104313",-1.95897016348276,0.181689497351524,1.07306860743618e-06,8.6158363679626e-06
"ENSG00000123352",0.684600171373317,4.54596572813709,1.07393071800512e-06,8.62026985855017e-06
"ENSG00000248243",2.05840029963315,-1.87340018692447,1.08128832652187e-06,8.67682406969212e-06
"ENSG00000085224",-0.651659753471772,5.40515868674701,1.0853674353406e-06,8.70704484543644e-06
"ENSG00000179526",0.713830989532229,5.81454409931131,1.08853926960887e-06,8.72997194510715e-06
"ENSG00000121058",0.646977748078694,4.24157734007322,1.09043241508267e-06,8.74263383127537e-06
"ENSG00000122042",-0.883489736120779,5.11160246426684,1.09412058124801e-06,8.76967600180138e-06
"ENSG00000175161",-2.35872505719329,-0.737132152847226,1.0956269333243e-06,8.77921979157269e-06
"ENSG00000234224",-2.65328030002477,-2.6616791878006,1.09935967800753e-06,8.80659295058275e-06
"ENSG00000116962",-1.17689654193287,5.93533635541893,1.10184513653443e-06,8.82396164193268e-06
"ENSG00000002834",0.795968995905505,7.72620472772944,1.10618746931892e-06,8.85618655272517e-06
"ENSG00000255152",1.36909772795083,-0.860285361623609,1.1106422729717e-06,8.88929310450701e-06
"ENSG00000230825",-1.86783458678688,-2.09655602391755,1.11273483660205e-06,8.90347928953188e-06
"ENSG00000082014",-1.06391160924299,3.48636951033411,1.11727954915971e-06,8.93727239021539e-06
"ENSG00000259802",1.15298922120193,0.21880041171965,1.12121115624424e-06,8.96614315371511e-06
"ENSG00000104312",0.92489460471738,4.53821499065841,1.12183330159182e-06,8.96853970025105e-06
"ENSG00000177595",0.908262143822262,4.31945704133381,1.12253478338696e-06,8.97156894550047e-06
"ENSG00000134324",-0.964032627075443,3.90472702235217,1.1233963149561e-06,8.97587523926289e-06
"ENSG00000148484",-0.682807955112356,5.59768516168515,1.12624063854955e-06,8.99447036510626e-06
"ENSG00000203667",-0.642591396694424,2.23102498907808,1.12651641147018e-06,8.99447036510626e-06
"ENSG00000239305",-0.528964409460646,4.36782143009215,1.12669380333046e-06,8.99447036510626e-06
"ENSG00000213937",4.1234240209938,1.75862940098299,1.12823597344063e-06,9.00419716766263e-06
"ENSG00000275542",2.16904181648364,-1.53807095827787,1.13345312105076e-06,9.0406589575827e-06
"ENSG00000153922",-0.631206271782673,4.54776587531116,1.13345477960274e-06,9.0406589575827e-06
"ENSG00000128438",-2.19124173201415,-1.58207199618631,1.13419413210756e-06,9.04396255628087e-06
"ENSG00000172349",-1.37971689815618,2.86936682990694,1.13598031711338e-06,9.05560921750483e-06
"ENSG00000127616",0.643929927538049,7.13914436887838,1.13952833813564e-06,9.08128987638008e-06
"ENSG00000105327",1.1209453219057,3.56890555677849,1.14043955835435e-06,9.08594827743037e-06
"ENSG00000262692",1.27874607718673,-1.75792251635446,1.14337244158235e-06,9.10670610473364e-06
"ENSG00000127952",0.770882637709886,4.79219526463946,1.14640480183304e-06,9.12824413208771e-06
"ENSG00000270720",1.79951700510305,-1.9881656822947,1.15387393166652e-06,9.18508748180911e-06
"ENSG00000151572",-1.81287901881578,-0.974202407489272,1.15499352270878e-06,9.19136905496403e-06
"ENSG00000268861",-2.63213451365001,-4.26401395888295,1.15656328484725e-06,9.20122844435259e-06
"ENSG00000168297",-0.788766913869162,3.16607432229724,1.16497720971732e-06,9.26551648094591e-06
"ENSG00000182621",-0.964420102480435,3.88907392023028,1.16767253213808e-06,9.28429849524194e-06
"ENSG00000273328",3.98610212450576,1.23423193260875,1.17114458341072e-06,9.30924386922045e-06
"ENSG00000118985",-1.02662552247271,5.22619893664864,1.17360761571488e-06,9.32497201478705e-06
"ENSG00000148459",0.830995451484116,2.4114581569653,1.17379380231437e-06,9.32497201478705e-06
"ENSG00000130770",0.738391083980393,6.25273542989334,1.17864775804381e-06,9.36085953582879e-06
"ENSG00000227740",1.94871878906507,-1.82409254919504,1.17930069747827e-06,9.36337148129125e-06
"ENSG00000135632",0.604754057131751,4.88729686279722,1.18046478585724e-06,9.3699392377418e-06
"ENSG00000111962",-1.22245511359982,3.46107332094669,1.18340085249264e-06,9.39056431109206e-06
"ENSG00000005889",-0.65776305862964,4.15924204734999,1.18531352540149e-06,9.40305906502897e-06
"ENSG00000130487",3.84204826839029,6.28848178102191,1.19171000387335e-06,9.45110645501266e-06
"ENSG00000183929",3.40231436194344,-1.45166407464089,1.19745053508366e-06,9.49392580737797e-06
"ENSG00000172531",0.758365340930156,7.39965599580496,1.20738134565117e-06,9.56884144907872e-06
"ENSG00000231057",2.53129013169712,-3.333403582434,1.20758758444851e-06,9.56884144907872e-06
"ENSG00000180178",5.68348841036092,1.69366036258653,1.21421849107265e-06,9.61864394537272e-06
"ENSG00000170619",0.69555206175954,4.50607668552858,1.22075554562469e-06,9.66767482644065e-06
"ENSG00000213185",1.51193517518296,0.252329212430734,1.22360272244649e-06,9.68746442340003e-06
"ENSG00000204054",-0.721183148816277,4.87429188404461,1.2261545207436e-06,9.70490486210639e-06
"ENSG00000257543",1.39693332622436,-1.90102320136087,1.23155940648119e-06,9.74213929819717e-06
"ENSG00000137821",-1.01437849055307,1.95621680782254,1.23338986828439e-06,9.75384486965984e-06
"ENSG00000159842",-0.746218551745831,5.89461638413891,1.23565623798923e-06,9.76899003615529e-06
"ENSG00000174827",3.19659866828367,-0.16680738695782,1.24051507121254e-06,9.80461656028258e-06
"ENSG00000139405",0.682864020636849,4.02434863795021,1.24228632756517e-06,9.81582659902558e-06
"ENSG00000106133",1.31889766099725,0.625160743669105,1.24502955107996e-06,9.83470801027742e-06
"ENSG00000166596",1.76996428506354,-1.90503348052017,1.2461083307018e-06,9.83825425811654e-06
"ENSG00000267673",0.995273758232699,1.17913857844676,1.24630797526216e-06,9.83825425811654e-06
"ENSG00000169733",0.755734364452274,5.35999271731109,1.24666438554124e-06,9.83825425811654e-06
"ENSG00000162736",0.835918627454864,6.76939577420967,1.24689340451806e-06,9.83825425811654e-06
"ENSG00000166262",-0.829033300848506,0.611368106572725,1.25152908863504e-06,9.87203021616741e-06
"ENSG00000271151",1.60694614338758,-1.46083960050229,1.25352094628208e-06,9.88493849700697e-06
"ENSG00000204217",-0.660092137429286,5.80235506526236,1.25488893743607e-06,9.88899642956746e-06
"ENSG00000164778",4.16281864030492,-0.273566003741073,1.254923051824e-06,9.88899642956746e-06
"ENSG00000188706",0.75350463752768,5.53067430815677,1.25510219668404e-06,9.88899642956746e-06
"ENSG00000153707",-1.91739010636328,1.5955499362959,1.26195111297085e-06,9.94014338857496e-06
"ENSG00000118520",-1.73404037573013,-1.69478831043977,1.26951254304354e-06,9.99687212901188e-06
"ENSG00000248347",3.38862193854445,-2.63891264016595,1.27013527035074e-06,9.9989448837433e-06
"ENSG00000084731",1.14925216933555,4.4489831032681,1.27957602439859e-06,1.00693743195873e-05
"ENSG00000151553",-0.616097996307071,3.88613316968963,1.27980578217888e-06,1.00693743195873e-05
"ENSG00000186479",-1.94316395862547,-1.68359052879337,1.28309475941869e-06,1.00923966469774e-05
"ENSG00000204538",5.00784347760659,3.94845147863278,1.28549760271936e-06,1.01084378921215e-05
"ENSG00000185798",0.687564116632543,2.94543527616157,1.28617099550874e-06,1.01098122006282e-05
"ENSG00000226738",4.29892740333735,2.5933172724242,1.28639935922134e-06,1.01098122006282e-05
"ENSG00000176371",0.9390514674203,2.42242329987047,1.28704041320151e-06,1.01119929413485e-05
"ENSG00000269894",1.7448250831227,-1.77015322935074,1.29977610549327e-06,1.02091705230399e-05
"ENSG00000233077",2.21978778564439,-2.79113051354956,1.30405678014803e-06,1.02399015319755e-05
"ENSG00000125885",0.998845635743036,3.78790418553436,1.31008329359717e-06,1.0284320249737e-05
"ENSG00000189376",0.680326659783842,2.72948710497174,1.31092995865443e-06,1.02880629063362e-05
"ENSG00000089505",1.25577725102305,-0.700186577530297,1.31429058066055e-06,1.03115271988468e-05
"ENSG00000260924",1.31071896058692,-0.0986408033217153,1.31515541718411e-06,1.03138734775128e-05
"ENSG00000213901",1.73892306804016,0.599145830869072,1.31533129201229e-06,1.03138734775128e-05
"ENSG00000272462",-1.02098806110371,0.918054754072906,1.31578564971281e-06,1.03145282625317e-05
"ENSG00000258947",2.36821445165579,2.178716060215,1.31725235353993e-06,1.03231162888155e-05
"ENSG00000249855",-0.898790015225084,0.590289438576854,1.31836010878148e-06,1.0328887240997e-05
"ENSG00000276727",2.84911915036413,-3.94372916088824,1.3280257611458e-06,1.04016841719933e-05
"ENSG00000197712",-0.682426587643637,5.44577206467932,1.32885082147114e-06,1.04052161873809e-05
"ENSG00000198795",-1.3896903420445,2.00604885610514,1.33918800802563e-06,1.04832074492589e-05
"ENSG00000235532",-2.23445438555607,-3.20000968336124,1.35902198276328e-06,1.06343139365261e-05
"ENSG00000173894",2.08709984601787,4.13376407497633,1.35925596103801e-06,1.06343139365261e-05
"ENSG00000135046",-1.5030316733811,8.34000423956269,1.3599049954128e-06,1.06363997855501e-05
"ENSG00000163950",0.770715825514521,5.49527654412021,1.36681103560929e-06,1.06874094274392e-05
"ENSG00000245937",-0.566887440295346,3.39462439297051,1.36754833681506e-06,1.06901691657778e-05
"ENSG00000166801",0.790391931991192,5.00194838963793,1.36955554120717e-06,1.07028514379306e-05
"ENSG00000143106",0.66811870655583,6.35626516563195,1.37003291682473e-06,1.07035745830467e-05
"ENSG00000231081",2.48036139731851,-2.73131269070323,1.37698324147243e-06,1.07548539441373e-05
"ENSG00000163900",0.757522749755918,5.1477790629001,1.37924985068041e-06,1.076953287394e-05
"ENSG00000138018",0.845859551934126,5.34055534023706,1.3842977836092e-06,1.08059147503572e-05
"ENSG00000155893",1.29303652370378,4.26007428527889,1.39667142668989e-06,1.08994451151868e-05
"ENSG00000132196",0.990753835609474,3.02742083568632,1.40506430848998e-06,1.09618663708364e-05
"ENSG00000074842",0.811087040473991,6.1904322388988,1.4080607873808e-06,1.09821633986041e-05
"ENSG00000141499",0.832319079928187,3.53453023356937,1.40871929890969e-06,1.09842191927601e-05
"ENSG00000043514",1.01767479955969,4.8841197730847,1.41502334128487e-06,1.10279205921226e-05
"ENSG00000004864",0.717571981813656,4.56986482460168,1.41511698102634e-06,1.10279205921226e-05
"ENSG00000149503",1.04094307820751,4.46182969825468,1.41997018480579e-06,1.10626416666677e-05
"ENSG00000174373",-0.750707421929034,3.08394210147412,1.42686713493901e-06,1.11132611660763e-05
"ENSG00000256116",1.43718019952526,-2.94375544987589,1.42809958172061e-06,1.1119746267188e-05
"ENSG00000186026",0.857927854734173,1.17390914242953,1.43530693714957e-06,1.11727377114304e-05
"ENSG00000141378",0.741122847542976,4.32549982364341,1.43890087312913e-06,1.11975797382039e-05
"ENSG00000160131",0.620423737420178,5.11085546771608,1.44044651352527e-06,1.12064724141758e-05
"ENSG00000181418",2.66013922897938,-0.648959783266286,1.45905440996664e-06,1.13480649620811e-05
"ENSG00000167088",0.769769586136266,5.59972435776803,1.46008499327564e-06,1.13529057640412e-05
"ENSG00000234737",2.3492578218352,-3.40268647267118,1.47426716545418e-06,1.1459975593286e-05
"ENSG00000101445",-1.32371455432889,2.30922776003179,1.47832010349845e-06,1.14882696391736e-05
"ENSG00000204922",1.03645052272384,4.42470278021384,1.47891868256885e-06,1.14897109827618e-05
"ENSG00000242078",2.57447159345679,-3.33860605696561,1.48562709904744e-06,1.15386055587284e-05
"ENSG00000198443",2.45477672379313,-0.781297992852915,1.48985031309232e-06,1.15681760910208e-05
"ENSG00000062038",2.77785336621544,7.04477825182724,1.49263454349517e-06,1.1586560021834e-05
"ENSG00000144712",-1.48111582782248,1.81698814504371,1.49680914526002e-06,1.16157234255348e-05
"ENSG00000270605",1.53644022308227,0.603163938863928,1.49929271894223e-06,1.16317512948229e-05
"ENSG00000213585",0.71564234283963,7.41845233446838,1.5138792572519e-06,1.17416407646255e-05
"ENSG00000139549",-1.40429616369011,-2.16985108743843,1.51613041129065e-06,1.17558224503002e-05
"ENSG00000181610",0.666043943146856,5.09986017717195,1.52170246833018e-06,1.17957387825159e-05
"ENSG00000076053",-0.564491674031807,3.76753354187958,1.53199485152826e-06,1.18722130971177e-05
"ENSG00000205208",0.842565454048204,3.04493588327987,1.53658777785338e-06,1.19044890990073e-05
"ENSG00000271969",2.08870508669866,-2.71859316584728,1.54557251339706e-06,1.19707625494604e-05
"ENSG00000070366",-0.768737809061786,3.65894562216041,1.54864844056633e-06,1.19912469592069e-05
"ENSG00000169964",0.715631163658839,3.18589579507538,1.55080491056698e-06,1.20046025542998e-05
"ENSG00000128564",3.07960860633282,1.03717026270131,1.56299248895188e-06,1.20955787688421e-05
"ENSG00000259250",1.70818945160908,1.60936194400006,1.56618655775797e-06,1.2116925377169e-05
"ENSG00000117362",0.671991701778058,7.48757439876911,1.57436505244469e-06,1.21768117918921e-05
"ENSG00000231066",1.54148168158534,-2.65307652000182,1.57592971862762e-06,1.21855249552933e-05
"ENSG00000183506",1.86117135128952,2.85948574628981,1.58081749714125e-06,1.22199213585296e-05
"ENSG00000178409",1.02185203773752,2.51187794471589,1.58390790355597e-06,1.22404085917205e-05
"ENSG00000184500",-1.19562876381754,3.45021987382364,1.58858820652449e-06,1.22731677189071e-05
"ENSG00000164465",1.30710742225554,4.08834992787467,1.58950973660351e-06,1.22768770630806e-05
"ENSG00000177485",0.682088144309166,4.44009382498901,1.59328262139634e-06,1.2300895973209e-05
"ENSG00000177303",-0.560490912540381,4.77083051077874,1.59350405175537e-06,1.2300895973209e-05
"ENSG00000198342",-0.946553493493251,0.245332246572224,1.59733043796954e-06,1.23270120619442e-05
"ENSG00000160072",0.940124036220026,4.83583591053845,1.59925569264354e-06,1.23384462079042e-05
"ENSG00000145107",3.98287454408062,0.368716588814546,1.60445158256289e-06,1.23751003510321e-05
"ENSG00000155530",1.88052051811642,-0.959491786084439,1.60545034525629e-06,1.23793707936272e-05
"ENSG00000274015",1.58531338139702,-2.94318833547453,1.60793347951444e-06,1.23950814483744e-05
"ENSG00000250471",1.32549344269399,-2.11463796311142,1.61241490858183e-06,1.24261833894116e-05
"ENSG00000160336",1.40244315719105,4.1641180852786,1.61507225595739e-06,1.24432145858568e-05
"ENSG00000065665",0.859516952036484,2.64620305490829,1.61920796586473e-06,1.2471295817106e-05
"ENSG00000065268",0.85217682377992,5.13214332724211,1.61961386730619e-06,1.2471295817106e-05
"ENSG00000136436",-0.523564376449689,6.06544065768665,1.63061007983432e-06,1.2552493260568e-05
"ENSG00000119711",-0.765262400737421,3.85725188170197,1.63584803085621e-06,1.25893307366363e-05
"ENSG00000265393",1.57812465573922,-2.47988412029829,1.64643925115738e-06,1.26650283905179e-05
"ENSG00000188176",-1.7470190957689,0.787042755852446,1.64659485348983e-06,1.26650283905179e-05
"ENSG00000257923",-0.585079890090591,6.22875729725506,1.64920249632693e-06,1.26815783882612e-05
"ENSG00000108946",-0.514480539282595,7.04370584959003,1.65705197511643e-06,1.2738415307881e-05
"ENSG00000196981",0.735629158210598,2.61580780115186,1.660333446799e-06,1.27601144392983e-05
"ENSG00000162595",-1.51853593181457,-0.0632872939448218,1.66601906484276e-06,1.28002729973679e-05
"ENSG00000184402",0.819373396961462,4.13029457938564,1.67425771330741e-06,1.28600192709801e-05
"ENSG00000172172",0.73732035098027,4.7981524814815,1.67621268626658e-06,1.28714807960056e-05
"ENSG00000226887",2.2198118829704,2.57312357137195,1.67837238367426e-06,1.28821735618224e-05
"ENSG00000187796",1.82125551229841,2.74340071450387,1.67853151361034e-06,1.28821735618224e-05
"ENSG00000267383",2.23744767900265,0.00993168788994649,1.67989442316591e-06,1.28890768528313e-05
"ENSG00000197063",-0.768150870578992,4.55335207030832,1.68164581462821e-06,1.28989561616808e-05
"ENSG00000198324",0.908400027046532,3.94935420399366,1.69542822381431e-06,1.30010877278598e-05
"ENSG00000270228",0.991031725443247,-2.10183448600698,1.69727107367312e-06,1.30080463962718e-05
"ENSG00000272370",-0.953771995535935,-2.46563403594977,1.70216059867954e-06,1.30419263721967e-05
"ENSG00000272567",1.25623760175949,-1.91586578110593,1.70632005962097e-06,1.30701954883608e-05
"ENSG00000248746",-1.4602235984899,-3.28927279018808,1.70994315824959e-06,1.30943417016508e-05
"ENSG00000157954",0.530976140596804,6.05878846390735,1.71495634493734e-06,1.31291166588886e-05
"ENSG00000198075",-1.58397161642087,-0.734673863982783,1.72491740661055e-06,1.31981094443079e-05
"ENSG00000157554",-1.08062029262002,2.65057945808979,1.72562477262084e-06,1.31998904842968e-05
"ENSG00000261326",1.38229384163622,2.41812482307462,1.73183103000752e-06,1.32437218690127e-05
"ENSG00000135898",-1.51437011530797,-1.52795253131636,1.73602677634804e-06,1.32692378207266e-05
"ENSG00000260027",1.2209608341116,4.29865109715745,1.73633794603275e-06,1.32692378207266e-05
"ENSG00000204713",0.608535295404326,5.71840740302834,1.73659891660176e-06,1.32692378207266e-05
"ENSG00000229869",2.13019650355688,-3.66831680705625,1.74472975027581e-06,1.3327703527718e-05
"ENSG00000196230",0.828069052698032,9.42649639694782,1.75869636856887e-06,1.34307034868221e-05
"ENSG00000233822",1.90881598583965,0.499771104313444,1.7595067320184e-06,1.34332036062662e-05
"ENSG00000260261",1.42639050768631,0.355454858848562,1.76320824617106e-06,1.34577691961459e-05
"ENSG00000267107",-1.09386340728736,1.09435222227482,1.77913072033398e-06,1.35719988906245e-05
"ENSG00000162639",1.03373237748922,3.74295768418259,1.77915032377726e-06,1.35719988906245e-05
"ENSG00000139505",-0.585377644098291,4.36609181629356,1.78003651082497e-06,1.35750357761379e-05
"ENSG00000258626",-1.35351575272955,-3.17087004767007,1.78912459880681e-06,1.36406037463305e-05
"ENSG00000161542",0.50544497548009,5.02357096184788,1.79060978985587e-06,1.36481858276956e-05
"ENSG00000261460",1.23502237648175,0.0803956055383895,1.79580808624075e-06,1.36840576171545e-05
"ENSG00000257138",3.65556403452952,-3.07881052717859,1.7977600598986e-06,1.36950299124977e-05
"ENSG00000215899",-1.32503927304641,-3.69132307588187,1.79823281344844e-06,1.36950299124977e-05
"ENSG00000263884",1.49390907527678,-2.5287175936475,1.79917927495731e-06,1.3698487044727e-05
"ENSG00000146205",1.31106078631977,0.743970782562068,1.80064201722827e-06,1.37058720375396e-05
"ENSG00000104899",2.91637766259911,1.35515236683096,1.80428213083994e-06,1.37298218618471e-05
"ENSG00000247572",-0.603300084119117,1.65228177292616,1.81287568441767e-06,1.37914418519444e-05
"ENSG00000224051",0.82297570916266,5.13859072740044,1.8158144074701e-06,1.3810020813499e-05
"ENSG00000040275",0.834195155336675,3.29267942488197,1.8210899822306e-06,1.38463574838107e-05
"ENSG00000137343",1.02667981061366,3.83876888297581,1.82243133513526e-06,1.38527692604856e-05
"ENSG00000151576",0.61177574213825,4.17034046542665,1.82734202634973e-06,1.38863015789249e-05
"ENSG00000174485",-0.591987259102307,4.01485411420547,1.82848482380463e-06,1.38911904956236e-05
"ENSG00000239213",0.881595204761943,1.23753903832321,1.84016672344556e-06,1.39761215399211e-05
"ENSG00000065970",-0.680445825191383,4.31012121553876,1.84889025489135e-06,1.40347119703311e-05
"ENSG00000129173",1.4637244989594,3.36873458937657,1.85107143618503e-06,1.40474351581485e-05
"ENSG00000111229",0.679335258296257,7.5928120668516,1.85543555647319e-06,1.40767128020155e-05
"ENSG00000122299",-0.514090237178987,4.65056339757059,1.86297064218382e-06,1.41300252170871e-05
"ENSG00000269352",1.09922251903214,1.47816500942628,1.87591317735491e-06,1.42243111237111e-05
"ENSG00000196290",0.542132846132777,3.95078862968403,1.8924704774983e-06,1.43459475035869e-05
"ENSG00000142528",0.691693818291681,3.20006298629916,1.89870715214802e-06,1.43893030034585e-05
"ENSG00000114956",0.618263395237943,5.33173707119617,1.91184416998359e-06,1.44849147098212e-05
"ENSG00000124207",0.723423694893778,6.70693315080947,1.92926360226811e-06,1.46129108305781e-05
"ENSG00000176022",0.840966087198401,4.5173946973989,1.94281626434797e-06,1.47115569725865e-05
"ENSG00000229431",1.3183059163102,-1.26028512387117,1.9550670503579e-06,1.48002939225924e-05
"ENSG00000185640",6.03726060817667,2.45834263890572,1.95614229876961e-06,1.48044042872596e-05
"ENSG00000232811",1.1851169310412,-0.428997295356519,1.95956263496016e-06,1.48262555947081e-05
"ENSG00000236670",1.86617741274753,-2.47243587357799,1.98237095510163e-06,1.49947466342784e-05
"ENSG00000179902",-1.79172268505594,-3.35378515184218,1.98400891234968e-06,1.50003252803524e-05
"ENSG00000148426",1.70182945043091,4.03587351044172,1.98418713214743e-06,1.50003252803524e-05
"ENSG00000233056",6.21203124862009,3.06364782615562,1.99440835412595e-06,1.50734998786155e-05
"ENSG00000223822",-1.28459418115541,-2.85009536672319,1.99855247345233e-06,1.5100717181236e-05
"ENSG00000111647",-0.736946352161183,3.49116007458406,2.01306133859834e-06,1.52062126589993e-05
"ENSG00000270006",1.59500713679452,-1.03334055946154,2.02006066997427e-06,1.52549409215298e-05
"ENSG00000230479",2.14218829355321,-0.544381001428356,2.02563360930473e-06,1.5290150012565e-05
"ENSG00000101474",0.73463131226572,6.68680810347192,2.02626802539184e-06,1.5290150012565e-05
"ENSG00000207297",1.78420031370115,-3.19524299370982,2.02637230598334e-06,1.5290150012565e-05
"ENSG00000104804",-1.52444979448484,-2.57628163099321,2.02801179425103e-06,1.52983705000011e-05
"ENSG00000243989",1.19128039358542,2.32839219925032,2.03199520522995e-06,1.532426318955e-05
"ENSG00000132688",-1.2868911270473,5.12812660523498,2.03678496427445e-06,1.53562212554528e-05
"ENSG00000224020",1.99755603272532,-0.746536195510751,2.04372477507062e-06,1.54043677964876e-05
"ENSG00000267506",-1.90035829043184,-2.56978416157216,2.04873551018128e-06,1.54379519763403e-05
"ENSG00000184350",-2.06911697944172,-4.28057496344578,2.05053568043402e-06,1.54473317659565e-05
"ENSG00000101391",0.594621010797714,4.49136215007389,2.05540743311591e-06,1.54798394089501e-05
"ENSG00000244045",0.567761146770913,3.69275179154863,2.05781190943963e-06,1.5492143791816e-05
"ENSG00000123384",-1.0396068297798,7.54404430426348,2.05815522636034e-06,1.5492143791816e-05
"ENSG00000136158",-1.17786882436535,3.51485748862885,2.06882470071883e-06,1.55682185026032e-05
"ENSG00000272994",0.952461713533414,0.614968613029936,2.06938136138223e-06,1.55682185026032e-05
"ENSG00000135720",-0.790780283462373,5.69135008698934,2.07116206836889e-06,1.55774014622888e-05
"ENSG00000139793",-0.712978204709905,5.35443835251922,2.0763542458044e-06,1.56064725168877e-05
"ENSG00000167757",-2.66167327303001,2.64089318298752,2.0763591175451e-06,1.56064725168877e-05
"ENSG00000166598",0.734216858726563,9.2706088506477,2.07671070308854e-06,1.56064725168877e-05
"ENSG00000271754",1.17480177551225,-1.79297809075396,2.08122915942286e-06,1.56362038387434e-05
"ENSG00000244005",0.582850863065416,4.48527725193328,2.08275634756587e-06,1.56434518754657e-05
"ENSG00000235897",2.225467115573,-0.84930180735699,2.08736104885788e-06,1.56738047656275e-05
"ENSG00000111907",-1.32645454953463,4.6489687999271,2.08829893080352e-06,1.56766148886473e-05
"ENSG00000167528",-0.615457802202489,3.55314309650311,2.08902091766517e-06,1.5677803233411e-05
"ENSG00000176595",-1.4757269217146,1.40023213460066,2.09295097873387e-06,1.57030605803952e-05
"ENSG00000116731",-0.541947336594297,5.11094975585942,2.09355164935987e-06,1.57033311822131e-05
"ENSG00000188612",0.52041334442889,6.99019877967308,2.09563746230541e-06,1.57119680074549e-05
"ENSG00000273449",1.29831784757721,-0.733951221816613,2.09583293091927e-06,1.57119680074549e-05
"ENSG00000141401",-1.18862659478741,4.73815903114765,2.0972548421854e-06,1.57183909797096e-05
"ENSG00000253167",1.70157496178766,-3.04052847012777,2.09975343417367e-06,1.57328777652673e-05
"ENSG00000075131",0.799172782329933,2.46811586809835,2.10243576530776e-06,1.57487330838957e-05
"ENSG00000173193",1.10551038935628,6.37886234242483,2.10437817395501e-06,1.57590388131962e-05
"ENSG00000226948",-1.372816527327,-3.22597687574546,2.10888221720571e-06,1.57885171217073e-05
"ENSG00000168172",-0.676349327384187,5.02569322099771,2.11129033910039e-06,1.58022923039287e-05
"ENSG00000271384",1.89007986081006,-2.94045877951644,2.11249221685041e-06,1.58033786695457e-05
"ENSG00000182134",1.29752313611221,3.6015362608048,2.11257188700863e-06,1.58033786695457e-05
"ENSG00000261437",1.77456087893517,1.18113591461731,2.12296974341277e-06,1.58768909581983e-05
"ENSG00000196812",1.20461898371113,2.34782647180577,2.12597333377438e-06,1.58950796592115e-05
"ENSG00000198483",-1.41391443106248,2.44004961765696,2.13443970562733e-06,1.59540907101889e-05
"ENSG00000167625",0.564590790581407,3.39814301884096,2.13743326998504e-06,1.59721739758447e-05
"ENSG00000145349",-0.849017690359566,4.71515609905066,2.13912971910617e-06,1.59805573133226e-05
"ENSG00000204390",-0.701309484821144,0.397622537541184,2.14355040993127e-06,1.60092823714872e-05
"ENSG00000233760",-2.06974536051752,-3.0142445994954,2.14595453400066e-06,1.60229351554793e-05
"ENSG00000214429",4.92728558467621,-2.02589819689109,2.15924139745353e-06,1.61178156165795e-05
"ENSG00000275993",-1.22137612732558,4.11633741720795,2.16367829383191e-06,1.61466016598731e-05
"ENSG00000221909",0.600401257485823,2.68898361678979,2.16534381928214e-06,1.61546962568922e-05
"ENSG00000255883",-0.999028022372365,-2.29892386991727,2.17472032394747e-06,1.62202993751544e-05
"ENSG00000226421",2.20476461883549,-1.39108739072694,2.18228222020742e-06,1.62723365658523e-05
"ENSG00000137878",-1.4777350496237,-0.111884525857741,2.18306939621275e-06,1.62738432368977e-05
"ENSG00000116783",-1.62418654628691,-3.42365064401027,2.19877506634079e-06,1.63841124933847e-05
"ENSG00000259349",1.64722279816482,-2.48161891141288,2.19903972738666e-06,1.63841124933847e-05
"ENSG00000271550",1.51191135710358,-0.116466202171779,2.20267833173667e-06,1.64068271131741e-05
"ENSG00000274425",0.856396112505956,-0.492340682157792,2.20341678885116e-06,1.64079333730434e-05
"ENSG00000115207",0.536320606485886,5.60994547094752,2.21566674321726e-06,1.6491183679342e-05
"ENSG00000162385",0.666559649120812,4.7819073349027,2.21578231077917e-06,1.6491183679342e-05
"ENSG00000224982",-1.27230847824442,-0.772014243313672,2.21917353628856e-06,1.65120046989817e-05
"ENSG00000225693",1.70255848792603,-2.9375859331086,2.22329952170411e-06,1.65352197766483e-05
"ENSG00000125810",-1.14702162766001,5.30925651426333,2.2234826147724e-06,1.65352197766483e-05
"ENSG00000168056",-0.876109313645027,6.0888511663567,2.22561803606173e-06,1.65466758719553e-05
"ENSG00000163631",7.12231106923229,2.6354127151271,2.22860746161052e-06,1.65644733644504e-05
"ENSG00000184227",-1.00775873594611,0.843488525508171,2.22997530769498e-06,1.6570211924371e-05
"ENSG00000105219",2.65525474150249,-0.29686477022133,2.23100914912177e-06,1.65734662031313e-05
"ENSG00000274605",1.06958309238374,2.57779059933688,2.23931324551116e-06,1.66307127629912e-05
"ENSG00000125755",0.543842239487444,6.45650895978628,2.25227161021827e-06,1.67224853964231e-05
"ENSG00000204941",7.64060144189594,0.62037833391856,2.25520523249242e-06,1.67397980067552e-05
"ENSG00000115155",3.14228897219121,1.18059025348486,2.25659427418368e-06,1.67456394204564e-05
"ENSG00000130699",0.666478076391776,4.24549419532346,2.26347781703149e-06,1.67922402040802e-05
"ENSG00000184979",1.55066976018738,2.58341279323954,2.26674293554444e-06,1.6811979004346e-05
"ENSG00000126953",0.815731313641929,2.72749402511917,2.27734055405948e-06,1.68860764676237e-05
"ENSG00000111321",0.742374409822065,7.20721845593062,2.28348383111868e-06,1.69271150839296e-05
"ENSG00000140876",-1.20413137386243,-0.0350355536157556,2.29832524913544e-06,1.70325926336808e-05
"ENSG00000162434",-0.620708470297841,6.57115489660409,2.30204792277149e-06,1.70556363548331e-05
"ENSG00000076944",0.897064568814256,5.88248509375877,2.30533886832965e-06,1.70754700252603e-05
"ENSG00000249602",1.56803427884025,-1.40931802605122,2.31222754109665e-06,1.71215262868512e-05
"ENSG00000166268",3.211871589314,-0.774266139683819,2.31293351129946e-06,1.71215262868512e-05
"ENSG00000167523",0.838064322713523,2.37743723549371,2.3134036524642e-06,1.71215262868512e-05
"ENSG00000218052",-1.27324062884714,-2.06963180521094,2.31689452488935e-06,1.71428005907815e-05
"ENSG00000272645",1.23342754495214,2.08677891898796,2.32013885861326e-06,1.71622399134602e-05
"ENSG00000160741",0.60649666569183,5.52735962645073,2.32899603332125e-06,1.72231764623143e-05
"ENSG00000214207",1.98311956988452,-1.53125133266859,2.33587291640534e-06,1.72694400382726e-05
"ENSG00000163072",-1.03991442423611,1.83060549248223,2.33786847432329e-06,1.72796002860361e-05
"ENSG00000122133",6.71186927900231,-0.211499831758552,2.33885378614368e-06,1.72822902109495e-05
"ENSG00000256540",2.24607144805419,-1.54188183981971,2.34642936001087e-06,1.73336626268213e-05
"ENSG00000254759",-0.853707443844053,-1.79999481158678,2.35553274998889e-06,1.73962911246524e-05
"ENSG00000221164",1.34198757396761,-2.31458504519911,2.35731219740737e-06,1.74048112945291e-05
"ENSG00000132122",-0.979621004996563,2.22747458015043,2.3601769723828e-06,1.74213381456695e-05
"ENSG00000175376",0.551202139010365,4.47975788920904,2.36883068083744e-06,1.74805751462276e-05
"ENSG00000100058",0.920044749324094,3.18990119817954,2.37632115789521e-06,1.75311990356869e-05
"ENSG00000179277",-1.17933124371471,0.913171652185311,2.37844345209135e-06,1.75422030583444e-05
"ENSG00000180346",0.987297987957313,3.23126672741201,2.40973736817834e-06,1.77682994223606e-05
"ENSG00000277351",-1.48295549809022,-3.03451012245145,2.41201652314472e-06,1.77803910835474e-05
"ENSG00000281406",3.37012245708132,0.500518778466671,2.41605817319054e-06,1.77965687571481e-05
"ENSG00000279123",2.05073561384234,-3.57170086196482,2.4161077693526e-06,1.77965687571481e-05
"ENSG00000267272",-1.28912043542364,-1.01634544527258,2.41613071682275e-06,1.77965687571481e-05
"ENSG00000243659",-1.15994626939359,-3.70066010592149,2.42729721664966e-06,1.78740845874178e-05
"ENSG00000196748",4.09062385980788,-3.1153636096662,2.43386416301338e-06,1.79135326015821e-05
"ENSG00000104848",2.44973290535482,-2.56047415543209,2.43394239029874e-06,1.79135326015821e-05
"ENSG00000274925",1.22697792236615,0.808197333174727,2.43645732539733e-06,1.79272983045704e-05
"ENSG00000198106",-1.68102685804594,-2.69749789730686,2.44271648017344e-06,1.79685991703422e-05
"ENSG00000178096",1.01445401907776,3.68890599988771,2.44531450791343e-06,1.79829541006336e-05
"ENSG00000104447",-1.51475050576568,3.12326002396009,2.49608397956916e-06,1.83514627871417e-05
"ENSG00000140297",-2.18812917089644,2.34902105962407,2.50623741889963e-06,1.84184518436644e-05
"ENSG00000230490",-1.53466449678222,-2.90990569934146,2.50651998088195e-06,1.84184518436644e-05
"ENSG00000168405",-1.32597170109334,1.88969423479092,2.52026689768092e-06,1.85145756009507e-05
"ENSG00000132330",0.774433187598918,1.04598083504131,2.52463703698842e-06,1.85417823896908e-05
"ENSG00000116771",1.36457092537961,1.97652396779488,2.52578441419782e-06,1.85453120148057e-05
"ENSG00000100344",2.9708167957453,-1.23766621352578,2.52748556961125e-06,1.85529047631559e-05
"ENSG00000221866",-1.77014860977528,0.641197647418635,2.53436612645771e-06,1.85985026583557e-05
"ENSG00000197008",0.855339857358458,2.92169109322849,2.54701461215133e-06,1.86863934074822e-05
"ENSG00000138771",-1.28902820325924,4.25106484404039,2.55245134237739e-06,1.87213420847949e-05
"ENSG00000215012",1.10222547679229,4.51206356252057,2.55588187041223e-06,1.87415614188704e-05
"ENSG00000169972",0.91832662153789,4.02915126277828,2.56557571146324e-06,1.88076850982939e-05
"ENSG00000234062",1.11210445743118,0.845342666847812,2.57651540520089e-06,1.88811199352469e-05
"ENSG00000139579",0.657863339972956,4.82183580949229,2.57695075231716e-06,1.88811199352469e-05
"ENSG00000101337",0.664574868455821,6.49843415887165,2.58200261617147e-06,1.89131521631754e-05
"ENSG00000278635",2.13476155010037,-2.03863673781718,2.58948497101099e-06,1.89629661660687e-05
"ENSG00000237594",1.88859525751922,0.218664970107257,2.5902028740254e-06,1.89632304646666e-05
"ENSG00000037897",0.772627454707838,4.03824326952944,2.59956017064327e-06,1.90267281647635e-05
"ENSG00000235601",5.31908062851468,-3.05858248443047,2.60549643719203e-06,1.90651598020579e-05
"ENSG00000240694",-1.62551722158873,0.327859010179386,2.60775361670465e-06,1.9074238603938e-05
"ENSG00000183098",-1.66790629046596,3.11118101076784,2.60810877685889e-06,1.9074238603938e-05
"ENSG00000187189",-0.671287923038717,4.10226890763915,2.61195956884251e-06,1.90973794658824e-05
"ENSG00000280077",0.951012113759681,0.8240164553873,2.61678959166687e-06,1.91254909022004e-05
"ENSG00000183248",2.87036169200526,3.27770562544584,2.61717967762467e-06,1.91254909022004e-05
"ENSG00000172113",0.588618067389042,3.52440295127122,2.62194750215921e-06,1.91552996788952e-05
"ENSG00000153404",3.89880557269609,2.78012949264433,2.62867412708375e-06,1.91993995526734e-05
"ENSG00000136155",-2.28548798180464,3.341342691687,2.63436341678118e-06,1.92359017356091e-05
"ENSG00000256609",-2.19653910020158,-4.00167826672013,2.6363049685507e-06,1.92450262704201e-05
"ENSG00000101945",0.937221781940999,3.513326252493,2.63836332268281e-06,1.9254998450217e-05
"ENSG00000113249",7.0357731444673,1.80983939578783,2.64179184306853e-06,1.92749623639205e-05
"ENSG00000151287",1.03203049646363,2.98698159113224,2.64287766972097e-06,1.92778275971543e-05
"ENSG00000134982",-0.684943451273368,4.00804287132609,2.65532105520133e-06,1.93635145538318e-05
"ENSG00000187984",2.50416615528955,2.26557712754941,2.65828108639615e-06,1.93800188351078e-05
"ENSG00000115241",0.641131955976065,6.97422966141187,2.65950961370143e-06,1.93838943621274e-05
"ENSG00000107159",3.62261395871583,4.50119506120572,2.66510715385228e-06,1.94196031621937e-05
"ENSG00000102078",0.592741595397638,2.60430625859799,2.66624350196901e-06,1.94227947931546e-05
"ENSG00000279508",2.86362096353633,-0.267822002466551,2.67139111316985e-06,1.94551979655913e-05
"ENSG00000171016",-1.39582122394318,1.93424242966969,2.67679255157256e-06,1.94894322609654e-05
"ENSG00000152078",-1.34457054525925,2.97727064876692,2.67814700906417e-06,1.94941907257529e-05
"ENSG00000143552",-1.26423648020386,-2.89655803994111,2.68429967625229e-06,1.95338636566209e-05
"ENSG00000107738",-0.996313606295641,5.34580779726582,2.70230592982233e-06,1.96597527664527e-05
"ENSG00000280287",1.31324233848292,0.739293040964617,2.70479703064621e-06,1.96727300767162e-05
"ENSG00000205560",1.41011239016208,1.48890923293132,2.70699228598842e-06,1.9683549398744e-05
"ENSG00000166573",-2.14403043965495,-4.2333675868107,2.7096442553923e-06,1.96976831351871e-05
"ENSG00000180739",2.10476773412224,3.48031551921923,2.7173921111861e-06,1.97488442091505e-05
"ENSG00000136689",-1.41613123362699,6.19840106861671,2.72102303452359e-06,1.977006626416e-05
"ENSG00000135912",0.704270368120628,3.91335930509663,2.73584267085417e-06,1.98725495441282e-05
"ENSG00000254035",-1.61998871055282,-3.05453464256308,2.7366590673933e-06,1.98732894625091e-05
"ENSG00000154240",-1.10694741459865,2.06411940029093,2.7414060500196e-06,1.99025649880436e-05
"ENSG00000188501",1.46763034244954,-2.12783442490405,2.76331540080139e-06,2.00511586857524e-05
"ENSG00000170855",0.635635526395699,4.45964796347152,2.76556363146853e-06,2.006223820606e-05
"ENSG00000138738",-1.3473107133718,0.880960539065619,2.77632659734643e-06,2.01350643160355e-05
"ENSG00000261707",-1.36300281780994,-3.38554956315929,2.78644034325689e-06,2.01960554094169e-05
"ENSG00000178821",2.25491046472023,0.648641559140312,2.78686357509471e-06,2.01960554094169e-05
"ENSG00000164946",-1.7055695774871,1.54823734470385,2.78691477587251e-06,2.01960554094169e-05
"ENSG00000230417",-1.83457433705895,-3.81463557452911,2.79573737686237e-06,2.02481434674564e-05
"ENSG00000141431",-1.86795810092785,-0.0196258156358191,2.79628659470392e-06,2.02481434674564e-05
"ENSG00000229931",-1.22083113594747,-1.85037495903108,2.80305679824109e-06,2.02918841044975e-05
"ENSG00000116649",0.854922391023249,6.06788168252489,2.80905458514115e-06,2.03300117555376e-05
"ENSG00000122417",0.813029490493609,4.68057879571835,2.81758875113236e-06,2.03864713671291e-05
"ENSG00000170921",1.13143800385829,5.7283771886637,2.82856494297144e-06,2.04605661271429e-05
"ENSG00000158156",0.638857005278741,3.00210662725204,2.84319505621186e-06,2.05610463074416e-05
"ENSG00000162704",0.575974579495035,7.18523217638342,2.84440128497723e-06,2.05644223912326e-05
"ENSG00000277893",-2.29400760228744,0.0953458178744105,2.85933832412443e-06,2.06670417902476e-05
"ENSG00000136522",0.627949910867667,4.8938474969952,2.86066044507832e-06,2.06712260220741e-05
"ENSG00000139684",-0.694632702326718,5.44581653989823,2.86318278717183e-06,2.06840786648338e-05
"ENSG00000176393",0.672941038817675,6.15630464628926,2.87621006905165e-06,2.07727942483858e-05
"ENSG00000054965",-0.617504650213048,5.02718531380902,2.88317525880551e-06,2.08122900267733e-05
"ENSG00000007968",1.65033481555128,3.10514501110554,2.88882858655738e-06,2.0845287106654e-05
"ENSG00000277775",4.97379933873082,-0.983975997036271,2.88924538151768e-06,2.0845287106654e-05
"ENSG00000180834",1.13421883897966,1.61585208304435,2.91460732970024e-06,2.10228147460977e-05
"ENSG00000279032",3.86897801884197,-3.55335559606355,2.91992489010331e-06,2.10513671665156e-05
"ENSG00000102383",-1.70004226672125,-0.337952793797866,2.92007962206225e-06,2.10513671665156e-05
"ENSG00000171451",-1.29456278814515,1.28938029317773,2.92548845097189e-06,2.1084895124872e-05
"ENSG00000241749",4.26900176244819,-0.99763215984888,2.9287253792412e-06,2.11027562105791e-05
"ENSG00000239470",-1.03129895542704,-2.60870502133425,2.9458608906061e-06,2.12207275188882e-05
"ENSG00000127957",0.817775244940139,0.989754674584009,2.9483841140577e-06,2.12334042890437e-05
"ENSG00000136240",0.621225894018331,7.71401436263237,2.95260882206769e-06,2.12583249205718e-05
"ENSG00000180822",0.80823389020006,3.69693367848652,2.95491176843326e-06,2.12693998487149e-05
"ENSG00000122025",-1.57754421526775,-1.35062339805361,2.95849484863882e-06,2.12896810414467e-05
"ENSG00000215788",1.12953008928366,3.82748224240562,2.96188540096437e-06,2.13085666469276e-05
"ENSG00000221978",1.10040034394085,6.93178131084554,2.9744591468363e-06,2.13934916604495e-05
"ENSG00000260051",1.46314893380133,-1.74545273303524,2.9761789239551e-06,2.14003268903731e-05
"ENSG00000159479",0.640610529510139,5.09314881134919,2.98060778799179e-06,2.14266333438655e-05
"ENSG00000228409",-0.636675610298648,1.90937122324572,2.98966846962285e-06,2.14862142495143e-05
"ENSG00000268938",1.42234050441395,-2.29536839295188,2.99319220677463e-06,2.15059816189674e-05
"ENSG00000005075",0.79049599409617,5.1261593447654,2.99429795729732e-06,2.15083701152661e-05
"ENSG00000077616",-1.16427121286751,-0.14217176617758,2.99886207976949e-06,2.15355928284609e-05
"ENSG00000189052",7.81388291431083,0.962102521411852,3.02192273493777e-06,2.16911864334956e-05
"ENSG00000167658",-0.609762779909734,10.3573191059385,3.02208849925559e-06,2.16911864334956e-05
"ENSG00000163683",-0.748512353090814,5.52301398666075,3.0256139528778e-06,2.17108877377168e-05
"ENSG00000130305",0.778587589467361,4.58190545160976,3.028445852673e-06,2.17256034305892e-05
"ENSG00000251144",4.53155550205646,-2.48344729032102,3.03014845632281e-06,2.17322122268454e-05
"ENSG00000169313",-1.86105192144933,-1.89925087348982,3.03143603218516e-06,2.1735841805405e-05
"ENSG00000269427",-0.975341259404337,-1.62905743321729,3.03280034786879e-06,2.17400196070296e-05
"ENSG00000242294",1.16335654588011,1.8631323508957,3.03411345085199e-06,2.17438282423464e-05
"ENSG00000216895",0.859252570906103,0.742924608295929,3.03801625415809e-06,2.17661890976041e-05
"ENSG00000196914",-0.65980708073922,6.56134942886196,3.05149849443128e-06,2.18566443926377e-05
"ENSG00000230555",-0.94281915989786,-0.93761500851584,3.05221323916891e-06,2.18566443926377e-05
"ENSG00000171533",-1.42947316700825,1.24693691320783,3.05794007411397e-06,2.18920173182321e-05
"ENSG00000177103",-1.98537177386699,-0.923923808877789,3.06449484327135e-06,2.19332977549938e-05
"ENSG00000076003",0.960087144112983,5.50104847429099,3.07719700860905e-06,2.20132442882247e-05
"ENSG00000100987",-2.02838448884144,-3.89794422688287,3.0772478262905e-06,2.20132442882247e-05
"ENSG00000135245",1.68363950666813,5.17275669854765,3.11023258731189e-06,2.22434813450516e-05
"ENSG00000227598",1.60601130942088,-3.15386261492347,3.11734061912367e-06,2.22885847402794e-05
"ENSG00000261098",-0.805809210928109,0.330639422338968,3.15076412343623e-06,2.25159563457889e-05
"ENSG00000240972",1.07002593021679,5.50543124533287,3.15157005911467e-06,2.25159563457889e-05
"ENSG00000127399",1.24243384943641,3.87445307840659,3.16589889695685e-06,2.26125182385878e-05
"ENSG00000105677",0.880774233491395,6.35743164241342,3.16861349299078e-06,2.26260968114384e-05
"ENSG00000104915",0.645795796742641,5.11801739185757,3.17046132620822e-06,2.26334807150486e-05
"ENSG00000236411",-1.42885546572975,-3.39505405987015,3.17958577120236e-06,2.26927942146398e-05
"ENSG00000277182",1.53570765897315,0.226224374944691,3.18483207041075e-06,2.27244059451858e-05
"ENSG00000163888",2.51522247266933,0.185323980237738,3.1969411668245e-06,2.28049563151808e-05
"ENSG00000130940",-0.948513436020237,3.93306978311506,3.22342026047734e-06,2.29810270278461e-05
"ENSG00000262879",-0.720937422162022,1.09038199313545,3.22408681688762e-06,2.29810270278461e-05
"ENSG00000166794",0.690205926141542,7.56952170703191,3.2241026664745e-06,2.29810270278461e-05
"ENSG00000234912",0.875210809121353,2.25656219931386,3.22563711626783e-06,2.29860735625819e-05
"ENSG00000148308",0.799488278839562,5.86168048631981,3.23185042573763e-06,2.30229219828221e-05
"ENSG00000265763",2.70791194475097,2.99670144963233,3.23246360848957e-06,2.30229219828221e-05
"ENSG00000261242",1.61378096360661,-3.39821475421972,3.23661344659744e-06,2.30465770072234e-05
"ENSG00000156873",0.718362047537004,4.76094764797349,3.24089646707205e-06,2.30711680160417e-05
"ENSG00000263089",-1.45432798778123,-2.96983207239439,3.24414803900506e-06,2.3088405682919e-05
"ENSG00000198756",-1.78431251753424,0.641471855290539,3.25881544058822e-06,2.3186859516265e-05
"ENSG00000186399",-1.33469485645814,-2.9556087745055,3.25995638363743e-06,2.31890452424828e-05
"ENSG00000105953",-0.570063952519721,6.55627227948183,3.2614285182926e-06,2.31935851135956e-05
"ENSG00000107581",-0.638954343000077,7.22660171846667,3.26969221807845e-06,2.32464084001574e-05
"ENSG00000198176",0.882892011843594,6.32393779225518,3.28071485876258e-06,2.33188148138931e-05
"ENSG00000232063",-1.50657574387239,-2.59575749131582,3.2853567726032e-06,2.33458425948934e-05
"ENSG00000118004",-1.41311898704532,0.833639628329737,3.30138992380349e-06,2.34537823628982e-05
"ENSG00000196376",-1.46052520459899,-0.877505011508505,3.31636378927508e-06,2.35541435319478e-05
"ENSG00000109736",0.909380217207559,6.55282013717856,3.32451423502689e-06,2.36060031704884e-05
"ENSG00000179295",-0.701121166010282,6.16467402211711,3.33757505660458e-06,2.36926939891126e-05
"ENSG00000160345",1.30515995989732,1.68652790704094,3.34160006609456e-06,2.37152137377617e-05
"ENSG00000262061",-1.61250684876943,-2.59803964896637,3.3441574097669e-06,2.37273086831242e-05
"ENSG00000152332",0.919522661240112,6.61318906810731,3.34630488201688e-06,2.37364901003661e-05
"ENSG00000182459",3.34598847223648,-3.52969367825278,3.34911383206532e-06,2.37470161474986e-05
"ENSG00000163872",0.712258202452798,5.25203459077981,3.34949643499936e-06,2.37470161474986e-05
"ENSG00000133302",0.80756646258307,2.40419093736282,3.36039860432693e-06,2.38182381198127e-05
"ENSG00000125872",3.32511384042658,-1.46955505424589,3.36486875381896e-06,2.38438457706922e-05
"ENSG00000255158",-1.37247048462327,-3.38537869115475,3.37370907224627e-06,2.39004000067207e-05
"ENSG00000269609",0.99696920113842,2.94849272765602,3.38763534772291e-06,2.39868385759209e-05
"ENSG00000273478",1.30867336068179,0.352998310976192,3.39147373061696e-06,2.40079050317255e-05
"ENSG00000074755",-0.595671049322788,5.00401325262715,3.39878231793713e-06,2.40535197477826e-05
"ENSG00000071553",0.666194783311261,7.3485441089403,3.41123400404815e-06,2.41355002173979e-05
"ENSG00000108786",2.29810578501639,3.15011019924618,3.4259630306466e-06,2.42335477546729e-05
"ENSG00000268945",1.66771165510909,-2.1518465035284,3.42893881450327e-06,2.42484300146909e-05
"ENSG00000127903",-1.64875064244772,-0.860360846210662,3.43518560446851e-06,2.42864304059692e-05
"ENSG00000249915",0.795308651603477,6.37123594774979,3.44462924714647e-06,2.43470071793862e-05
"ENSG00000115504",-0.797856300444998,4.80350723520402,3.46685253622214e-06,2.4497858127527e-05
"ENSG00000113845",0.552744796478673,5.71628254008229,3.47321458395863e-06,2.45365804479658e-05
"ENSG00000100485",-0.564001606701015,4.66072636307571,3.4912265878142e-06,2.46575635060631e-05
"ENSG00000115297",2.89311619808614,-1.2415958529329,3.49605946748408e-06,2.46854282734539e-05
"ENSG00000119950",-0.775785933551148,4.46311480975289,3.49796104782979e-06,2.46925864526116e-05
"ENSG00000181192",0.947845192237638,5.01396221306305,3.5329509163289e-06,2.49332564922242e-05
"ENSG00000228437",7.43170497165727,0.385581998130575,3.53693588468609e-06,2.49550476308408e-05
"ENSG00000259354",2.29967733091852,-1.38055572236711,3.54887118199123e-06,2.50329074777383e-05
"ENSG00000223886",1.59452382382487,-2.14128083654926,3.55017918462236e-06,2.50357843970339e-05
"ENSG00000174871",2.12469347425539,1.0688894285688,3.5701077935258e-06,2.51699386720743e-05
"ENSG00000116670",1.05092875909564,4.84867470389198,3.57142100926244e-06,2.51728161506884e-05
"ENSG00000196074",2.23521701143037,2.11815037071873,3.58443698396453e-06,2.52581570395251e-05
"ENSG00000146666",2.46096806619338,-0.841416778711264,3.5876614269726e-06,2.5271604894382e-05
"ENSG00000104853",0.576994351603554,6.90890284205178,3.5881626479673e-06,2.5271604894382e-05
"ENSG00000179029",0.833143138289932,3.07257232348729,3.63108942140495e-06,2.55674658424141e-05
"ENSG00000164690",-2.39051152689996,4.24311417187896,3.64546813255723e-06,2.56622134069386e-05
"ENSG00000228175",1.06979619296071,-0.403462079475047,3.66454706344858e-06,2.57899917701658e-05
"ENSG00000266401",2.61852607315178,-1.39191263930436,3.70046850534135e-06,2.60362080797012e-05
"ENSG00000172269",0.601670244188107,5.07490209340124,3.73007842426947e-06,2.62379036960563e-05
"ENSG00000157927",-1.48359508458404,0.039267574891116,3.75874876247372e-06,2.64328898434088e-05
"ENSG00000005206",0.811240299230493,5.26309098462193,3.77108505056421e-06,2.65129394619167e-05
"ENSG00000183258",0.521671768607917,5.71276116629833,3.77864769322312e-06,2.65593955753386e-05
"ENSG00000132780",0.719323252066322,6.71168916552174,3.78737327948448e-06,2.66140002582875e-05
"ENSG00000110660",1.25080419330438,4.08791548049679,3.81188853548269e-06,2.67795038740541e-05
"ENSG00000248008",0.631868661566597,2.52852162973515,3.84288163202451e-06,2.69904209170449e-05
"ENSG00000276073",1.28937750912445,0.878945959694629,3.86969207257185e-06,2.71718620586824e-05
"ENSG00000278558",2.81949478255358,-1.21028229089049,3.88020923601623e-06,2.72388337913477e-05
"ENSG00000214078",0.897209346852551,7.13133760462673,3.89872352295648e-06,2.73618968821571e-05
"ENSG00000159377",0.735574834987664,7.66705609193758,3.90443642302697e-06,2.73950782627773e-05
"ENSG00000101888",0.807151424135773,3.53813017885649,3.90752578254505e-06,2.74098397452523e-05
"ENSG00000059758",-0.642710479988682,4.20391000020865,3.90968125277225e-06,2.74180445495095e-05
"ENSG00000197150",0.663925527818609,4.74218784666864,3.91607604941774e-06,2.7455967522676e-05
"ENSG00000186951",-0.799208872464721,3.89191249851656,3.93006961164597e-06,2.75471335959449e-05
"ENSG00000106355",0.62225910304613,4.77773339753577,3.9322239716278e-06,2.75552898268793e-05
"ENSG00000226856",2.06202526412683,-1.52837432177856,3.93830488268886e-06,2.75909505547167e-05
"ENSG00000162377",0.648494689727818,4.27041780721432,3.94084602574562e-06,2.76018006834709e-05
"ENSG00000129596",-1.95614641488014,0.204559902809495,3.96809951871387e-06,2.77856877930485e-05
"ENSG00000131470",0.921714869680543,2.14677434241183,3.97548350571172e-06,2.78303857901737e-05
"ENSG00000156234",-2.12699039926774,4.39510205461868,4.01389437316687e-06,2.80922104179391e-05
"ENSG00000141699",0.542868864914217,6.2102578169949,4.03564765843198e-06,2.82373505217531e-05
"ENSG00000259623",0.611073910218261,3.37738379099312,4.05845066526353e-06,2.83897606521565e-05
"ENSG00000264453",2.28207005335116,-3.77593892782817,4.08215162944116e-06,2.85483739677262e-05
"ENSG00000272172",1.41667306546519,-1.43373354220745,4.13577413223949e-06,2.89161100904919e-05
"ENSG00000242622",1.0520094132757,-0.513000709440011,4.1780770266939e-06,2.92045379098863e-05
"ENSG00000274602",2.18720498437062,3.04723000139777,4.18402052612135e-06,2.92387343952294e-05
"ENSG00000279039",2.62171780674404,-1.68330473512166,4.1857510371377e-06,2.92399942206118e-05
"ENSG00000262979",2.05968615028894,-1.23541310344102,4.18630341877813e-06,2.92399942206118e-05
"ENSG00000102245",-1.6105483978848,-1.35836650687903,4.20038320881071e-06,2.93307110503097e-05
"ENSG00000217646",3.84296894222117,-3.58304082045694,4.20140052581289e-06,2.93307110503097e-05
"ENSG00000183598",3.00461629608776,-2.49249312218098,4.20994665576244e-06,2.93829978260278e-05
"ENSG00000143570",0.66165224810387,6.69031419123073,4.22431035431201e-06,2.94758514511992e-05
"ENSG00000266456",2.12825612491172,-2.94585962529166,4.27916552565979e-06,2.98511238437862e-05
"ENSG00000204104",-0.530408471750316,3.5608487182367,4.29283925141841e-06,2.99390015295136e-05
"ENSG00000269373",3.39290811999475,-2.24336488600284,4.33893242227592e-06,3.02528772777038e-05
"ENSG00000149639",-0.730420524261644,5.35618960392996,4.34301444359047e-06,3.02737495537799e-05
"ENSG00000139540",4.3761777115221,0.518139436241115,4.34947597187764e-06,3.03111939879311e-05
"ENSG00000118596",-1.32020052441715,3.00419468451066,4.35604686400762e-06,3.03493816204018e-05
"ENSG00000129925",0.740018363155718,6.01321397639952,4.38622741729482e-06,3.0552001792442e-05
"ENSG00000275097",1.42015423313429,-2.97430105279777,4.41341652577068e-06,3.07301194444289e-05
"ENSG00000165506",0.607724334026979,3.27476228796135,4.41400881531994e-06,3.07301194444289e-05
"ENSG00000250461",-1.61176416433735,-2.63361418860651,4.45184277438137e-06,3.09857615324997e-05
"ENSG00000100426",0.674338834671137,4.39602003941441,4.46481709574692e-06,3.1068290689019e-05
"ENSG00000174574",-0.631343021966334,5.26080714798835,4.47120579312193e-06,3.11049641631066e-05
"ENSG00000198952",0.595852530036617,6.60084143025299,4.47466196667662e-06,3.11212236257006e-05
"ENSG00000201207",1.4317264872423,-3.10616177947596,4.47927785833975e-06,3.11361913314292e-05
"ENSG00000109685",0.859865383230032,6.07747959362404,4.47996276086084e-06,3.11361913314292e-05
"ENSG00000162194",0.944917521258899,2.0562327090456,4.48017249877322e-06,3.11361913314292e-05
"ENSG00000269933",-2.14190210351361,-3.84181444116368,4.49388255745511e-06,3.12236711392703e-05
"ENSG00000108826",0.786830935996664,5.48637395985923,4.49619416775123e-06,3.12319301667495e-05
"ENSG00000276744",1.40745098375396,-2.12147737297093,4.50722172118633e-06,3.13007135409127e-05
"ENSG00000275479",1.3399459804494,-1.83710943571896,4.57665361214214e-06,3.17670244358645e-05
"ENSG00000205832",-1.47285692221188,-3.61994002210176,4.59447895851859e-06,3.18827952278636e-05
"ENSG00000166133",0.59522731850226,3.14097603533517,4.59628048621171e-06,3.18873407740101e-05
"ENSG00000104756",-0.768343651393457,3.90364365699062,4.60362978449884e-06,3.1930362891837e-05
"ENSG00000052344",2.07594691439888,6.01871383737737,4.63126806300803e-06,3.21140510188088e-05
"ENSG00000129048",-1.55421588304366,-0.114388772396695,4.64685096506391e-06,3.22140742500804e-05
"ENSG00000170390",-1.31220462503944,1.91936782306294,4.65164115684183e-06,3.22392463232598e-05
"ENSG00000160401",0.997304772269278,0.436337644782654,4.65582393008519e-06,3.22528342920672e-05
"ENSG00000250764",1.2615763200696,-1.90864609532572,4.6559209607971e-06,3.22528342920672e-05
"ENSG00000226706",1.32424119489207,-1.74635638339951,4.66081484912448e-06,3.22786960654131e-05
"ENSG00000174473",-1.63590356980563,-2.26755832632488,4.67172956924663e-06,3.23462321407658e-05
"ENSG00000130669",0.79492441145856,6.18835768125628,4.68313650361075e-06,3.24171417558302e-05
"ENSG00000146826",0.605273754482808,4.12497673535757,4.68569676700217e-06,3.24267937747279e-05
"ENSG00000197061",4.60009454714499,-0.730422462954119,4.69044991160362e-06,3.24516127839382e-05
"ENSG00000197296",-0.740508809407366,2.96458272995417,4.70572481528027e-06,3.25491977834842e-05
"ENSG00000137507",-1.2238221923168,4.50393581166859,4.71136666926865e-06,3.25801196350992e-05
"ENSG00000229808",1.58912269077827,-1.43951179185276,4.724164018234e-06,3.26526696258442e-05
"ENSG00000177628",0.823359980620168,5.22107390368507,4.72420603942031e-06,3.26526696258442e-05
"ENSG00000132182",1.67845083210314,5.97913546843876,4.77146647715114e-06,3.29711297214918e-05
"ENSG00000120370",0.782416604863293,2.92598551940447,4.77373379957758e-06,3.29786036183932e-05
"ENSG00000162931",2.46171757236773,2.59843572543986,4.77909457401673e-06,3.30074391326366e-05
"ENSG00000079950",-0.550165005957905,5.03853414003166,4.78079769804133e-06,3.3011004561972e-05
"ENSG00000213512",2.1041938518426,-2.22665359996916,4.7856651240055e-06,3.30363592978757e-05
"ENSG00000238042",3.94334775794584,-1.63498913379248,4.78832727669923e-06,3.30363592978757e-05
"ENSG00000111671",0.972649265101133,3.24341301400634,4.7889123385972e-06,3.30363592978757e-05
"ENSG00000244731",-1.68426414869637,2.16477942238235,4.78922089271329e-06,3.30363592978757e-05
"ENSG00000179832",0.698874305320446,5.60895811555172,4.84095871033787e-06,3.33849701489282e-05
"ENSG00000268087",-0.998207120433723,-0.917458403453583,4.85756395538905e-06,3.34911815298056e-05
"ENSG00000130175",0.535626168054459,8.10573234599084,4.89028231515179e-06,3.37084069470426e-05
"ENSG00000131398",1.915637751021,2.65169775587464,4.89704241667162e-06,3.37466404199424e-05
"ENSG00000184524",-1.65658853424755,-1.06431299510671,4.8997858300238e-06,3.37571818901293e-05
"ENSG00000165775",-0.569567103580091,5.1703470483099,4.90322766011288e-06,3.37725287049826e-05
"ENSG00000269815",1.42623908533687,-2.37766355724146,4.91404031811516e-06,3.38386242554437e-05
"ENSG00000158201",0.902102143626765,3.87509689785248,4.92445415355311e-06,3.39019414289041e-05
"ENSG00000279311",-1.46655354904185,-3.40975348408371,4.93394903988613e-06,3.39589024118666e-05
"ENSG00000280219",-1.31902838175204,-0.429186450828126,4.95663029966497e-06,3.41065706394314e-05
"ENSG00000102898",0.663858982685511,6.5488514496405,4.96238933088591e-06,3.41377527726762e-05
"ENSG00000262152",2.93733124528503,-2.16050013317655,4.98459661893659e-06,3.42820439570928e-05
"ENSG00000181938",0.980911289889628,2.91968506982804,4.99016773452013e-06,3.4311875204007e-05
"ENSG00000274627",1.32368717830281,1.25257223961404,4.99721378586631e-06,3.43518307034848e-05
"ENSG00000272345",0.983969246881453,0.0524772528773725,5.01198201272697e-06,3.44448370941377e-05
"ENSG00000095970",2.01070340555948,2.51611102435726,5.01569822703198e-06,3.44618613607807e-05
"ENSG00000140543",-0.660869691035431,1.79145014419927,5.02085722528387e-06,3.4488787850536e-05
"ENSG00000228594",1.55535994097723,3.80071044250943,5.02874889888782e-06,3.4534467438214e-05
"ENSG00000266777",1.33342706192026,-1.10986244806054,5.03217858694597e-06,3.45494897651761e-05
"ENSG00000092020",-0.529483914977826,3.51388713271638,5.03971998118779e-06,3.45927275016722e-05
"ENSG00000138663",-0.531565767844599,4.39085147560364,5.0722756242079e-06,3.48075997868479e-05
"ENSG00000115850",3.50317625585737,-3.12719324422872,5.08322817294576e-06,3.48741551983572e-05
"ENSG00000151414",-0.819207889560391,5.20844048959198,5.1060827569938e-06,3.50223131246039e-05
"ENSG00000089486",-1.24937193890977,3.73257884336909,5.1149995004652e-06,3.50748227579977e-05
"ENSG00000118655",0.836544258567162,3.13502578253619,5.11652026205092e-06,3.50766029204886e-05
"ENSG00000103005",0.619948734626546,5.75974824475391,5.16708280585206e-06,3.54145081515928e-05
"ENSG00000260593",2.1092606596775,-2.99245347072229,5.24053203987326e-06,3.59090706146822e-05
"ENSG00000047936",6.30096498256192,1.03637565222645,5.2586586295247e-06,3.60244020844755e-05
"ENSG00000207652",1.12139616353006,-0.384981095825015,5.26183272541837e-06,3.60372700300569e-05
"ENSG00000147576",-1.37076109103977,1.3968408761245,5.2660782962295e-06,3.6057468156827e-05
"ENSG00000168439",0.651586784262028,7.14792722110817,5.28537373358241e-06,3.61806792153895e-05
"ENSG00000181143",5.53848474293928,4.33778582219808,5.29720019186296e-06,3.62527138130621e-05
"ENSG00000233487",1.86410913603459,-2.07539839249342,5.30055750343472e-06,3.62667665050504e-05
"ENSG00000251161",1.31481941406482,-0.533811777967108,5.30405747473999e-06,3.62814488367729e-05
"ENSG00000279689",0.884471032016177,-0.436345352010872,5.30531235102849e-06,3.62814488367729e-05
"ENSG00000130731",0.932705510083872,5.30688893982241,5.33064858265007e-06,3.64457544319682e-05
"ENSG00000132781",0.714245925652211,3.70291954949753,5.3331489265689e-06,3.64538882021776e-05
"ENSG00000111331",1.40882180648209,6.62482907810152,5.33659392173898e-06,3.64684734018001e-05
"ENSG00000129534",0.764847569445322,4.06101775453837,5.35495114336123e-06,3.65783635489204e-05
"ENSG00000140718",-0.584634992675583,4.62578501713549,5.355304942696e-06,3.65783635489204e-05
"ENSG00000272948",1.43318588355396,-2.48251498976307,5.35743089022631e-06,3.65839001595542e-05
"ENSG00000163705",2.13286717865732,-3.40628464232767,5.3656863244279e-06,3.66312797597725e-05
"ENSG00000162378",-0.584041630361749,4.75663284821516,5.40276245470141e-06,3.6875345313524e-05
"ENSG00000261105",1.74831241339304,-1.09348569805226,5.40826373538739e-06,3.69038369166657e-05
"ENSG00000198522",0.572261609326594,4.92014580167151,5.43031217115615e-06,3.7040815168371e-05
"ENSG00000188976",0.617253471861684,6.57359140370769,5.43156932648964e-06,3.7040815168371e-05
"ENSG00000203446",2.73646506368908,-2.77567802685951,5.44488363192319e-06,3.7108749622197e-05
"ENSG00000200087",4.76999029617524,2.84241770221722,5.44496484407241e-06,3.7108749622197e-05
"ENSG00000160973",2.76925033230481,-0.245197557429145,5.50127583649998e-06,3.74833377855399e-05
"ENSG00000183155",0.596819354289937,3.63062490333435,5.51188542818262e-06,3.75356707622968e-05
"ENSG00000142910",1.72051859213517,8.21251794623367,5.5122774220212e-06,3.75356707622968e-05
"ENSG00000099849",1.21773632583735,5.5426820892286,5.51300525164428e-06,3.75356707622968e-05
"ENSG00000174684",-0.687280090094794,3.47977624499256,5.52694070395792e-06,3.76213416052818e-05
"ENSG00000143771",0.570892846501348,5.08731547256166,5.53924768889384e-06,3.76958884196732e-05
"ENSG00000272886",-0.546554115468294,4.27379687948508,5.54811390013951e-06,3.77469892134492e-05
"ENSG00000125730",-1.61344048312786,7.93890426449867,5.55674116822118e-06,3.7796439743638e-05
"ENSG00000220771",2.75968018500712,-3.29153859203081,5.58340669088168e-06,3.79685306341057e-05
"ENSG00000183145",2.14355414522931,2.1362916346387,5.60289049546279e-06,3.80917118920329e-05
"ENSG00000138688",-0.730544527984466,5.29144647381216,5.6212605673875e-06,3.82072629913853e-05
"ENSG00000273363",1.9050424796806,-3.17267522611939,5.62917873370483e-06,3.82517342097563e-05
"ENSG00000122824",-1.8841695394675,-1.06533849851752,5.67450143504319e-06,3.85502951667944e-05
"ENSG00000265666",-0.794997678269107,1.02917041449517,5.68613266323684e-06,3.86198797955082e-05
"ENSG00000249456",-1.08732617325422,-2.72942217396146,5.68915239043046e-06,3.86309559167584e-05
"ENSG00000182545",-1.92051744533938,-2.91249038418812,5.70612576753651e-06,3.87248935366228e-05
"ENSG00000167419",2.94432444496585,-2.73447494897841,5.70716350651195e-06,3.87248935366228e-05
"ENSG00000278965",-1.64222225840903,-3.73111020278807,5.71020550727871e-06,3.8736084335108e-05
"ENSG00000110492",1.51246997798597,7.79870664833691,5.71464899575089e-06,3.87567745717677e-05
"ENSG00000133216",1.68940937668138,4.72983470365187,5.72322761314087e-06,3.88054923462426e-05
"ENSG00000240859",-1.47489326529332,0.288459710423557,5.7684264851437e-06,3.90930887015135e-05
"ENSG00000274370",-1.18913376828444,-0.87030955218055,5.7684548963079e-06,3.90930887015135e-05
"ENSG00000149541",0.785021978246432,5.01813434629095,5.78395855485007e-06,3.9188608839475e-05
"ENSG00000026559",2.9025147684327,4.89577575233896,5.80409871594751e-06,3.93154889397584e-05
"ENSG00000120306",-0.944978855807993,5.23019578277062,5.8096777516364e-06,3.93353575619107e-05
"ENSG00000092096",-1.02553659782948,3.75402802032517,5.81034333138038e-06,3.93353575619107e-05
"ENSG00000016864",0.675190036363721,5.39259476055956,5.8112747356233e-06,3.93353575619107e-05
"ENSG00000260976",1.89678449865915,-2.36012205791071,5.815656902783e-06,3.93554417121907e-05
"ENSG00000270681",-0.93441394717645,-2.04599853052055,5.81908650939524e-06,3.93690715363196e-05
"ENSG00000234797",-0.940593395804785,-0.241954331482085,5.82133105028372e-06,3.9374679110297e-05
"ENSG00000275400",-0.572982717799537,2.26489875917452,5.82627664788151e-06,3.93985490900871e-05
"ENSG00000142675",1.22985042151052,5.03466878878327,5.84909604857109e-06,3.95432446278336e-05
"ENSG00000175390",-0.546506431260009,6.74260610908143,5.85297699825026e-06,3.95598661609561e-05
"ENSG00000113569",0.885689228509001,5.19692670414129,5.88409537022973e-06,3.9760530741545e-05
"ENSG00000184774",2.37385807683231,-2.88514349428091,5.89683835470259e-06,3.98369602038725e-05
"ENSG00000168268",1.10078923567686,6.24702001442062,5.90714300082718e-06,3.98968839927165e-05
"ENSG00000135870",-0.542369068310076,4.52843550133926,5.91573337422264e-06,3.9945203286539e-05
"ENSG00000168679",-1.41284913942662,1.44154529543434,5.92527169467325e-06,3.99998984572687e-05
"ENSG00000165516",-0.538802667622454,4.38020764900122,5.9368159972371e-06,4.00681056372617e-05
"ENSG00000252481",3.41594949347484,0.420415648477597,5.9396184644553e-06,4.007626340503e-05
"ENSG00000074071",0.736788411387121,5.73422375324549,5.94090655516983e-06,4.007626340503e-05
"ENSG00000231240",5.21858416497372,-1.43487864558243,5.94643064138728e-06,4.01038010254376e-05
"ENSG00000125826",0.637046397651007,6.459528854089,5.95617648957672e-06,4.0159790716266e-05
"ENSG00000137288",0.794729010243022,4.83471514949527,5.96214661842504e-06,4.01903014780067e-05
"ENSG00000234043",-1.15277748584062,-3.2339220167037,5.97898120718305e-06,4.0284254921362e-05
"ENSG00000110171",-0.62885841750161,2.73587039786479,5.98337820573634e-06,4.03041167440409e-05
"ENSG00000278705",5.24790737549824,-1.29401941657581,5.99667057854146e-06,4.03838738016885e-05
"ENSG00000112877",1.0399798907835,2.38446253678931,6.0087587577358e-06,4.04554847080382e-05
"ENSG00000177239",0.738077806451021,6.13257453685255,6.01902483907073e-06,4.05147961880625e-05
"ENSG00000270246",-2.02561512830517,-3.40437137200599,6.02134966484638e-06,4.05206383325363e-05
"ENSG00000275807",1.14026663217273,-1.09280142963372,6.02433344725854e-06,4.05309110228838e-05
"ENSG00000092929",1.69055868175345,6.01838972138253,6.04594790479564e-06,4.0659994069066e-05
"ENSG00000003249",1.63860173342057,4.10105575152534,6.04644358644005e-06,4.0659994069066e-05
"ENSG00000101193",0.575554742798917,6.26998813098189,6.05786347286275e-06,4.0726941448086e-05
"ENSG00000100749",0.794409964446581,3.91963350872275,6.06852561152543e-06,4.0788763372005e-05
"ENSG00000237265",6.22545381193645,-1.96747565394304,6.09202787597521e-06,4.0926949592874e-05
"ENSG00000234949",2.19259151192839,-0.764218218036809,6.1111842210094e-06,4.10457297123725e-05
"ENSG00000279041",-1.27542647775838,-0.316857704374628,6.12490588606372e-06,4.11279592972212e-05
"ENSG00000160007",-0.67384701208221,5.81970174686694,6.13876909752126e-06,4.12110994229686e-05
"ENSG00000011485",0.516611236949345,5.54955408496635,6.18413144391742e-06,4.14955965861701e-05
"ENSG00000266490",0.9737159560545,-0.671113888198673,6.25740845021712e-06,4.19771590028675e-05
"ENSG00000226491",-1.20352106305759,-2.56297407383328,6.26689254185012e-06,4.20306443854539e-05
"ENSG00000270813",1.73003236053144,-3.28066244323704,6.27155633535693e-06,4.20517831136168e-05
"ENSG00000152527",-1.20201893971963,1.88728623232541,6.31258199787849e-06,4.23166650053011e-05
"ENSG00000102225",0.653749038040455,6.51363771974005,6.31506514334453e-06,4.23231100799618e-05
"ENSG00000271524",2.1762267455919,-1.41966436978363,6.3205807597273e-06,4.23438953416987e-05
"ENSG00000163975",2.57033597054128,4.64900162984685,6.32121142842314e-06,4.23438953416987e-05
"ENSG00000251320",4.65704211104423,-3.11079138331912,6.32833261929238e-06,4.2381390594842e-05
"ENSG00000173272",0.987603793705151,5.13546217399876,6.3337800905744e-06,4.2407661449e-05
"ENSG00000181392",1.97954995952599,3.39999821509654,6.34545327505563e-06,4.24703733057989e-05
"ENSG00000148399",0.72004779116854,4.21138614283797,6.34620039042534e-06,4.24703733057989e-05
"ENSG00000168944",-0.519195141937811,3.58751795595071,6.35510675629144e-06,4.25197460218268e-05
"ENSG00000261762",1.2210465731661,0.288900132114415,6.36560775997916e-06,4.25797615748678e-05
"ENSG00000262814",0.996206960477198,4.79880707143166,6.36775574803425e-06,4.25838881029277e-05
"ENSG00000233560",1.58780062894161,-2.32864084446745,6.38272682893094e-06,4.26737455031385e-05
"ENSG00000212232",4.56428294582888,1.8512448836162,6.38930913087911e-06,4.27074873485077e-05
"ENSG00000100028",0.633682890039597,6.35215937301053,6.40453392763627e-06,4.27989673544804e-05
"ENSG00000167393",0.943935543916789,4.17854126950871,6.41363443088924e-06,4.2849487010887e-05
"ENSG00000258790",1.29827496565292,-2.22264197439456,6.45001214323309e-06,4.30821776512349e-05
"ENSG00000196277",-1.93873124628164,-2.30912291724027,6.46336866211296e-06,4.31506655303283e-05
"ENSG00000272892",1.57718813477146,-2.93781628682787,6.46768015334606e-06,4.31690876181939e-05
"ENSG00000099194",1.83873965277324,8.30821517453914,6.47659492979663e-06,4.32182185178584e-05
"ENSG00000215424",0.920334932723842,1.25098003446431,6.48380858818356e-06,4.32559770360157e-05
"ENSG00000198556",0.76878748648468,2.84803491879604,6.50171706728296e-06,4.33650495904894e-05
"ENSG00000197885",-0.592177427000789,2.36251256262601,6.50478858146205e-06,4.3375134216304e-05
"ENSG00000260822",-0.819502868873998,3.74439359082006,6.52804704851984e-06,4.35197920806525e-05
"ENSG00000147614",3.23154290691337,-0.648164163781201,6.56028128598166e-06,4.37199989941165e-05
"ENSG00000107957",-0.848348088141361,5.97581089484275,6.56122229897681e-06,4.37199989941165e-05
"ENSG00000088766",0.561272994603696,4.94436006022811,6.56356301578485e-06,4.3725120516892e-05
"ENSG00000270557",1.49776785923131,-2.0913977189972,6.57168439796716e-06,4.37687399810011e-05
"ENSG00000269843",-1.16553319303231,-2.17930650566146,6.57531242357996e-06,4.37824190656043e-05
"ENSG00000116985",1.68837171340971,3.18313209531298,6.60757192366682e-06,4.39866916976892e-05
"ENSG00000238260",1.41547016280771,-1.52046214763211,6.61693082748272e-06,4.40384534828373e-05
"ENSG00000265806",1.18982116133054,-2.0613594438591,6.63494145609846e-06,4.41446208180687e-05
"ENSG00000158019",-0.532725210856486,4.6847287306511,6.63605722648924e-06,4.41446208180687e-05
"ENSG00000224805",1.58207401224231,-1.25091464328254,6.6495178616794e-06,4.42235868691748e-05
"ENSG00000184270",4.47932577618542,-1.63803387222011,6.67297565386689e-06,4.43689868183122e-05
"ENSG00000205683",-1.35146990810782,-0.801400521138707,6.69907573626877e-06,4.45318818003928e-05
"ENSG00000274038",1.59752534428793,-2.53523420589638,6.70918013479115e-06,4.45883935696407e-05
"ENSG00000279253",-0.858151223156375,0.282320497987294,6.72309534723639e-06,4.46612063335222e-05
"ENSG00000250327",-1.37022915448735,-1.59461237805291,6.72334774811986e-06,4.46612063335222e-05
"ENSG00000196417",0.760922561588738,3.05047452438185,6.75628302185528e-06,4.48692692662037e-05
"ENSG00000173113",0.655630703360848,6.74728622950756,6.77369940663453e-06,4.49715754644379e-05
"ENSG00000116883",1.3287323689195,1.17268414717284,6.77492184215996e-06,4.49715754644379e-05
"ENSG00000240288",1.48550915078804,-0.220976098209838,6.78368211710775e-06,4.50189813226242e-05
"ENSG00000213965",0.826162878901608,4.49338793302743,6.82199419721485e-06,4.52624343051375e-05
"ENSG00000163286",6.17077006838029,0.171087909676342,6.8327435535004e-06,4.53229421544256e-05
"ENSG00000125246",-0.938290004518415,1.82626034311379,6.87833816026872e-06,4.56145014905946e-05
"ENSG00000273796",-1.34145684173557,-1.60656866609397,6.89725186869283e-06,4.57290265134574e-05
"ENSG00000102313",2.55512718253315,-1.72159544085146,6.90283346171706e-06,4.57551256126636e-05
"ENSG00000123131",0.890029444645587,5.84963488936951,6.91372297856127e-06,4.58163872296223e-05
"ENSG00000105808",-1.18169541503571,-0.975542152638229,6.92723791148356e-06,4.58950138237475e-05
"ENSG00000224287",1.31416622047416,-0.858017144016951,6.93400435817968e-06,4.59289028849849e-05
"ENSG00000188322",2.61343150129104,3.98502158941217,6.95681381741329e-06,4.60690149294562e-05
"ENSG00000259065",-1.01055492777994,-0.105142777697104,6.96272373520459e-06,4.60971757313128e-05
"ENSG00000152104",-0.761351830628158,4.80981833088088,6.97155295337613e-06,4.61446459524632e-05
"ENSG00000182685",1.2276596350202,1.74401715995107,6.99392767098129e-06,4.62707208166039e-05
"ENSG00000270168",4.29347271278698,-3.01157813900943,7.06722333543272e-06,4.67352571314192e-05
"ENSG00000261373",1.70285320370328,2.27091622201781,7.06750409861393e-06,4.67352571314192e-05
"ENSG00000265480",2.37002826108701,-2.30014949752178,7.07586508966255e-06,4.67794237553565e-05
"ENSG00000242498",-0.615522951425815,4.54568611341443,7.12747843224296e-06,4.71094481074081e-05
"ENSG00000117122",1.8514204172727,5.1392056700741,7.14280735362786e-06,4.71995488064746e-05
"ENSG00000267922",3.85908635637616,-1.32815082666147,7.16313033181568e-06,4.73225995056507e-05
"ENSG00000153395",1.37444716395593,6.57702811575553,7.1687228205589e-06,4.73482991707919e-05
"ENSG00000151023",2.2151388202379,-1.34462617716105,7.17118057431442e-06,4.73532871114451e-05
"ENSG00000280916",2.32205346443889,-2.59172107709791,7.19685906632084e-06,4.75115692408216e-05
"ENSG00000141741",1.33940567111883,5.83225658546626,7.25511319578513e-06,4.78847800935861e-05
"ENSG00000151651",1.53603500556311,5.56610866067677,7.26445897221298e-06,4.79350883497413e-05
"ENSG00000117676",0.913009969156257,5.46343724479142,7.30861937624299e-06,4.82150452351628e-05
"ENSG00000278615",0.748597039864078,1.72108969583876,7.31587069222425e-06,4.82500624660883e-05
"ENSG00000083444",0.963572811424749,7.05568716172883,7.31739702592171e-06,4.82500624660883e-05
"ENSG00000215421",-0.592602898389442,3.05145715663346,7.36338848101843e-06,4.85418165021488e-05
"ENSG00000266995",2.48527173309846,-3.01567510194756,7.38029012824408e-06,4.86417083736618e-05
"ENSG00000186230",0.821636581081792,1.5113878843205,7.38588235202233e-06,4.86670328966588e-05
"ENSG00000278771",5.50516272255934,1.1211287487062,7.3935488776818e-06,4.87060101693424e-05
"ENSG00000171388",2.15169938382922,2.66478859896759,7.40453969377381e-06,4.87668630127708e-05
"ENSG00000140832",1.33421811808172,3.90845640716066,7.41617342470745e-06,4.88319203270332e-05
"ENSG00000150687",-1.13856710221278,6.46887719068374,7.41862179691683e-06,4.88364800089108e-05
"ENSG00000239482",-1.66260019686076,-3.76330736244955,7.44090631206041e-06,4.89715871408746e-05
"ENSG00000065320",-1.61951096861592,2.85225619873178,7.44818699517384e-06,4.9007907474987e-05
"ENSG00000215493",1.63973752660721,-1.34490569882743,7.46962407140786e-06,4.91373354536582e-05
"ENSG00000225075",1.58088731756091,-2.84012403365906,7.47823528081394e-06,4.91707228995929e-05
"ENSG00000048471",-0.690267334844299,4.03043295128278,7.48892591451901e-06,4.92293775609826e-05
"ENSG00000079150",-0.84411188284526,2.68303447827662,7.50863388879187e-06,4.9336623343572e-05
"ENSG00000272829",1.43325707443513,-1.10611093533742,7.50986929468557e-06,4.9336623343572e-05
"ENSG00000168612",0.598884665183522,3.61992603168432,7.51056208379836e-06,4.9336623343572e-05
"ENSG00000160214",0.811261651984551,5.54727615401021,7.51419553874193e-06,4.93488360139385e-05
"ENSG00000269959",2.06702836792056,-2.2990866020852,7.53069186257837e-06,4.94454987662635e-05
"ENSG00000267397",1.93539414836016,-0.276779206103229,7.56930618415081e-06,4.96831817905659e-05
"ENSG00000150627",-1.92723679725124,-0.785360868308631,7.57046433065179e-06,4.96831817905659e-05
"ENSG00000104827",6.43301864306147,-1.21737097838304,7.58528669296443e-06,4.97687140343052e-05
"ENSG00000125995",0.954589593120359,5.91671172751238,7.59624271575915e-06,4.98288440220305e-05
"ENSG00000202198",5.9291514374474,7.24442908881318,7.61674225003635e-06,4.99515331761993e-05
"ENSG00000238171",1.87401046231433,-3.63129550678644,7.6532934781154e-06,5.0179408653188e-05
"ENSG00000124608",0.591622287497648,4.12330387287527,7.66642840164551e-06,5.02536820963862e-05
"ENSG00000134874",-1.15621113960927,3.06476244491039,7.67284037265446e-06,5.02838617541561e-05
"ENSG00000273125",-1.47938623389367,-3.79799007158934,7.70946079327063e-06,5.05119512469343e-05
"ENSG00000182632",4.97394442143953,0.569097999367939,7.71262333260868e-06,5.05207707842311e-05
"ENSG00000104043",-1.2465194404921,1.14375527942358,7.72388837074031e-06,5.05707408793315e-05
"ENSG00000048140",0.636073354122832,5.24720873273956,7.76984893495387e-06,5.08596866151735e-05
"ENSG00000278456",-1.39169282393117,-3.35187290699804,7.7772197105674e-06,5.08959557200026e-05
"ENSG00000179698",1.50058372915706,0.628840001021627,7.77995577172974e-06,5.09018842340907e-05
"ENSG00000272792",1.72331793996921,-2.58782884949542,7.82478974236805e-06,5.11831789991728e-05
"ENSG00000242791",2.05176986020976,-3.22383775570291,7.82756937326026e-06,5.11893221205003e-05
"ENSG00000101222",2.03072791347614,-1.5290456577432,7.83809881120591e-06,5.12461312261566e-05
"ENSG00000085265",-1.5862756558573,1.34890546342804,7.86319606258897e-06,5.1398136801125e-05
"ENSG00000168778",0.691887709992962,3.7788536571996,7.88232296043313e-06,5.15110546284132e-05
"ENSG00000275379",4.29280030809153,-2.58939678586299,7.88881943590145e-06,5.15413988655689e-05
"ENSG00000114520",0.612830142071849,4.72459549206064,7.90784564548421e-06,5.16535723198338e-05
"ENSG00000261159",1.93382991771797,-0.825381963995956,7.9128149756087e-06,5.1673895965392e-05
"ENSG00000255182",1.51291709507324,1.01576665795766,7.94594186193515e-06,5.18780471845076e-05
"ENSG00000136811",0.573259893525049,5.31550409698376,7.95041497702328e-06,5.18883885838248e-05
"ENSG00000267475",2.0476116592135,1.61124932262759,7.95125704326256e-06,5.18883885838248e-05
"ENSG00000162426",-1.1815318247533,0.317078460141603,7.95637325099443e-06,5.1909596347621e-05
"ENSG00000134291",0.928489831422776,5.61751765948138,7.97134496648736e-06,5.19853816926818e-05
"ENSG00000265982",1.61090582137997,-1.06970074061123,7.97172735480847e-06,5.19853816926818e-05
"ENSG00000224699",0.943934682095861,-0.225450938141993,8.00225134659276e-06,5.21722026963864e-05
"ENSG00000169446",-0.646373788737876,4.43345850255065,8.08002062948022e-06,5.26610000353294e-05
"ENSG00000179428",-1.77261546407187,-2.70571288122987,8.08101061197231e-06,5.26610000353294e-05
"ENSG00000257702",1.10916745444597,2.23226412049763,8.08852466564574e-06,5.2697619237668e-05
"ENSG00000241035",-1.86056683087101,-3.76916078183769,8.09402215111161e-06,5.27210862034818e-05
"ENSG00000139220",-1.65181073748413,-1.20318805459348,8.10313654963377e-06,5.27680957281583e-05
"ENSG00000115738",-1.12413217113091,5.05615699546723,8.12586868616968e-06,5.29037419869937e-05
"ENSG00000141873",0.735717709018638,4.09769395352216,8.1322468833804e-06,5.29328768002479e-05
"ENSG00000164104",1.06134807368877,6.72484603431732,8.16938634180647e-06,5.31621764914982e-05
"ENSG00000258643",1.19274510396404,-1.16570827949631,8.18649330753797e-06,5.32534551750195e-05
"ENSG00000230061",2.85940411695332,1.63364991261646,8.18786416097783e-06,5.32534551750195e-05
"ENSG00000260329",-1.00281665033711,-0.956379918015787,8.18915714894325e-06,5.32534551750195e-05
"ENSG00000089006",0.572002959714886,6.23749618402274,8.20915744399208e-06,5.33710369307507e-05
"ENSG00000158195",-0.748834666831014,6.59989585089665,8.21393695176852e-06,5.33896303901701e-05
"ENSG00000117069",-1.4417545468173,1.60337351612702,8.2340957332073e-06,5.34991124712696e-05
"ENSG00000172244",0.949697128210654,1.7490712549565,8.23462770968631e-06,5.34991124712696e-05
"ENSG00000101182",0.656509188019985,7.18228528163075,8.24142580620103e-06,5.35307743923095e-05
"ENSG00000280417",1.32348717803588,-0.680015946489613,8.26147733452126e-06,5.36484868328368e-05
"ENSG00000182087",0.630324748569191,6.73229551303043,8.27813761316585e-06,5.37441273190901e-05
"ENSG00000149926",3.52016940784956,-0.713038308792872,8.286716913208e-06,5.37872712968621e-05
"ENSG00000131650",2.49287276973898,1.38775728184162,8.31169449394393e-06,5.39368079701499e-05
"ENSG00000168807",-0.587604666278221,4.78512998184484,8.32821452645838e-06,5.40314043910397e-05
"ENSG00000006377",2.70607448127121,1.15045895880036,8.34591046579608e-06,5.41335839051274e-05
"ENSG00000135069",1.35871629490281,4.65399293501067,8.35795711045383e-06,5.41990816304622e-05
"ENSG00000105479",1.97271680933669,-0.160485243203672,8.40223907418813e-06,5.44654657040248e-05
"ENSG00000267080",0.676840608756897,2.92195139281321,8.40295233653221e-06,5.44654657040248e-05
"ENSG00000116039",3.00271336483858,1.75000309120369,8.40982246448234e-06,5.44972954810455e-05
"ENSG00000083782",5.55121430277684,0.14997640025274,8.41454166035934e-06,5.45151752153679e-05
"ENSG00000150867",-0.835085920915022,4.3537465159941,8.4193198751823e-06,5.45334288981009e-05
"ENSG00000176102",0.518385644609525,4.5774209610025,8.43410232497036e-06,5.46164581989292e-05
"ENSG00000241370",0.761143222626155,3.16951575177235,8.44297351568451e-06,5.46611783965859e-05
"ENSG00000134852",-0.631073761424001,4.46752789107709,8.45080076694033e-06,5.46991207193185e-05
"ENSG00000183154",-1.19268930963117,-2.87470106503219,8.46882981262988e-06,5.4803062721888e-05
"ENSG00000143067",1.07335549267267,2.78349069077729,8.50192905616904e-06,5.50044551847475e-05
"ENSG00000110442",0.696246562856538,4.60699366205117,8.50862085749675e-06,5.5034946955711e-05
"ENSG00000100997",0.978767149611946,6.64327638922499,8.517393548824e-06,5.50788809052411e-05
"ENSG00000100991",0.565230067538508,6.43764154372862,8.52863428328549e-06,5.51291705821911e-05
"ENSG00000162188",1.48813811209867,-2.03734389367784,8.52913461385568e-06,5.51291705821911e-05
"ENSG00000240184",-1.21992775821426,3.03873206411666,8.54782002861767e-06,5.52371093066783e-05
"ENSG00000162396",0.642913707016205,2.10730600007819,8.55366483469886e-06,5.52620394999952e-05
"ENSG00000125124",-0.519835564405618,4.23990246773466,8.56029686063749e-06,5.52920428669091e-05
"ENSG00000239415",1.08647898223806,0.442872576497347,8.59066576390351e-06,5.54753162041905e-05
"ENSG00000104826",2.03236958665387,-1.63670332195112,8.60876670655991e-06,5.55793009307221e-05
"ENSG00000197077",-0.964667589879508,5.03680593992562,8.62915785613634e-06,5.56980198312184e-05
"ENSG00000262904",1.63874481798835,-2.75329717594273,8.63490530181737e-06,5.57221858838623e-05
"ENSG00000016602",-2.33776896519383,5.37840844620452,8.64635051060746e-06,5.57831006150604e-05
"ENSG00000167770",0.601081223571307,6.48533732899449,8.65110854046788e-06,5.58008538580782e-05
"ENSG00000274220",-0.946009213714229,-1.18817390670707,8.68552206249703e-06,5.60098365694945e-05
"ENSG00000158828",-0.651935386975719,4.16084806190459,8.74692610664051e-06,5.63919827976873e-05
"ENSG00000158966",-1.16325032837625,2.67337160570537,8.7488370823723e-06,5.63919827976873e-05
"ENSG00000149292",-0.659094021788919,2.83276293155271,8.75791335996779e-06,5.64374059964746e-05
"ENSG00000260916",-0.722654111691182,3.05787256456788,8.76780108046511e-06,5.64692895904059e-05
"ENSG00000122641",2.41695020635756,4.823240666488,8.76870659814741e-06,5.64692895904059e-05
"ENSG00000004848",4.54890462307053,-1.97068798962478,8.76895199154939e-06,5.64692895904059e-05
"ENSG00000197372",1.1784853867314,2.92260663115548,8.86047540910249e-06,5.70454635540203e-05
"ENSG00000239419",2.76121461381119,-3.68412784689773,8.87537481500077e-06,5.71281647140977e-05
"ENSG00000005448",1.05844200664027,3.95645810291698,8.90793954870412e-06,5.73127956405432e-05
"ENSG00000198431",-1.25688088405429,6.30215381734969,8.90818018746875e-06,5.73127956405432e-05
"ENSG00000156521",0.80781161406403,4.83969716938102,8.93189624254272e-06,5.74520883889548e-05
"ENSG00000258472",1.25973655264993,0.937480911043891,8.93611559712346e-06,5.74659382896635e-05
"ENSG00000142700",3.68774646325863,1.08397949251706,8.97206325071105e-06,5.76837714267283e-05
"ENSG00000184575",0.802944026165277,6.13243702263947,8.97918435412941e-06,5.77162131826673e-05
"ENSG00000143578",1.00934755628358,3.90232997600655,8.98355053189775e-06,5.77309359851368e-05
"ENSG00000160766",0.981707719679174,1.27222698362684,9.00715916766366e-06,5.78692811111641e-05
"ENSG00000214688",-1.42513696936225,-3.42434972342416,9.02946671787521e-06,5.79738504453688e-05
"ENSG00000143178",0.941440283382782,1.35213140452944,9.02950440535654e-06,5.79738504453688e-05
"ENSG00000157368",-1.30713630234461,1.75094646579734,9.02968827991721e-06,5.79738504453688e-05
"ENSG00000197136",0.558156485859163,5.9827498407126,9.03531001953276e-06,5.79965560981455e-05
"ENSG00000041802",0.516594911451774,5.36051426313192,9.07600499151231e-06,5.82443301405011e-05
"ENSG00000138829",3.22666212913394,4.58000968659084,9.11141150263615e-06,5.84580595439029e-05
"ENSG00000160877",0.59664871737921,6.10835132029392,9.13030140066321e-06,5.85657455850198e-05
"ENSG00000184635",1.3144495403151,2.72412683763141,9.15691193295355e-06,5.87228940722244e-05
"ENSG00000273308",1.24677728743049,-2.49953003108825,9.20599686705742e-06,5.90240642838792e-05
"ENSG00000252916",1.594429561259,-3.31566239546787,9.21817265175093e-06,5.90885079426477e-05
"ENSG00000132465",-1.82324802910231,5.63827761016333,9.24590984491955e-06,5.9252647584504e-05
"ENSG00000130475",1.53779281536445,3.62673898708258,9.24935158677886e-06,5.92610494547525e-05
"ENSG00000120658",-1.33720950762905,1.12849780956293,9.26121148339183e-06,5.93233705636981e-05
"ENSG00000127995",-0.627177890205081,3.55708112554862,9.27628940759343e-06,5.94062715388893e-05
"ENSG00000049130",-1.32032223597369,4.10845436108499,9.28352842316347e-06,5.94389447590805e-05
"ENSG00000173714",-1.79538000925819,-3.07766790999574,9.31908745966224e-06,5.96528836629657e-05
"ENSG00000265972",-0.984169212271406,8.39535861048029,9.33128663304691e-06,5.97172285147109e-05
"ENSG00000112029",1.00606248596807,2.84050903964276,9.3389060327544e-06,5.9752241428341e-05
"ENSG00000105856",-0.622362752226595,4.580384159338,9.34159618328139e-06,5.97557071402036e-05
"ENSG00000233554",-0.865383709421598,-0.983852699646185,9.39382913002184e-06,6.00760104836279e-05
"ENSG00000163947",-0.668526649572918,4.1371399502932,9.41348231187991e-06,6.01878582851301e-05
"ENSG00000227500",0.533061112486563,5.88586521055347,9.41899105884112e-06,6.02092388691216e-05
"ENSG00000234899",2.32888379212907,-1.26899325254005,9.42308707971575e-06,6.02215811002146e-05
"ENSG00000162688",-0.673981935743507,4.56744226259435,9.42751525427671e-06,6.0236039918952e-05
"ENSG00000260097",1.26760825326929,-1.40914452981452,9.45135070195591e-06,6.03744641877583e-05
"ENSG00000254815",1.98799730486451,1.4457110951787,9.45724399641163e-06,6.03942756236306e-05
"ENSG00000108829",0.711813553127486,6.98285298872779,9.458794974168e-06,6.03942756236306e-05
"ENSG00000119888",1.65264931917067,6.63988400185167,9.50610403680035e-06,6.06824125718449e-05
"ENSG00000128383",-1.85870190878203,2.51156030328627,9.5167585771794e-06,6.07364860732195e-05
"ENSG00000188958",-1.2764177172531,-3.33017215349916,9.56433790730176e-06,6.10153292128179e-05
"ENSG00000268869",3.61784918775208,-2.7528497648362,9.5648378588389e-06,6.10153292128179e-05
"ENSG00000272170",1.55388936018862,-2.42511328171679,9.57862885191673e-06,6.108929242338e-05
"ENSG00000262919",0.682433814771757,4.1819626746815,9.58222534875984e-06,6.10982195380691e-05
"ENSG00000095587",2.5679510136354,0.630934147932868,9.6628058678493e-06,6.15978958520496e-05
"ENSG00000173258",-1.24605299050472,-1.08842868139001,9.6796855357556e-06,6.16913597172251e-05
"ENSG00000257815",1.39632497301734,1.07649989502263,9.68480968938635e-06,6.17098767218562e-05
"ENSG00000227051",-1.38728928528408,2.63847357571551,9.77068770682679e-06,6.22428165803879e-05
"ENSG00000227438",-1.77380865170945,-4.08735541153452,9.79088249238075e-06,6.23571822213386e-05
"ENSG00000235029",2.85527673213319,-2.22467034986422,9.82823140155862e-06,6.25807234367101e-05
"ENSG00000175662",-0.813870871498048,5.57870196054097,9.83095978368254e-06,6.25837684741502e-05
"ENSG00000263531",1.63172776941733,-2.7339076566751,9.88072027802795e-06,6.28861494491513e-05
"ENSG00000267796",0.680536677503988,1.67273063258237,9.88962149075065e-06,6.29284014006515e-05
"ENSG00000275216",5.98730013825843,3.90962147935089,9.91323125574505e-06,6.30642042351411e-05
"ENSG00000171169",0.50711529806256,3.01830944339148,9.96130546728872e-06,6.33555428679856e-05
"ENSG00000111581",1.2162301803311,5.49172290795345,9.99003792835155e-06,6.35237596939282e-05
"ENSG00000171302",0.691858498676011,5.80311265204838,1.00067541406284e-05,6.36155092373253e-05
"ENSG00000236184",1.28387528082033,-2.71436714372012,1.00353582411355e-05,6.37827739398313e-05
"ENSG00000213551",0.74125275339061,4.04954601176438,1.00382532476982e-05,6.37865975732764e-05
"ENSG00000277653",3.95419308594815,-4.30213381620021,1.00706062042547e-05,6.39775628960564e-05
"ENSG00000267342",0.997854653015964,-1.08920159005731,1.01592546961679e-05,6.45112673206664e-05
"ENSG00000272666",2.78350026193126,0.697020846714777,1.01622289891181e-05,6.45154245319203e-05
"ENSG00000164900",5.24465166659687,-2.25550615350357,1.01760905853241e-05,6.45886826676447e-05
"ENSG00000145354",0.60325815126794,4.439225210524,1.01906497092439e-05,6.46606496423979e-05
"ENSG00000164934",0.764337400390199,5.55511131175335,1.01920788132266e-05,6.46606496423979e-05
"ENSG00000100412",-0.600441447918479,5.62864665827465,1.02485364505679e-05,6.5004000980535e-05
"ENSG00000158113",1.56462071593729,-0.745527528011655,1.02889030332977e-05,6.52339564776376e-05
"ENSG00000246982",1.36658390373832,-1.34698728379123,1.02894821510587e-05,6.52339564776376e-05
"ENSG00000261324",1.45559712470929,1.71210121116754,1.02963662693169e-05,6.52627244868984e-05
"ENSG00000163840",0.906484910165725,6.04353492785124,1.03141891597208e-05,6.53607981543207e-05
"ENSG00000074800",0.920722345167332,10.1406403386395,1.03210702062779e-05,6.5389504703236e-05
"ENSG00000100650",-0.615659800752013,7.00331694079658,1.03250512298623e-05,6.53998291633248e-05
"ENSG00000133639",-0.747429725502779,6.66972857910855,1.0338371529955e-05,6.54692912938615e-05
"ENSG00000162687",-1.50012634140312,-0.689703181068783,1.03426069185656e-05,6.54812033294024e-05
"ENSG00000093217",1.14005283471654,2.60001584346201,1.0411541397716e-05,6.59026401671995e-05
"ENSG00000136925",-0.849814026411063,2.22820620175511,1.04264270796804e-05,6.59780315057563e-05
"ENSG00000227799",0.787853110601441,0.063166208525465,1.04281964009386e-05,6.59780315057563e-05
"ENSG00000197415",2.68721533437237,0.935457472311982,1.04440383236494e-05,6.60632335446125e-05
"ENSG00000221051",1.83681157690147,-3.69854820628657,1.04508398190725e-05,6.6091225076822e-05
"ENSG00000185760",-2.06989905679401,0.0193583937395711,1.04639142973623e-05,6.61588652767759e-05
"ENSG00000037965",3.03797992490125,-0.282372705330811,1.05426275394315e-05,6.66413863077744e-05
"ENSG00000232815",1.31301127516593,1.52791238021504,1.05576096088837e-05,6.67209261649357e-05
"ENSG00000103449",-1.6483981890577,0.0922488830080364,1.05692472148708e-05,6.67792986795099e-05
"ENSG00000125870",0.587108338605937,5.392886116056,1.05768309696881e-05,6.68120371928083e-05
"ENSG00000164896",0.666059081457737,6.16133898699284,1.06546498244398e-05,6.7288323244129e-05
"ENSG00000256210",1.05217159492022,-2.02472489743295,1.06998980964863e-05,6.75587436453062e-05
"ENSG00000006210",-1.46389210948286,4.96252504341131,1.0703180238949e-05,6.75641289119131e-05
"ENSG00000274460",1.42364995668,-0.86639097607013,1.0743041083661e-05,6.78003634354129e-05
"ENSG00000024422",-1.0842904131316,6.48515098872536,1.07973149694474e-05,6.81274322244191e-05
"ENSG00000133063",3.57943970874536,2.17602239496045,1.08405615455774e-05,6.83847898088331e-05
"ENSG00000225667",3.01898870811603,-2.96165889371356,1.08601972132169e-05,6.84931213358735e-05
"ENSG00000128699",0.503950050967386,4.5972700872972,1.08943745729341e-05,6.86863283074453e-05
"ENSG00000224535",3.72800768889166,-3.9290307028715,1.0895771060024e-05,6.86863283074453e-05
"ENSG00000272279",-1.79104782864704,-2.91037001700796,1.09253370840959e-05,6.88571040833809e-05
"ENSG00000259863",-1.25672809919998,-1.58056644143239,1.09284426553104e-05,6.88610728527751e-05
"ENSG00000171401",-2.2089619418146,10.1437882028419,1.09959315407801e-05,6.92706328298338e-05
"ENSG00000077463",0.669498261856298,4.21354172062016,1.10770175260605e-05,6.97656450299638e-05
"ENSG00000187595",1.51871097554154,0.881555313196042,1.10894023682789e-05,6.98278351978585e-05
"ENSG00000180573",1.43533492060603,4.86091588457689,1.11052208702117e-05,6.99116134140329e-05
"ENSG00000253741",1.27842024091744,-1.51365848134757,1.11092752669967e-05,6.99117486939272e-05
"ENSG00000186007",3.88167211639193,-0.192597387600395,1.11102696302865e-05,6.99117486939272e-05
"ENSG00000132819",-0.82657982565989,4.95779845820574,1.12091323503475e-05,7.05178914408993e-05
"ENSG00000165376",3.20072196358919,-1.01902024794564,1.12482059045859e-05,7.07477048449224e-05
"ENSG00000268621",3.90751151460839,2.55364264277237,1.13106267767736e-05,7.11242284744299e-05
"ENSG00000236307",1.46513542560312,-2.76501059190267,1.1319512945371e-05,7.11640175292958e-05
"ENSG00000269161",1.41057341556927,-2.22877795069637,1.1326112946061e-05,7.11894190663941e-05
"ENSG00000260428",1.5858961870818,1.23287771646215,1.13522411683939e-05,7.13375245405646e-05
"ENSG00000100626",-1.73197064890286,1.23752048375369,1.13771141098537e-05,7.14776766969415e-05
"ENSG00000064547",0.990604548247157,4.74701098247811,1.13807974465987e-05,7.14846701405262e-05
"ENSG00000130844",-1.01764373623431,4.32697920107398,1.13934374164413e-05,7.15479058169977e-05
"ENSG00000112308",0.612783932049642,7.04725935158601,1.14355459361425e-05,7.17961262126258e-05
"ENSG00000269842",4.0956254446436,-1.29572988932215,1.14418582094654e-05,7.18195446580596e-05
"ENSG00000138028",2.59226040549022,2.66584617153329,1.14501711371616e-05,7.18555076348995e-05
"ENSG00000271040",-0.902071434450476,-2.78051439989718,1.15018151421476e-05,7.2163317064866e-05
"ENSG00000197153",3.09490528813671,-2.65753224792172,1.15295093515466e-05,7.23207585914675e-05
"ENSG00000171522",-1.18381369745755,3.69626415179348,1.15661837618704e-05,7.25344462162122e-05
"ENSG00000108813",2.61870043428305,0.805833649594844,1.1600243632694e-05,7.27247511189708e-05
"ENSG00000130309",0.810427428312486,6.79585344781501,1.16017589154307e-05,7.27247511189708e-05
"ENSG00000232415",-1.27442192242048,-2.89630588313223,1.16063164550049e-05,7.27369264450318e-05
"ENSG00000101132",0.673517860258946,4.28780324491915,1.16562195604688e-05,7.30332134794593e-05
"ENSG00000005194",0.555965724024069,5.14848004418094,1.16589742070603e-05,7.30340201849026e-05
"ENSG00000232150",-1.04115962696843,-3.48786305164444,1.16738150310969e-05,7.31105195811522e-05
"ENSG00000185615",2.88920858122509,-0.458730815961594,1.16767033506257e-05,7.31121454954867e-05
"ENSG00000231607",1.0669770833796,1.95767907535445,1.16881104524779e-05,7.3153135925874e-05
"ENSG00000138495",0.712219889183903,4.53955598828088,1.16885102669465e-05,7.3153135925874e-05
"ENSG00000134326",1.64187017209497,3.70017984376331,1.17092785952082e-05,7.32623768003633e-05
"ENSG00000226763",1.16885553855972,0.0779453113792899,1.17112331375406e-05,7.32623768003633e-05
"ENSG00000256612",-2.1717985768185,0.237404348179131,1.17202775365867e-05,7.32943212247698e-05
"ENSG00000212588",1.50958556520201,-1.46085021340749,1.17239949013401e-05,7.32943212247698e-05
"ENSG00000130818",-0.549686565991536,3.61256384562374,1.17242453215763e-05,7.32943212247698e-05
"ENSG00000272328",2.49841192872393,-2.09689904335519,1.17682036734569e-05,7.35502436793385e-05
"ENSG00000229970",2.46814139367067,-0.403687017861163,1.17704718878487e-05,7.35502436793385e-05
"ENSG00000261553",-0.903606355182831,-0.278203996219072,1.17750744619365e-05,7.35624766419228e-05
"ENSG00000262621",-1.22202094693145,-3.50278191478291,1.17862133180758e-05,7.36155290850307e-05
"ENSG00000117479",-0.956043327397891,4.48547460636624,1.18112338813186e-05,7.37552420164154e-05
"ENSG00000104960",0.635462026885988,6.82975386750834,1.18395173126709e-05,7.39152626301493e-05
"ENSG00000170581",0.733458991974975,6.53417548323458,1.18495329055105e-05,7.3961189116015e-05
"ENSG00000107372",-0.554822106213729,6.90476998882964,1.18686466135224e-05,7.40638699263848e-05
"ENSG00000074935",-0.556017424720508,2.66027343985093,1.1911910036277e-05,7.43171722384412e-05
"ENSG00000139800",4.76979263113723,-0.0918051069220073,1.19180924122028e-05,7.43390680108984e-05
"ENSG00000111371",0.889570662374701,7.09909647496362,1.19422288154676e-05,7.44725866439272e-05
"ENSG00000101361",0.657482537329,6.60476797841909,1.19448534504929e-05,7.44725866439272e-05
"ENSG00000223715",3.72287456007209,-3.96685076378203,1.19638301430127e-05,7.45741837220106e-05
"ENSG00000099821",0.620273649507065,5.37496495298494,1.19786425774599e-05,7.46497840033365e-05
"ENSG00000122136",3.8598496442818,-3.21861119428145,1.20061719071803e-05,7.48045831663094e-05
"ENSG00000169474",-2.05132728372291,4.96562058236953,1.20215616022993e-05,7.4883693806215e-05
"ENSG00000140527",1.6568768955679,-1.46435922009739,1.20493240793569e-05,7.50398232465634e-05
"ENSG00000204536",0.888770117786796,4.77442364959866,1.2068774214298e-05,7.5144127428312e-05
"ENSG00000077348",0.83276192686796,4.56673923230415,1.21172124164604e-05,7.54288336927065e-05
"ENSG00000214827",1.11600954910936,0.82926687284849,1.21775813543229e-05,7.57537620683926e-05
"ENSG00000268879",3.8056760990353,-0.133462604541861,1.21998944169813e-05,7.58755955768112e-05
"ENSG00000264743",1.61964996055368,-2.80890825578632,1.22220630522759e-05,7.59879736938298e-05
"ENSG00000257108",-1.05651567152913,-1.08611270347541,1.22234276887137e-05,7.59879736938298e-05
"ENSG00000225526",1.71504529618882,2.0279691763677,1.2226944486155e-05,7.59928507247885e-05
"ENSG00000262420",1.16471863273901,-2.74947594774329,1.22647755275708e-05,7.6210947664952e-05
"ENSG00000277235",2.06629347168171,-3.37354853948076,1.23081274407811e-05,7.64461698326138e-05
"ENSG00000223485",3.00766949428378,0.633639438041367,1.23112295459235e-05,7.64483651173854e-05
"ENSG00000111057",1.56937999738026,9.51416534043807,1.23235665774897e-05,7.6507892236545e-05
"ENSG00000234608",0.726234851881517,3.79889775768365,1.24239910712415e-05,7.71141405187325e-05
"ENSG00000175334",0.654730758018955,6.72691765576129,1.2493758416606e-05,7.75298756896615e-05
"ENSG00000213424",-1.63998915475386,-2.86791157160811,1.25341836217235e-05,7.7763383687485e-05
"ENSG00000127774",0.831929060234277,1.21347025832349,1.25413415090462e-05,7.77904396501122e-05
"ENSG00000108604",0.592555498516915,6.80701109156245,1.25465426371285e-05,7.78053490226209e-05
"ENSG00000138380",-0.705195984020168,1.80707752973137,1.25559057181906e-05,7.78315454684792e-05
"ENSG00000177674",0.972835122019581,5.44999066598899,1.25563637334004e-05,7.78315454684792e-05
"ENSG00000165495",-1.5796134913122,0.863204419298619,1.25649695416858e-05,7.78675351744446e-05
"ENSG00000105974",-1.4456006629626,7.04254221480137,1.26312642464057e-05,7.8260938401711e-05
"ENSG00000267454",-1.13723390282664,-0.321216871356079,1.26528473595354e-05,7.83772034767836e-05
"ENSG00000141956",0.582580315267154,3.1403949995436,1.26994356815034e-05,7.86482753528509e-05
"ENSG00000132970",-1.11769586978614,2.30510092022439,1.27884753921975e-05,7.91820717015114e-05
"ENSG00000229647",3.45132175804752,0.227279177779538,1.27931338290776e-05,7.91932853746128e-05
"ENSG00000178031",-1.49789397267931,1.56314208177076,1.27975993810284e-05,7.92033003080869e-05
"ENSG00000125823",2.71556267538028,-2.81319868671262,1.28106429779436e-05,7.92490940529725e-05
"ENSG00000115541",0.669345895108031,6.04482308659006,1.28106974027313e-05,7.92490940529725e-05
"ENSG00000218283",-0.635017620769904,1.90154528095864,1.28580243027437e-05,7.95064984286817e-05
"ENSG00000232369",1.83112407081554,-3.40130276783529,1.28814608479393e-05,7.96337120612885e-05
"ENSG00000240498",2.55122281133679,-0.139198806729038,1.29151602829996e-05,7.98243006557928e-05
"ENSG00000258116",1.72292163667725,-1.68407850893125,1.29199943963868e-05,7.98364372687637e-05
"ENSG00000169184",-1.49467939243968,2.25857652901823,1.29237600037793e-05,7.98419673445391e-05
"ENSG00000279789",1.36535089462359,0.173947357083985,1.29344916722548e-05,7.98905211815287e-05
"ENSG00000188816",4.85533939164782,-2.6041975365593,1.29406464899929e-05,7.99107905919568e-05
"ENSG00000006062",-0.840861850215618,3.73980460633037,1.29496198603445e-05,7.9948452203277e-05
"ENSG00000123989",1.04855334083305,6.80838690498862,1.29763849377595e-05,8.00959152849322e-05
"ENSG00000248968",3.28719117792366,-3.00808749951892,1.29832047571516e-05,8.01202294010777e-05
"ENSG00000109320",-0.628048945891149,5.41327159644569,1.30352525912645e-05,8.04235759362996e-05
"ENSG00000086598",0.542743281448308,7.65375289931691,1.30566832030298e-05,8.05379307886155e-05
"ENSG00000017260",0.58421926612925,6.44577812971041,1.30612190356897e-05,8.05480454633341e-05
"ENSG00000259351",-1.73897583121907,-4.13816505995628,1.31136301924964e-05,8.08533355229221e-05
"ENSG00000269984",1.60944980625943,-1.71672143430438,1.31290052400734e-05,8.09301912105852e-05
"ENSG00000213139",1.23167717142644,0.656147300259216,1.31402123525366e-05,8.09813264261244e-05
"ENSG00000187730",1.71763771489391,0.565427649953583,1.31484290420828e-05,8.09960701987703e-05
"ENSG00000162460",4.40018748625488,-3.5028164356201,1.32104169551312e-05,8.13447553519441e-05
"ENSG00000237517",3.04946475772471,-0.0527267638558097,1.3213191223587e-05,8.13447553519441e-05
"ENSG00000273004",1.13706792022983,-1.98498412409765,1.32147485806519e-05,8.13447553519441e-05
"ENSG00000112651",0.702155263827936,4.7283942065329,1.32167313643057e-05,8.13447553519441e-05
"ENSG00000134815",0.633524368128121,4.84813307499815,1.32530786265056e-05,8.15504150086284e-05
"ENSG00000229167",2.1095360031201,-0.499238583298053,1.32847554885253e-05,8.17272515820292e-05
"ENSG00000204176",-1.12106642880687,-2.00062617911269,1.33209068400187e-05,8.1931530725661e-05
"ENSG00000230266",-1.61073733126735,-2.99860449707249,1.33267950511062e-05,8.19496243105057e-05
"ENSG00000151465",0.599368881357695,5.80321836335963,1.33403211414751e-05,8.20146666462969e-05
"ENSG00000272764",1.02803476352929,-1.88370536804897,1.34028566494472e-05,8.23809175670882e-05
"ENSG00000250731",1.53348237878938,-0.744843337039266,1.34775355104668e-05,8.28216295078684e-05
"ENSG00000176142",0.554105904220642,4.6147296991769,1.3494535153624e-05,8.29077769444982e-05
"ENSG00000183077",0.649268205243469,4.25980341078198,1.35267187707326e-05,8.30871530853328e-05
"ENSG00000231890",1.21811562048444,0.149219196539088,1.35331262525471e-05,8.31081564279292e-05
"ENSG00000123364",2.72019709597522,1.66369744278785,1.35539950777828e-05,8.32179393153139e-05
"ENSG00000228214",-1.5894338671415,-3.13363363226706,1.36329385756424e-05,8.36841581558908e-05
"ENSG00000276967",2.76369214164023,-2.42076307849646,1.36426723951507e-05,8.37254296836552e-05
"ENSG00000102109",3.35383269803028,1.49123856475453,1.36541035383904e-05,8.37770972233076e-05
"ENSG00000008735",2.22991195596533,2.50607741725499,1.37073912007528e-05,8.40855031906789e-05
"ENSG00000185989",-1.11248607540001,3.76037734922811,1.37113758305203e-05,8.40913993328026e-05
"ENSG00000273192",0.84939896483208,-0.845207377371965,1.37419684580482e-05,8.42556433958499e-05
"ENSG00000142961",-0.644182474741812,4.58012057937039,1.37442150824065e-05,8.42556433958499e-05
"ENSG00000273355",1.35742239347428,-0.430356607093789,1.37474650394216e-05,8.4256995403577e-05
"ENSG00000163468",0.588103966594397,7.9888810203483,1.37719810866787e-05,8.43886560836736e-05
"ENSG00000168481",-2.00248468191687,-1.76433383593231,1.377715572697e-05,8.44017692145853e-05
"ENSG00000279622",-1.66680057260737,-3.7785052407612,1.38464905791113e-05,8.48078490369572e-05
"ENSG00000110921",0.921956141632926,4.68792134843771,1.38938558529738e-05,8.5079219030991e-05
"ENSG00000152455",0.697829764178207,3.16921199246693,1.39047714532083e-05,8.51273186062258e-05
"ENSG00000263321",1.66886419506926,-3.11223046273451,1.39398919233221e-05,8.5304777571696e-05
"ENSG00000227671",1.08838456275747,3.4789239248837,1.39683984818261e-05,8.54604194841682e-05
"ENSG00000176659",3.15244750429429,-0.450503804930413,1.39759295318799e-05,8.54712826742149e-05
"ENSG00000105641",3.74015050626545,0.254560783273195,1.39763201956757e-05,8.54712826742149e-05
"ENSG00000135929",-1.27494278567059,3.59184906595737,1.40343578483205e-05,8.58073411376872e-05
"ENSG00000267838",1.37304404901708,-0.715105465823614,1.40949982185514e-05,8.61591616379275e-05
"ENSG00000144468",-0.500766867431926,4.07314620250042,1.41059689234627e-05,8.62072761301399e-05
"ENSG00000259523",-0.815033673564398,-1.82177172383402,1.41111089723884e-05,8.6219743815694e-05
"ENSG00000211750",-1.84770563177976,-3.57205981835607,1.41325107978279e-05,8.63315446562678e-05
"ENSG00000198131",0.634536581567305,4.34680207554889,1.4139549720157e-05,8.63555767164528e-05
"ENSG00000222032",4.15395967403566,-1.96739281477834,1.41524935438569e-05,8.64156537728414e-05
"ENSG00000262482",1.80618736289297,-2.6497951276103,1.41895021356937e-05,8.66226125768325e-05
"ENSG00000157216",-0.682810818869099,5.31326975656313,1.42119012326834e-05,8.67403135801237e-05
"ENSG00000102393",0.859715014383838,4.5155132736236,1.42939779126765e-05,8.72221166488092e-05
"ENSG00000121931",0.723555983367587,3.63295277360599,1.43269265449191e-05,8.74039938569499e-05
"ENSG00000105429",-0.618705285837015,5.07363565034878,1.4337034969175e-05,8.74464810521197e-05
"ENSG00000183682",1.29072553737374,-1.02302999860469,1.43587684494934e-05,8.75598392645824e-05
"ENSG00000275896",7.5903000714494,4.56746639564931,1.43869920673542e-05,8.77127159950289e-05
"ENSG00000169918",-1.25083782542457,-0.379719623189138,1.44127850219225e-05,8.78507100185688e-05
"ENSG00000189229",3.04309158399019,-1.35382387297547,1.44301242860538e-05,8.79371268115722e-05
"ENSG00000090971",1.12881253564521,3.98067002333469,1.44361341277358e-05,8.79544794073858e-05
"ENSG00000058085",2.81315785407331,7.85980472732055,1.44394968743706e-05,8.79557000803481e-05
"ENSG00000171877",1.91814758243833,1.00817002623474,1.44458747815946e-05,8.79752825269301e-05
"ENSG00000182010",1.51551528209283,3.18144681759585,1.44675394147422e-05,8.8087932080172e-05
"ENSG00000271966",1.28929042921222,-1.53311957374023,1.45601656963665e-05,8.86324991273893e-05
"ENSG00000143294",0.516988211297105,5.98084107658534,1.46027653488565e-05,8.88723660060715e-05
"ENSG00000258498",-1.71054774472898,1.02957399018084,1.46151462157789e-05,8.89282567708285e-05
"ENSG00000165917",2.52335439572866,-0.461309617292287,1.46946695709602e-05,8.93925732233413e-05
"ENSG00000011132",0.557441455627711,3.6695282896846,1.47239762739265e-05,8.9551268774703e-05
"ENSG00000111786",0.541520123112707,6.07229583483339,1.47313608220088e-05,8.95765934723504e-05
"ENSG00000146733",1.0704886087908,3.59909775176402,1.48417464120112e-05,9.02280858922988e-05
"ENSG00000020256",0.641122903940159,3.89523344732814,1.48610241153727e-05,9.03255384005375e-05
"ENSG00000279447",-1.26488587432451,-3.54996125999687,1.4869202814529e-05,9.0355503141904e-05
"ENSG00000239912",1.05176637043735,-2.37218342592303,1.49016548273902e-05,9.05329239218444e-05
"ENSG00000259605",1.31177322889657,0.278503665593922,1.4911565172316e-05,9.05733483593851e-05
"ENSG00000100731",-0.653589051635058,4.89858895397409,1.49502379625724e-05,9.07818293090661e-05
"ENSG00000232237",3.03879903321301,-1.17667086271833,1.49524164982142e-05,9.07818293090661e-05
"ENSG00000272843",1.61775808011037,-3.19662182478835,1.49566920210229e-05,9.07879692668509e-05
"ENSG00000233515",4.61281245262143,-0.0540577879657233,1.50251996056134e-05,9.11839137313826e-05
"ENSG00000237451",1.65565833367095,-3.00611371805926,1.50612954589248e-05,9.13672951784604e-05
"ENSG00000147592",0.836575739836238,3.49248005516327,1.506198714246e-05,9.13672951784604e-05
"ENSG00000152315",2.66096472717254,0.87671283478854,1.5078796962716e-05,9.14493196519889e-05
"ENSG00000272844",1.36103849297592,-2.69513929590574,1.50952637224624e-05,9.15292282347606e-05
"ENSG00000068885",0.639711175798741,3.42090889768641,1.51037333225403e-05,9.15606222536648e-05
"ENSG00000079134",0.654305072376437,4.48892179025744,1.51075275589e-05,9.15636661572641e-05
"ENSG00000273367",2.40594511111018,-2.36489447531302,1.51521942245224e-05,9.18143742846716e-05
"ENSG00000257302",4.3501234683615,0.0708379821444028,1.52146004083715e-05,9.21724419860679e-05
"ENSG00000204624",2.69696029981594,-0.52953757318613,1.52235292579308e-05,9.22064501852854e-05
"ENSG00000198092",-2.75990161808109,-1.79889945561678,1.52487112251115e-05,9.23187647592566e-05
"ENSG00000175946",-1.64470872356708,-2.21793464987923,1.53066843681679e-05,9.26495783094347e-05
"ENSG00000264538",0.758919549942888,2.92033312131995,1.53270515939845e-05,9.27357310701564e-05
"ENSG00000205155",0.789332197049615,5.51719316979842,1.53275862269266e-05,9.27357310701564e-05
"ENSG00000182272",2.73942274411794,3.61167094610169,1.53534844921805e-05,9.28722192651188e-05
"ENSG00000262362",2.65328117370713,-3.11098445528896,1.5365386518052e-05,9.29240041806001e-05
"ENSG00000237126",-0.740056061426581,-1.57731649690288,1.54567038671517e-05,9.34418178463519e-05
"ENSG00000203819",1.4717068656232,-2.22589275040754,1.54577285410083e-05,9.34418178463519e-05
"ENSG00000203523",2.16843868834549,-3.27442377389671,1.5469415753288e-05,9.34772726823896e-05
"ENSG00000109083",0.696470107434099,4.35400309498301,1.54703155415467e-05,9.34772726823896e-05
"ENSG00000115107",1.11874922966142,5.56158678202336,1.55028261979162e-05,9.36533677329808e-05
"ENSG00000148120",-0.844087826624792,4.82228228055395,1.5530751586052e-05,9.38016924783634e-05
"ENSG00000230366",1.52419422522693,-2.8287738980808,1.55356516275879e-05,9.38109159179556e-05
"ENSG00000271870",1.0301482763488,0.891668733071451,1.55690857647e-05,9.39870774538576e-05
"ENSG00000099251",1.25139879981407,0.761288560583045,1.55715835367409e-05,9.39870774538576e-05
"ENSG00000129250",-0.638121747391891,6.83335100350977,1.55765778605996e-05,9.39968236139851e-05
"ENSG00000272316",-0.831684983630249,-0.702175368154747,1.561145270274e-05,9.41739350450369e-05
"ENSG00000091129",2.88462478915976,2.89250800995727,1.56126996186195e-05,9.41739350450369e-05
"ENSG00000180096",-1.09864416202432,2.79041474270096,1.56668959057312e-05,9.44803503525804e-05
"ENSG00000108509",-0.510113315466236,4.94334636034258,1.57213971078625e-05,9.47884712250119e-05
"ENSG00000259780",2.15245975547903,-3.62291246579267,1.57664791004881e-05,9.50396799353867e-05
"ENSG00000183688",-1.02881041997449,3.7040924125775,1.57847489363047e-05,9.51291922351986e-05
"ENSG00000223923",-1.66134545752289,-3.71976936339781,1.58227462307828e-05,9.53375305278949e-05
"ENSG00000237886",-1.27744568394391,-0.194948139650486,1.58379791485821e-05,9.54086450204711e-05
"ENSG00000166889",0.690731086521755,5.60950786445939,1.58759785787471e-05,9.56105635813363e-05
"ENSG00000250874",3.39103926976521,-2.05379028674926,1.587837317737e-05,9.56105635813363e-05
"ENSG00000129910",2.61598309160193,-1.83351643225803,1.59621950765126e-05,9.60944873729533e-05
"ENSG00000204673",0.581217641617483,5.7192361120919,1.59671775152514e-05,9.61036806387554e-05
"ENSG00000135823",0.623061762797048,5.62122351659734,1.59947527702173e-05,9.62488227602885e-05
"ENSG00000011332",1.92554324516487,0.0242481088040106,1.60257553821618e-05,9.64145218351863e-05
"ENSG00000278090",2.23331441119704,-2.72478989238396,1.60361703489991e-05,9.64395629869364e-05
"ENSG00000025772",0.878188994357451,5.9819179269088,1.60368525083443e-05,9.64395629869364e-05
"ENSG00000280255",-1.69649572646404,-3.49273718149765,1.61049853236276e-05,9.68187617965332e-05
"ENSG00000088002",-1.79406190540128,3.29136410543999,1.61068712771926e-05,9.68187617965332e-05
"ENSG00000155962",-1.05884842134166,2.57951730480011,1.61956503610274e-05,9.73313793196316e-05
"ENSG00000260095",1.28408838994062,-2.03631746555493,1.62129580949266e-05,9.74143451056804e-05
"ENSG00000113460",0.714473404316396,5.27091929562051,1.62429238643871e-05,9.75733134860042e-05
"ENSG00000041357",0.587567822353687,6.7441031211278,1.6256426739139e-05,9.76333398608664e-05
"ENSG00000118513",1.9540185192463,2.45206491500848,1.63029386173256e-05,9.78915439904312e-05
"ENSG00000104671",-0.537992076589571,3.82618056658936,1.63151370631105e-05,9.79393439656275e-05
"ENSG00000268460",3.4482030449282,0.914822909502554,1.63179419673073e-05,9.79393439656275e-05
"ENSG00000136854",-1.09000953922158,3.38771779246736,1.63409823805802e-05,9.80564709711064e-05
"ENSG00000253731",-0.934509445885268,0.476834507625602,1.63900492670871e-05,9.83069039554382e-05
"ENSG00000156261",0.546378117415953,7.16186527984309,1.63933204093526e-05,9.83069039554382e-05
"ENSG00000196497",0.765512850127964,2.45561519709435,1.64440182944773e-05,9.85684225914434e-05
"ENSG00000153802",-2.68680267931063,2.05026579051812,1.65059313258257e-05,9.89182219274275e-05
"ENSG00000276384",1.47723871799505,-2.75237805464378,1.65361428802517e-05,9.90779280328396e-05
"ENSG00000155975",-0.54715075151022,4.24586214360457,1.65509558264732e-05,9.91254332505943e-05
"ENSG00000273729",-0.727740829772575,-0.850487506756464,1.65511995115867e-05,9.91254332505943e-05
"ENSG00000232977",-1.65964660175044,-2.05203275359115,1.66682140934449e-05,9.97832627165265e-05
"ENSG00000101265",-1.16957725315814,4.42965539026523,1.67551886382758e-05,0.000100272843559651
"ENSG00000249119",-1.44094627216837,-1.47412923670414,1.675720622965e-05,0.000100272843559651
"ENSG00000181195",-2.35951389466781,-1.46268367427153,1.67678910031737e-05,0.00010031519734809
"ENSG00000258227",2.07769960885162,1.09678873282472,1.67806089097789e-05,0.000100369693679071
"ENSG00000266278",4.14262903418452,-2.84009893415785,1.67949793146803e-05,0.000100434048522727
"ENSG00000228917",2.55080717185111,-1.52378943375664,1.68023601881268e-05,0.000100456587255454
"ENSG00000113648",0.501748914504459,7.32497564216355,1.68095648090985e-05,0.000100478062762832
"ENSG00000236968",3.44785199407829,-3.64800924219983,1.68927411185252e-05,0.000100931860092275
"ENSG00000240204",2.17184831716666,0.00362516545328226,1.69566415354984e-05,0.000101291896698199
"ENSG00000276571",1.02716242932318,-1.67869430076785,1.6983278857521e-05,0.000101429232309262
"ENSG00000103647",-1.34832194959004,0.887240121366453,1.69891775603955e-05,0.000101441062568272
"ENSG00000104897",0.617061984096176,5.99143138333825,1.70227627454495e-05,0.000101599592326006
"ENSG00000173575",-0.520068292790364,5.85474691795331,1.70318689806253e-05,0.000101632133009683
"ENSG00000095932",2.73527298055581,-0.0048303151419056,1.70504724570702e-05,0.000101721319272521
"ENSG00000254973",1.52440539008502,-0.518217903395282,1.71802320701332e-05,0.000102473470848513
"ENSG00000083814",-1.07975202550392,1.20179187739063,1.72003972787629e-05,0.000102571751611113
"ENSG00000149150",-1.11220775163454,2.58263372744005,1.72964272950473e-05,0.000103122300612465
"ENSG00000132382",0.670182021894366,5.98071130855879,1.73043180849744e-05,0.000103147235083025
"ENSG00000158773",0.806776879684908,5.83950432738995,1.73498049289296e-05,0.000103396212660879
"ENSG00000261061",0.95201338730368,2.37940692910726,1.74054884858003e-05,0.000103705837886796
"ENSG00000163156",0.723455285269128,4.67742643402334,1.74665354298968e-05,0.000104024999981096
"ENSG00000237945",1.35644793254831,3.09594892798712,1.7475252862783e-05,0.00010405463666722
"ENSG00000182057",1.12822699479319,-1.30277924293935,1.75124634642508e-05,0.000104253884060618
"ENSG00000125821",0.754879345408541,4.79572989854084,1.75374741236619e-05,0.000104380433939955
"ENSG00000148300",0.608214081209233,4.68426600656144,1.75900275787877e-05,0.000104670825213697
"ENSG00000229876",4.93245838678923,-2.20010835723813,1.76164909794228e-05,0.000104805874569131
"ENSG00000251365",2.64092907185906,-3.96851208908024,1.76493917740055e-05,0.000104962317029315
"ENSG00000130706",0.598436536423553,6.72457730978987,1.76503346185635e-05,0.000104962317029315
"ENSG00000145555",1.44249026939868,5.60116240616312,1.76792523104934e-05,0.000105111809429618
"ENSG00000162129",0.93003119843064,3.96371647916448,1.76889013781169e-05,0.000105146701010807
"ENSG00000183087",-1.29588623745215,6.2620005272355,1.77000260676379e-05,0.000105190347226328
"ENSG00000112812",1.3392237736896,3.3893064144544,1.77452300976514e-05,0.000105436463299717
"ENSG00000253123",-1.27919375469698,-1.23648285094477,1.78126831934232e-05,0.000105814642814754
"ENSG00000233493",1.47382089245599,2.43939501992108,1.78204883313394e-05,0.000105838403151728
"ENSG00000235257",-0.848706782287348,0.711866184063441,1.78397369786243e-05,0.000105930103455695
"ENSG00000163331",-2.31065927483478,2.02985193997756,1.78550608220588e-05,0.000105998464598489
"ENSG00000188010",0.765101215302561,3.23968113448206,1.79237300612263e-05,0.000106383419588751
"ENSG00000213030",6.93729761385772,-0.580403624264576,1.80353917649141e-05,0.000107023330735557
"ENSG00000227992",1.56353230610506,-2.17865646141982,1.80662451147322e-05,0.000107183548501717
"ENSG00000181924",0.637709310395999,5.28992316913997,1.80740920154964e-05,0.000107207234213479
"ENSG00000137309",1.16646701123779,7.98643275415898,1.81198135262783e-05,0.000107455516760422
"ENSG00000185972",-1.59120686036012,-2.51453784843846,1.81551373445045e-05,0.000107642045398146
"ENSG00000135406",-1.84936285795624,-2.32374431910452,1.81731744809778e-05,0.00010772602340994
"ENSG00000155011",2.31565241172256,0.808443370725478,1.82074261384845e-05,0.000107906060769161
"ENSG00000033327",-0.920635629535435,3.92258122043377,1.82983382298846e-05,0.000108421747163992
"ENSG00000250133",2.69684280465095,-1.63249094147115,1.83469687797405e-05,0.000108686739653018
"ENSG00000167371",-1.17025838936668,0.626719299300425,1.83694777620497e-05,0.000108796909070675
"ENSG00000075643",1.01877158671875,4.12814310678016,1.84001247424063e-05,0.000108948538687749
"ENSG00000143368",0.599189033508352,6.45103811402764,1.84029135567916e-05,0.000108948538687749
"ENSG00000141428",0.602494645873566,3.42948095804318,1.84080258606231e-05,0.000108955612526391
"ENSG00000261582",-1.11819791677056,-2.88985481513557,1.84185207413891e-05,0.00010899453561282
"ENSG00000248693",2.39290656182257,-3.27508904374324,1.84906275713146e-05,0.000109374696861117
"ENSG00000171552",0.862489835426388,6.62699157104762,1.8590916816028e-05,0.000109944539528851
"ENSG00000236423",1.85295642477495,-0.711189495444057,1.86587184205579e-05,0.000110322052600123
"ENSG00000266412",-0.58522248018334,6.68707284084198,1.87041718318016e-05,0.000110567296739192
"ENSG00000107560",-0.873704705988781,3.50230176565008,1.87426641130758e-05,0.000110771295575218
"ENSG00000116017",1.95531608138291,4.27378547351089,1.87524564204407e-05,0.000110805623629003
"ENSG00000231464",2.15465057425606,-2.58204491132984,1.87710514283589e-05,0.000110891939969615
"ENSG00000088386",2.58676347884491,3.33266883793578,1.8804447463356e-05,0.000111065639689599
"ENSG00000188372",1.30106003510326,2.35890949264077,1.88085113680626e-05,0.000111066056619942
"ENSG00000140948",-0.546059963952225,4.52564926879353,1.88239634104413e-05,0.000111133707139589
"ENSG00000177943",1.22705048860314,2.70131357210042,1.88720544356063e-05,0.000111393983450237
"ENSG00000279667",1.88642430054746,-3.04363358495569,1.90645951791322e-05,0.000112506595738851
"ENSG00000179776",-0.961091577474792,4.1903092664335,1.90904204701346e-05,0.000112635100665221
"ENSG00000155714",-1.19141715728333,-3.71329898228151,1.91156601334431e-05,0.000112760096562344
"ENSG00000267308",3.784576599409,-0.46672201591241,1.91597795475269e-05,0.00011299638434168
"ENSG00000231889",-0.66555619098444,0.390850599115941,1.91747880813328e-05,0.000113060924508397
"ENSG00000105618",0.602822629487495,5.72213976915608,1.92153776510419e-05,0.000113276239637225
"ENSG00000178187",-1.41606781911431,-1.59805107216734,1.92818619366709e-05,0.00011360650691602
"ENSG00000246350",2.71382830447114,-3.58988948042983,1.92841113937624e-05,0.00011360650691602
"ENSG00000124787",0.745333322572066,2.7825546898799,1.92871262713066e-05,0.00011360650691602
"ENSG00000108671",0.738563164006114,6.67674299696472,1.92877404687537e-05,0.00011360650691602
"ENSG00000108465",0.714595515288735,6.57104136967145,1.93098639738049e-05,0.000113712734851458
"ENSG00000122547",-0.982771220207539,2.75293692946038,1.93442077636295e-05,0.000113890865903859
"ENSG00000226329",-1.33364807385978,-0.498826387088711,1.93800544495478e-05,0.0001140777681281
"ENSG00000188385",-1.64270175407893,-0.559399485692557,1.94012907611833e-05,0.000114178607689545
"ENSG00000151006",1.05485301228069,0.245643043020963,1.94179599599837e-05,0.000114252532339121
"ENSG00000160113",0.870756212776378,6.04081220505764,1.94393076765141e-05,0.000114353788299519
"ENSG00000272821",1.20474382419754,2.21768192677492,1.94433921140627e-05,0.000114353788299519
"ENSG00000178776",3.61094040050342,0.205042365637089,1.96861694118272e-05,0.000115732705527616
"ENSG00000205485",0.665623740450622,0.873680692660759,1.98769699645383e-05,0.000116829705330453
"ENSG00000066382",-1.56375433793251,2.09810680089053,1.98905408935294e-05,0.000116863594514658
"ENSG00000123636",-0.668130224078528,4.32061507392,1.98929495229731e-05,0.000116863594514658
"ENSG00000278107",-0.932668183769051,-1.61466697712553,1.98953410285445e-05,0.000116863594514658
"ENSG00000267534",-0.731931907424602,3.28630236960168,1.99402293648633e-05,0.000117102533641247
"ENSG00000106636",0.643117547119392,6.39537945618066,1.99830219769449e-05,0.000117329066971663
"ENSG00000248641",1.51273485451415,-3.04956452303785,2.00111605810676e-05,0.000117469482744034
"ENSG00000103150",-0.54788563937249,3.26655974479108,2.00221301700369e-05,0.000117509074998784
"ENSG00000227477",1.49535967018405,-1.69964877613903,2.00335148106975e-05,0.000117551085955682
"ENSG00000166986",0.528227533445168,6.27115615919195,2.00401495588929e-05,0.000117565214022672
"ENSG00000100429",0.972937688799008,3.29520262138305,2.00604235963938e-05,0.000117659333927984
"ENSG00000179115",0.537258700640568,5.82414563179723,2.01023006870734e-05,0.000117869983619623
"ENSG00000262358",1.87493508541089,-3.72688430360908,2.0138798681534e-05,0.000118044343040992
"ENSG00000258910",5.32839707127677,-2.43364880422437,2.01800325062653e-05,0.000118261113379005
"ENSG00000248870",3.34982028866217,-3.46710336757917,2.0269725214105e-05,0.000118761716321867
"ENSG00000197768",2.04180307264093,-2.24665652985617,2.02773512023161e-05,0.000118781375103205
"ENSG00000224067",1.7052986815256,-2.18293226781106,2.03127203289796e-05,0.000118963506108635
"ENSG00000241484",1.35611346699059,0.63802215520063,2.03820299639526e-05,0.00011933389314314
"ENSG00000275180",1.05552690689879,-0.499728562853165,2.03873438492106e-05,0.00011933389314314
"ENSG00000170448",0.713022178567373,3.32338294451346,2.03888347253515e-05,0.00011933389314314
"ENSG00000000971",-1.20230228875385,5.74541450037096,2.0411022332579e-05,0.000119438620689253
"ENSG00000228074",-1.89613604663186,-3.96223817293103,2.04473509328944e-05,0.000119626035232771
"ENSG00000109819",-1.99012001239452,0.750288852213388,2.04707141496178e-05,0.000119737533678932
"ENSG00000063245",0.609755917533638,6.84486200671048,2.04781768731175e-05,0.000119755999447438
"ENSG00000199572",4.10107406696375,-3.91362651670964,2.05749696460844e-05,0.000120296748111529
"ENSG00000081026",-0.757986156801401,3.09487806327224,2.06881363244457e-05,0.000120932983520767
"ENSG00000176490",-1.76219334566971,1.12033164923123,2.0723615591772e-05,0.000121114923398603
"ENSG00000204392",0.700151318517399,5.02776006942767,2.07702515148271e-05,0.000121361975920564
"ENSG00000239893",5.20353137303914,-0.502516634393806,2.08956005243273e-05,0.000122068753913698
"ENSG00000256463",-2.63967613749866,-2.12686189437146,2.09127066092915e-05,0.000122143030013487
"ENSG00000271943",-1.26192579362528,-3.32791970761403,2.09676378812622e-05,0.00012241245012417
"ENSG00000115365",-0.616452555825359,4.97077860725913,2.10650560738577e-05,0.000122955383962687
"ENSG00000171403",3.27921753363403,0.0642232209097378,2.11057309195795e-05,0.000123166952175045
"ENSG00000117016",-1.28484662923121,1.78157702165387,2.112213567131e-05,0.000123236828073452
"ENSG00000279744",1.52472283028423,-1.43946906510774,2.12496407309266e-05,0.000123954752023755
"ENSG00000227492",1.02752249191364,-2.74017144387788,2.13006607641794e-05,0.000124226311141565
"ENSG00000100726",0.611926122755449,5.28499343081082,2.13180385415849e-05,0.000124301594540272
"ENSG00000169242",1.25220073228283,6.22989087261252,2.13424535455334e-05,0.000124417870564226
"ENSG00000037241",0.663415681262834,3.5514524876516,2.1400526591403e-05,0.000124730269506851
"ENSG00000245571",0.754204586154351,1.75754659380132,2.14900584139007e-05,0.000125225852643163
"ENSG00000220201",1.25363198724832,0.305172388292501,2.14977905278526e-05,0.000125244668611471
"ENSG00000204136",-1.34522615370923,1.69335942019505,2.15174153507538e-05,0.000125296446509667
"ENSG00000166961",5.82719536866599,0.886132537667476,2.15198698477379e-05,0.000125296446509667
"ENSG00000271757",2.13475336064093,-3.81792015960652,2.15201928945702e-05,0.000125296446509667
"ENSG00000125485",0.571845039299893,3.50950811758421,2.1528190307418e-05,0.000125316776270451
"ENSG00000169905",0.601640678463492,5.96776034953461,2.16671234836489e-05,0.000126064560217355
"ENSG00000260955",1.65687641723584,-3.08521994845383,2.16702499694091e-05,0.000126064560217355
"ENSG00000219201",-1.03108770433288,-2.34222668517864,2.1688430657872e-05,0.00012614394016884
"ENSG00000116353",0.538522863533015,3.99875827440877,2.17057085244793e-05,0.000126218037046068
"ENSG00000119686",1.20711977531318,2.31367574879231,2.17588931310196e-05,0.000126500855905738
"ENSG00000099337",-0.895789387367549,5.1214971373266,2.17906546642084e-05,0.000126659034101489
"ENSG00000224848",-1.4958853703313,-2.30541276872139,2.1863111810778e-05,0.000127027100228362
"ENSG00000173950",0.717616115403833,4.18338744033661,2.1874649602334e-05,0.000127067591768947
"ENSG00000104884",0.627569227732787,4.67012175363115,2.18817125652818e-05,0.000127082078007555
"ENSG00000271789",1.48139158572227,-1.54886794465863,2.1917439509828e-05,0.000127262994798924
"ENSG00000245522",1.26134354811667,-1.37051156135256,2.19476353429623e-05,0.000127411726527616
"ENSG00000272457",3.39073564520686,-4.10374735058268,2.20008904959163e-05,0.000127694233589925
"ENSG00000153574",0.76659921251124,4.63341451428445,2.20242417508761e-05,0.000127803095309225
"ENSG00000131759",-0.575261142311955,4.80692732432841,2.20747453907934e-05,0.000128055113160457
"ENSG00000165501",0.792459904685624,2.93199474004645,2.20768801497282e-05,0.000128055113160457
"ENSG00000197249",2.80510748728272,5.77517608626322,2.20902905050735e-05,0.000128106182197166
"ENSG00000065613",-0.64660785814859,6.40524437768433,2.20991547406781e-05,0.000128130871545233
"ENSG00000121871",-2.34953631787152,-1.07463211708278,2.21347004994011e-05,0.000128310217796966
"ENSG00000150760",-0.667944188701123,5.25363739557534,2.21664111432907e-05,0.000128467262581443
"ENSG00000223461",1.35391508460259,-2.23336186986775,2.21814682343249e-05,0.000128527745000266
"ENSG00000198464",0.741863416473863,4.02793187401034,2.22073430725407e-05,0.000128650871251109
"ENSG00000188833",4.07030179514973,0.897260710376456,2.23058803502764e-05,0.000129167905513687
"ENSG00000219642",-1.37986475216416,-3.36210655262921,2.23306095295869e-05,0.000129284188769026
"ENSG00000175287",-1.41547307437267,2.2434115262412,2.24793820604169e-05,0.000130091355232288
"ENSG00000182117",0.684931244979113,5.80412419244245,2.25236769138362e-05,0.0001303205795724
"ENSG00000119673",-0.661581363941943,3.09574377925266,2.26842350828811e-05,0.000131222260890219
"ENSG00000171421",0.849047492775675,4.22497255595096,2.27271507508269e-05,0.000131424470683596
"ENSG00000104760",5.62369789071401,-2.42486720611139,2.27367647206199e-05,0.000131424470683596
"ENSG00000281189",1.0324616784035,-0.970548177959134,2.27409716762188e-05,0.000131424470683596
"ENSG00000010803",-0.665031650842103,4.95526271879279,2.27428172940765e-05,0.000131424470683596
"ENSG00000215347",1.56677351187824,-2.03427146195837,2.27580269091715e-05,0.000131485044126461
"ENSG00000229009",-2.59429979071652,-3.79357418403364,2.27864576898979e-05,0.000131621962145198
"ENSG00000120526",0.742465162984143,4.28336542606542,2.28211427051708e-05,0.000131774777232974
"ENSG00000132635",0.835762514142118,4.83159129095957,2.28223888804241e-05,0.000131774777232974
"ENSG00000253541",-1.09014805266536,-3.57923551917634,2.28418167320115e-05,0.000131835750555168
"ENSG00000142661",2.26434257913484,0.369694720523739,2.28424291491517e-05,0.000131835750555168
"ENSG00000168067",0.694189007541913,4.40659053484624,2.28784445638817e-05,0.000132016219638017
"ENSG00000169826",-0.682942689746577,3.85452696213214,2.29390083164777e-05,0.000132338236528976
"ENSG00000167112",0.577421200483607,5.02847614085225,2.29899976795413e-05,0.000132604895367292
"ENSG00000165704",0.832663684104775,4.94112286694241,2.3000998505494e-05,0.000132640840023493
"ENSG00000277128",3.7314068766134,-3.55475896454706,2.30074843159407e-05,0.000132650738241969
"ENSG00000171960",0.735998717828605,4.47504182573054,2.30493572657599e-05,0.000132864616296908
"ENSG00000241170",1.54403815436675,0.495881392992479,2.30951065634147e-05,0.000133089615891447
"ENSG00000167524",1.24881439481992,1.59101396017635,2.30979605187507e-05,0.000133089615891447
"ENSG00000279699",-1.37138893802851,-3.6787219616754,2.31594638607689e-05,0.000133416356329653
"ENSG00000132677",3.0986876351826,3.16547256608246,2.32001300027839e-05,0.000133622947974204
"ENSG00000277406",-1.30947103222685,-3.87226813257638,2.32980758351062e-05,0.000134159292588366
"ENSG00000204611",0.684872714280472,2.94261299804496,2.33441890731247e-05,0.000134397004903916
"ENSG00000262768",2.72698525047431,-3.49358764901397,2.34031557909199e-05,0.000134708603479482
"ENSG00000116793",0.617546439388137,3.54761508781073,2.34115185247846e-05,0.000134728856761811
"ENSG00000201555",1.45409949420701,-3.289350879737,2.34659097894343e-05,0.000135013932348684
"ENSG00000261671",-1.35457942920601,-3.00451704584115,2.35671265738365e-05,0.000135568250547697
"ENSG00000280162",-1.35806471898813,-2.56750394248663,2.3578383087539e-05,0.000135604956330381
"ENSG00000189007",0.85509599447846,2.70160712102681,2.36882996963977e-05,0.000136208947582367
"ENSG00000204152",-0.55713162611665,1.84629873889585,2.37397214135639e-05,0.00013647641001973
"ENSG00000090376",-1.12295075116088,2.54929765043365,2.37627473600435e-05,0.000136580552247342
"ENSG00000100401",0.640807113405297,7.0946113495667,2.37750838520021e-05,0.000136623224623085
"ENSG00000279488",1.35194302674525,-1.93446956185575,2.38681903789503e-05,0.000137101606569547
"ENSG00000123213",0.93744088195342,4.25082334087226,2.38970261872686e-05,0.000137238899307557
"ENSG00000118680",0.653486737384576,8.54813751915041,2.3913774562232e-05,0.000137306732431742
"ENSG00000198538",0.793105427133656,3.67413063587883,2.39244120050996e-05,0.000137339457398934
"ENSG00000232648",1.06961752404857,-2.47538197016782,2.39394187341244e-05,0.00013739724582175
"ENSG00000206535",-0.811435278180542,1.10682490954525,2.40286832606427e-05,0.000137881115644369
"ENSG00000161091",0.882593984742481,5.37148014116138,2.40895795965184e-05,0.000138202037400571
"ENSG00000176563",0.964556646864627,0.196158119450051,2.40962161085832e-05,0.000138209946420302
"ENSG00000168264",-0.537635610499742,6.4056150688766,2.41008967079591e-05,0.000138209946420302
"ENSG00000279926",1.34161044336924,-0.806505627343506,2.41547780040042e-05,0.000138481650495157
"ENSG00000035862",-1.24564725933159,7.39636000589615,2.41582342143063e-05,0.000138481650495157
"ENSG00000249859",1.30264026186458,3.51213907983769,2.41854395146235e-05,0.000138609031366211
"ENSG00000066855",0.667527318565995,4.44724490048135,2.42634913420159e-05,0.000139001843983201
"ENSG00000226935",-1.84934438233444,-3.85558146417876,2.42639755703607e-05,0.000139001843983201
"ENSG00000204338",-1.54265551407149,-2.23679036046097,2.4343060144453e-05,0.000139426180353721
"ENSG00000122584",4.5279820967686,-2.65574170636236,2.43773666303401e-05,0.00013959392589863
"ENSG00000243554",0.711679899668182,0.964717223446976,2.44400210186566e-05,0.000139899456309377
"ENSG00000163382",0.639971624739235,6.07503329059442,2.44407815844124e-05,0.000139899456309377
"ENSG00000092470",1.07990039112722,3.39460813730422,2.44634195617402e-05,0.000140000223924008
"ENSG00000255843",2.70201342216534,-1.92545745939879,2.45109693540253e-05,0.000140243487069226
"ENSG00000203740",2.75023759020355,-3.09880159171445,2.45476387160895e-05,0.000140424408805141
"ENSG00000183770",3.25166389683893,0.628989538069705,2.45912264159537e-05,0.000140644824245716
"ENSG00000207110",1.59392701027501,-2.45923134076555,2.46507128671006e-05,0.000140956060232868
"ENSG00000214872",2.04029038297645,-0.892978410104955,2.47339373700156e-05,0.000141373818346125
"ENSG00000133740",0.996418639409281,2.81625115543529,2.47671423926546e-05,0.000141527799425481
"ENSG00000117385",0.983344020874742,5.15191494131642,2.47710540971215e-05,0.000141527799425481
"ENSG00000257818",2.99605118233849,-2.02999365786776,2.48343323442838e-05,0.000141860194185986
"ENSG00000124701",-1.62684049004902,-2.67283066358715,2.48603724096885e-05,0.000141979781895414
"ENSG00000142173",-1.3560291616652,8.93525007373318,2.48667189873071e-05,0.000141986872345303
"ENSG00000279114",2.0699548004113,-2.99054621596467,2.48963851953434e-05,0.000142127085681052
"ENSG00000092208",0.699813792957633,2.6042165450551,2.49827271130418e-05,0.00014259072218244
"ENSG00000197467",-1.03850836649166,1.78931268238317,2.50075107467134e-05,0.000142690921575293
"ENSG00000169635",1.82004553474759,4.0038851898955,2.5010543367474e-05,0.000142690921575293
"ENSG00000174788",1.99963499925593,0.01874435492833,2.50468406099159e-05,0.00014286869931985
"ENSG00000185291",-0.916380187289233,2.68142317543055,2.50626236162117e-05,0.000142929413704674
"ENSG00000089597",0.536349406141924,8.24743946272241,2.51355115362587e-05,0.0001432863255499
"ENSG00000170439",2.48575430245858,1.83440773971163,2.51585296632651e-05,0.000143388152771392
"ENSG00000254612",-0.784347680410103,1.38344349520413,2.51990195364529e-05,0.000143589496080181
"ENSG00000185686",5.67449817906724,3.34253186216006,2.52338905464107e-05,0.000143729305297424
"ENSG00000174276",0.8791633991538,3.45950189935397,2.52901829905036e-05,0.000144020446256117
"ENSG00000156398",0.929850201342647,3.12575581916621,2.53372454996913e-05,0.000144258916905407
"ENSG00000237015",1.19699395595825,-1.75669043776346,2.53620297424042e-05,0.000144370473439519
"ENSG00000232677",1.29676846062479,4.51907309875804,2.5469299622767e-05,0.000144951428362598
"ENSG00000119772",0.715146922152941,5.00450299753867,2.55203205972013e-05,0.000145212086082234
"ENSG00000065833",-1.24316901579393,3.9680552729805,2.5625166918528e-05,0.000145778843834121
"ENSG00000167272",0.6285135431561,4.19734756038756,2.56632615063009e-05,0.000145965591142522
"ENSG00000149970",-1.81661989814143,-1.02429576140806,2.56684897809685e-05,0.000145965591142522
"ENSG00000198354",-1.90780749533017,-2.09122053465257,2.56783555756571e-05,0.000145991844567815
"ENSG00000179750",1.81635219287626,3.75197812454502,2.57278025705836e-05,0.000146233075937618
"ENSG00000167646",2.07543752948263,-0.343345770072524,2.57313009613742e-05,0.000146233075937618
"ENSG00000267163",1.73256098397214,-2.63005245870765,2.5746557194397e-05,0.000146289886669615
"ENSG00000198752",-0.502306766481888,6.21230712433342,2.57622837286569e-05,0.000146349345862977
"ENSG00000155827",-0.5079168245897,4.84231991184331,2.5783358677613e-05,0.000146439157627211
"ENSG00000185130",3.06558610197426,-1.63995941067275,2.5820245377816e-05,0.000146618718802205
"ENSG00000259070",-1.28388350549652,-2.22117790662294,2.58638430628178e-05,0.000146814547839466
"ENSG00000105750",1.10002443278328,2.19128125350744,2.58652890523634e-05,0.000146814547839466
"ENSG00000275874",4.77848689067269,1.07884509178641,2.58842755939261e-05,0.000146892339745739
"ENSG00000166411",-0.617437389724791,3.73137578633325,2.59586968127294e-05,0.000147284625551294
"ENSG00000127831",5.83417416154923,0.642940026395648,2.59829854086346e-05,0.000147392366545044
"ENSG00000137845",0.922535195583141,7.38818348725954,2.5995151837269e-05,0.000147401255463805
"ENSG00000160326",1.53926279584812,4.01105461625265,2.606716697355e-05,0.000147754152866641
"ENSG00000130332",0.822336869511272,5.45036459437962,2.60680123725096e-05,0.000147754152866641
"ENSG00000163281",-0.531226722374696,3.1715838259811,2.62141268421843e-05,0.000148552059874016
"ENSG00000184163",2.06225575219965,0.756306256758073,2.62315704472283e-05,0.000148620629221585
"ENSG00000223478",1.03349504136987,0.620708237211334,2.63283489730652e-05,0.000149138568225634
"ENSG00000164411",2.29941436408184,1.04186410062739,2.6342727027828e-05,0.000149189628756868
"ENSG00000205837",2.72489999451636,-2.78824058795764,2.6394050086094e-05,0.000149424581854412
"ENSG00000273045",1.34284461617747,1.48304806697501,2.6394958136509e-05,0.000149424581854412
"ENSG00000232774",2.56507501466459,0.353859173592262,2.65291064086472e-05,0.00015015344659009
"ENSG00000185475",0.571949083616866,5.01506838143061,2.66531606774669e-05,0.000150824894796009
"ENSG00000105255",2.75558488637498,1.75382434243113,2.66712234462328e-05,0.000150896407182684
"ENSG00000100221",-0.508270626911761,5.73792233953495,2.67452788923765e-05,0.000151284612941563
"ENSG00000259969",-1.21044337601714,-1.04824292172336,2.68307705859778e-05,0.000151737336784831
"ENSG00000165689",0.618625231411298,4.87255867240405,2.69391160075142e-05,0.000152319096059563
"ENSG00000128872",-0.866790627101442,3.1137748793101,2.70148696244753e-05,0.000152716375785677
"ENSG00000258599",2.66555488247705,-2.84395769674429,2.70648610881061e-05,0.000152967888933854
"ENSG00000231050",1.47718703334046,-1.5017517591387,2.71369711106716e-05,0.000153336592881084
"ENSG00000185158",0.699659449657113,2.37692066494452,2.7141122739495e-05,0.000153336592881084
"ENSG00000234678",1.42397950132212,0.693824873231281,2.71775221035466e-05,0.000153474930585578
"ENSG00000205358",3.46631354545524,0.214438075084321,2.71821633072505e-05,0.000153474930585578
"ENSG00000099864",-1.38563328887835,3.42891647391383,2.72163197920611e-05,0.000153636594758798
"ENSG00000070010",0.569841950748662,5.54906717373809,2.72953202098112e-05,0.000154026892656859
"ENSG00000104852",0.616042821476619,7.44602138147767,2.72965359330406e-05,0.000154026892656859
"ENSG00000272752",0.875281986874849,1.28049817059051,2.73107981790987e-05,0.000154076111512226
"ENSG00000167525",1.29629626450572,1.59740747996402,2.73176282805074e-05,0.000154083389853124
"ENSG00000279184",2.45039691412624,0.601075098491695,2.74370516686204e-05,0.000154725611934173
"ENSG00000166263",-0.641365381040298,2.62717131110326,2.74541126288955e-05,0.00015479043878927
"ENSG00000258359",1.10494843301446,-2.83613060616661,2.74635149273595e-05,0.000154812067424939
"ENSG00000183813",-1.47808378651114,0.311798631551354,2.75181747211218e-05,0.000155057332560486
"ENSG00000116711",-1.15109622987545,3.49143100029367,2.7584690981749e-05,0.000155400650248204
"ENSG00000227507",-1.42539168818218,2.95908976820115,2.76269779288775e-05,0.000155607358674741
"ENSG00000260948",-1.03290186872919,-0.869922328431583,2.77138574780657e-05,0.000156065097800656
"ENSG00000144040",0.717311439269589,3.89173758339047,2.79302343940162e-05,0.000157251742753193
"ENSG00000145545",1.1646043477679,4.11687170109941,2.79583449658184e-05,0.000157378151899273
"ENSG00000184058",2.58727614863485,4.27858572473001,2.79918936944193e-05,0.000157535115200907
"ENSG00000259865",1.01050529356851,2.69614701118893,2.80015150007654e-05,0.000157557381492269
"ENSG00000162980",-0.55813739052138,4.67334660155425,2.8039058196297e-05,0.000157736716345795
"ENSG00000235651",1.95136560477366,-3.57314957737666,2.80498828477056e-05,0.000157749510368031
"ENSG00000254281",-1.35626259260908,-3.55381884143173,2.80526760248905e-05,0.000157749510368031
"ENSG00000234906",2.3427331732458,-3.27010239394986,2.8072897654589e-05,0.000157751743887561
"ENSG00000106009",0.595590041885103,5.57849808168732,2.8073761254513e-05,0.000157751743887561
"ENSG00000197301",2.83892230705645,-1.16958809904697,2.80757606962006e-05,0.000157751743887561
"ENSG00000197070",0.832506375588639,5.61917299991185,2.80860959485885e-05,0.000157777941146858
"ENSG00000143493",0.582542828694009,4.15561573543196,2.81071053051125e-05,0.000157864079129866
"ENSG00000236915",-1.66004002416465,-2.86704689106428,2.81574459956097e-05,0.00015811488905227
"ENSG00000100804",0.602797674859675,6.47396885576117,2.82513499473067e-05,0.00015861017280671
"ENSG00000103855",0.76117156670089,6.29306397937411,2.82690464038894e-05,0.000158677494981105
"ENSG00000257924",1.71673220938262,-2.79979191283057,2.83039217183428e-05,0.000158841197488351
"ENSG00000256916",6.9430536739518,-2.15138939168489,2.83917402685658e-05,0.000159301890677753
"ENSG00000187726",2.66517621723176,0.0418623858739966,2.84192890738223e-05,0.000159424301534938
"ENSG00000189050",0.725262593506082,3.07099936845647,2.8462470030461e-05,0.000159622465142511
"ENSG00000233435",2.56078227352625,-3.37804296847192,2.84660923707207e-05,0.000159622465142511
"ENSG00000198715",0.784172244571521,5.26467131974757,2.85187832420124e-05,0.000159885692060087
"ENSG00000110195",4.63813101814508,1.89883289241377,2.85360184102127e-05,0.000159922917333331
"ENSG00000144867",0.588341167663521,5.75923074700895,2.85369229757783e-05,0.000159922917333331
"ENSG00000215908",0.663230874846213,3.79211030897868,2.85516733548219e-05,0.00015997334629687
"ENSG00000254858",0.613398891696823,3.5599077274812,2.85672632454366e-05,0.000160028457733198
"ENSG00000117419",0.548586832954753,5.38469409609164,2.86361728946292e-05,0.000160382174127733
"ENSG00000101473",0.555770504819231,4.16126068931324,2.86628503323585e-05,0.00016049926641713
"ENSG00000137411",0.657982982711191,4.89750865349237,2.8831316410739e-05,0.000161410105340556
"ENSG00000090932",3.39324339888358,-0.10836621318347,2.88470347912696e-05,0.000161450062067363
"ENSG00000203799",2.72450327028661,1.69231766425041,2.88500632249233e-05,0.000161450062067363
"ENSG00000149428",0.745613348389788,6.91944496387696,2.88965698253705e-05,0.000161677790495479
"ENSG00000185904",2.38870587654368,2.36361490424861,2.89407195594378e-05,0.000161860473563463
"ENSG00000158604",0.544500954845732,6.48694567235157,2.89408598508288e-05,0.000161860473563463
"ENSG00000180900",0.722779849019367,6.90290238178693,2.89656514838038e-05,0.000161966559050872
"ENSG00000100354",-0.56457800495975,4.4140550457641,2.9051612767373e-05,0.000162390022967265
"ENSG00000170266",0.641214690312705,5.70527507699798,2.90530598743434e-05,0.000162390022967265
"ENSG00000231563",1.88135469932392,-0.646035165148536,2.92252256061238e-05,0.00016331950970125
"ENSG00000136378",1.31195175102414,3.89253158214844,2.93788308460348e-05,0.000164111954673783
"ENSG00000238118",4.42475397774291,-4.04877709633913,2.94619628471203e-05,0.000164543287684128
"ENSG00000159217",4.68413635308037,2.55002695342218,2.94696102908916e-05,0.000164552955434766
"ENSG00000197670",1.50812845507546,-0.0149490896543783,2.9519359338573e-05,0.000164770671937075
"ENSG00000172932",0.733262118532936,5.73488695201995,2.95204493676499e-05,0.000164770671937075
"ENSG00000156515",-0.604811346043727,7.10984905563965,2.96122373897433e-05,0.000165249831163911
"ENSG00000158710",1.03794738003194,9.58448704612734,2.96970490765747e-05,0.000165689874817808
"ENSG00000239093",2.65943972402264,-3.55454943509973,2.97510391820863e-05,0.000165953364397738
"ENSG00000235036",1.15153332645889,-2.87182247634601,2.97562085446202e-05,0.000165953364397738
"ENSG00000160349",3.29086470473715,-3.65543118331417,2.9833501590814e-05,0.000166351078537552
"ENSG00000163749",-1.17369536285349,-1.30682670801318,2.99703758170806e-05,0.000167080790258662
"ENSG00000262049",0.882402991464463,1.68094766858532,3.00583774658848e-05,0.000167537806103939
"ENSG00000123201",2.20515452054181,0.0195233359849877,3.01011108291701e-05,0.000167742375374015
"ENSG00000159884",-0.717732889538274,1.89750522939827,3.01670440322999e-05,0.000168076120927556
"ENSG00000178980",-0.638285852804631,7.31484845403514,3.02655008356733e-05,0.000168590902211613
"ENSG00000239622",-1.54537672792687,-3.31559227734503,3.0295482301173e-05,0.000168724118791054
"ENSG00000187240",-1.02796155011122,2.99201235092647,3.03831615489392e-05,0.000169178552985115
"ENSG00000226496",-1.32478760954529,-3.14114970660571,3.05000541682607e-05,0.000169775064005011
"ENSG00000265282",1.56826979678356,-3.42280708582537,3.05024986457066e-05,0.000169775064005011
"ENSG00000138078",-0.523826185138578,4.58724996410754,3.05161155868961e-05,0.000169816871312193
"ENSG00000100312",-1.21361862962178,-3.42748971190938,3.057936877851e-05,0.000170134823732086
"ENSG00000145860",-0.864069886567423,5.54134611913652,3.05918702608393e-05,0.000170170337512944
"ENSG00000104872",0.563786799893649,5.71503967867756,3.06055223453445e-05,0.000170212236150983
"ENSG00000144063",-1.52191792973693,2.44584625644692,3.07234153595253e-05,0.000170833736784182
"ENSG00000260777",4.00215628509345,-0.740274971277148,3.07454006716083e-05,0.000170887655651367
"ENSG00000174013",0.729694652494629,4.56526795611984,3.08676064438754e-05,0.000171532614989711
"ENSG00000261687",2.15823728387426,-3.90273420973211,3.08753967250924e-05,0.000171541631864761
"ENSG00000124535",0.579128941774763,5.57848538508975,3.09869687169319e-05,0.000172092763762785
"ENSG00000171056",-1.38709215651396,2.90975308657187,3.10243243962551e-05,0.000172257815704364
"ENSG00000184260",1.86489592914672,0.496227832419471,3.10290747736262e-05,0.000172257815704364
"ENSG00000266904",-0.754752609080192,0.519321589219947,3.10535037721718e-05,0.000172359030216606
"ENSG00000267904",-1.02464941768125,-1.29120093306291,3.11709650456676e-05,0.000172976466643087
"ENSG00000173209",0.959439050629598,5.05280665770937,3.11844225952119e-05,0.000173016625900784
"ENSG00000269948",-1.42902357914743,-3.59404113512224,3.12090302020482e-05,0.000173084099104599
"ENSG00000260266",5.11153876745715,0.622108139170752,3.12410932408758e-05,0.000173227377653205
"ENSG00000050393",0.701878868644035,4.76336155973924,3.12853920914694e-05,0.000173438431381311
"ENSG00000221944",0.783956477163781,1.9977217739102,3.129435025333e-05,0.000173453520047004
"ENSG00000266446",3.35433725116163,-4.07585870704294,3.131363263131e-05,0.000173525814778766
"ENSG00000236609",-1.06400613481324,3.19777339522835,3.13497177685017e-05,0.000173691175357637
"ENSG00000145536",-1.66778468554299,1.42536344949351,3.14453817355178e-05,0.000174186497153945
"ENSG00000172061",3.31861764183013,3.60337200316155,3.14623782749606e-05,0.000174245943242031
"ENSG00000233476",-0.867765117540335,2.50813378391341,3.15032193205914e-05,0.00017443739577217
"ENSG00000137745",3.94379471456517,4.98829008437925,3.15171006532132e-05,0.000174479522386111
"ENSG00000180999",4.71824550341436,-2.53915684258981,3.1525747393703e-05,0.00017449265915643
"ENSG00000272217",1.59982750513494,-2.08888331840204,3.16289453068751e-05,0.000175029020258678
"ENSG00000233246",1.87873581132412,-3.29780468273484,3.1687303188967e-05,0.000175317080484332
"ENSG00000114395",0.76557690817923,3.9488372418491,3.17946096426764e-05,0.000175875791167812
"ENSG00000266258",1.47848419780689,-2.34832617938477,3.19641883240199e-05,0.000176758482434583
"ENSG00000183128",4.12299394820695,0.56713846490808,3.19668919802233e-05,0.000176758482434583
"ENSG00000108479",0.805351420257512,3.94917730300563,3.20389734645166e-05,0.000177089106978857
"ENSG00000137563",1.61152882227085,5.28902110563169,3.20394199229715e-05,0.000177089106978857
"ENSG00000204140",3.68054022929014,-2.23904543698536,3.20700928569232e-05,0.000177196123419806
"ENSG00000099800",0.813669036346148,5.80094206297355,3.20715235787331e-05,0.000177196123419806
"ENSG00000184068",0.796759969036201,1.36434274180273,3.21262983510435e-05,0.000177463502688694
"ENSG00000175984",-1.13106572727537,2.87464977025278,3.21428257362704e-05,0.000177519541740049
"ENSG00000131652",0.671659311894263,4.67720230585739,3.22399615332585e-05,0.000178020657161905
"ENSG00000206072",-2.56844471149678,0.0380765829108054,3.23360513963915e-05,0.00017851579942196
"ENSG00000276855",-0.802907889791119,1.90292522521001,3.24668391340598e-05,0.000179202261725661
"ENSG00000164818",0.57570037254693,4.90195311788114,3.24856171317184e-05,0.000179270331207239
"ENSG00000100908",0.811180007993998,3.62735765396203,3.25758291583054e-05,0.000179732500769678
"ENSG00000183273",-2.0367019992131,0.477852199425912,3.27481962529586e-05,0.000180647675998322
"ENSG00000261949",4.76585421960702,-1.42905785297122,3.27601887857096e-05,0.000180677995379128
"ENSG00000110315",-0.630689738712604,4.77323119297677,3.27757025858342e-05,0.000180727719274347
"ENSG00000009830",0.608466123125657,3.93575028311527,3.28361501659496e-05,0.000181025142629446
"ENSG00000162444",-1.31874506994255,1.55173304923057,3.28962374198988e-05,0.000181320462021333
"ENSG00000161958",1.97427379600148,0.119213745375047,3.29175126437421e-05,0.00018140177910846
"ENSG00000275022",1.46725109474033,-3.45526093431236,3.29587674820694e-05,0.000181593145796116
"ENSG00000124217",0.579902686076613,3.24738945603643,3.29775851274706e-05,0.000181660838809732
"ENSG00000226999",-1.77014882966367,-3.36412085978987,3.30114503552198e-05,0.000181811379946481
"ENSG00000249550",4.02874252457123,1.32505612810288,3.30727598497871e-05,0.000182112981528832
"ENSG00000183571",-1.47687963767437,-3.80819670023204,3.31048383773676e-05,0.000182253537171363
"ENSG00000204121",4.33852435617676,-3.30844393635298,3.31805423467256e-05,0.000182634162732927
"ENSG00000157212",0.563856348956864,3.78739844196521,3.32752797816139e-05,0.000183119381987738
"ENSG00000165164",3.42868123204568,0.777743162015648,3.33183572169243e-05,0.000183294934644321
"ENSG00000237118",-1.05465662662627,-2.72169565753082,3.3320360606971e-05,0.000183294934644321
"ENSG00000266256",-1.61706601799047,-3.36372963570156,3.33653868797647e-05,0.00018350632890783
"ENSG00000260105",-1.55393571091781,-1.80969520028429,3.34152672473681e-05,0.000183744331346589
"ENSG00000183458",-0.973190426627106,0.264479922503397,3.34918538570956e-05,0.000184129063318324
"ENSG00000152749",0.691269399478435,3.71099208010737,3.35135302662742e-05,0.000184211821599977
"ENSG00000139547",2.08618457997284,1.10606771665227,3.37023135556811e-05,0.000185212892101197
"ENSG00000151789",-1.57607759895508,0.394595582911475,3.37983128157403e-05,0.000185667089540625
"ENSG00000231344",1.28434269835983,-3.12004410443926,3.38216563388894e-05,0.000185758635022419
"ENSG00000001036",0.58884762683786,5.68822949803832,3.40403075460206e-05,0.000186922620686569
"ENSG00000118298",-0.909010992540077,-0.781812090532898,3.40710818184097e-05,0.000187054677973831
"ENSG00000277268",5.25203300560753,-1.14526918174158,3.4168478986703e-05,0.000187552379328433
"ENSG00000138050",0.506704770648702,3.25421261534497,3.42659226545369e-05,0.000188050139461451
"ENSG00000140406",-0.565940599437563,4.91978789532305,3.43063122789265e-05,0.000188197527300549
"ENSG00000196593",5.02080858551512,-2.13837848874417,3.44194332131186e-05,0.000188780851105594
"ENSG00000185619",0.760136237036371,5.80829960581192,3.44304560744026e-05,0.000188782109608257
"ENSG00000242798",1.26646074005399,-2.02384110854115,3.44390388287137e-05,0.000188782109608257
"ENSG00000131725",-0.642587548549019,3.57404944517441,3.44400253173803e-05,0.000188782109608257
"ENSG00000161618",0.710782189235968,5.46332554373927,3.44864859119296e-05,0.000188999533530739
"ENSG00000249693",-1.67055921396965,-3.73805435634557,3.45429306011357e-05,0.000189271577779627
"ENSG00000119986",-0.993624285884019,4.4110656619712,3.4590745713667e-05,0.000189496240010679
"ENSG00000146109",0.514742792227641,4.94141408925723,3.46358640588585e-05,0.000189668692078959
"ENSG00000069482",4.22457051758033,1.52858139398085,3.467348555687e-05,0.000189837333423863
"ENSG00000259015",1.08936028333336,-1.51304884963342,3.49094826229991e-05,0.000191091800864687
"ENSG00000167394",0.530744140597397,1.79177623086529,3.50112770622317e-05,0.000191573607895308
"ENSG00000231903",2.09420432700941,-3.89229455507666,3.50467704165639e-05,0.000191730099448445
"ENSG00000275549",1.97514975840566,-1.91716658542055,3.50717186438042e-05,0.000191828851649975
"ENSG00000123505",-0.578521827938496,5.50678180638429,3.51710509736089e-05,0.000192329710722405
"ENSG00000162415",-1.19019018242035,1.49399629770699,3.51771199958607e-05,0.000192329710722405
"ENSG00000148450",-0.741370168145074,4.0806003607673,3.52243357159935e-05,0.000192550009683358
"ENSG00000117281",-1.15911145967248,-1.74007010786639,3.52426077925866e-05,0.000192612035868581
"ENSG00000246582",0.96931816860484,1.02543712396491,3.53539407931349e-05,0.000193182545241544
"ENSG00000273010",1.16998067126464,-2.32413492834567,3.53721123381922e-05,0.000193243873593035
"ENSG00000250709",-1.78566442213786,-3.71458137677229,3.53852165470564e-05,0.000193277499572522
"ENSG00000133789",-0.620568233209656,5.33531119428413,3.54778379498394e-05,0.000193745357726072
"ENSG00000232022",1.69526417818423,-1.25365090773443,3.5552255234714e-05,0.000194103132602286
"ENSG00000259495",-1.76071943099484,-0.49134932073304,3.55573099129416e-05,0.000194103132602286
"ENSG00000143149",-0.579812822752414,5.67530948669428,3.5582986257659e-05,0.000194205179902722
"ENSG00000262580",1.31215450463881,2.3338773009581,3.56379260088357e-05,0.000194466869939915
"ENSG00000171492",0.748581644519288,4.33774292929207,3.57426915605992e-05,0.000195000290383473
"ENSG00000117395",0.738930729207692,5.90632863319131,3.57766038247804e-05,0.000195147025334108
"ENSG00000279862",2.11266842572332,-2.12632488206493,3.58913083098864e-05,0.00019573430549468
"ENSG00000266028",0.628976880466917,4.84520334895074,3.59432634783901e-05,0.000195979217236711
"ENSG00000122965",0.599012709727049,4.90189016293405,3.59619914128798e-05,0.000196042898307806
"ENSG00000107014",2.19333375045433,-1.21120809974016,3.60253396862674e-05,0.000196349749695112
"ENSG00000152926",1.76457861304234,5.04292050907643,3.60422799260981e-05,0.000196403591611396
"ENSG00000204186",-1.33909569098853,1.80603219489055,3.60698300034712e-05,0.000196515216824005
"ENSG00000141349",0.650525734453994,5.52705681644881,3.61180370389831e-05,0.000196726609945996
"ENSG00000143224",0.932129210870774,4.11482040665001,3.6122777010542e-05,0.000196726609945996
"ENSG00000204435",0.660800629568598,5.66903894530616,3.61729857002475e-05,0.000196961482239817
"ENSG00000105821",0.508132793836369,4.79085540281897,3.62185972307399e-05,0.000197160495584703
"ENSG00000215156",3.36614161585813,-1.86815062180968,3.62237130995516e-05,0.000197160495584703
"ENSG00000273123",-1.44852161767144,-3.88904193944446,3.62915516899968e-05,0.000197452450538709
"ENSG00000107833",0.901990557519021,4.5944678023622,3.63162524995012e-05,0.000197548196903702
"ENSG00000279865",-0.78372642451499,-0.513716744490952,3.63287296432797e-05,0.000197577426196429
"ENSG00000274367",2.49059470351482,-3.8193753767554,3.64566959870748e-05,0.000198234620818868
"ENSG00000214077",-1.29752359658415,-3.37415051349086,3.64840344615827e-05,0.000198344497748241
"ENSG00000248290",-1.60844530209273,-3.35760939090615,3.6651594374249e-05,0.000199216492931598
"ENSG00000136881",6.36336952726985,0.832704677356867,3.67019750771057e-05,0.000199451354595455
"ENSG00000166704",0.906783744426644,2.98970292315905,3.67843054373649e-05,0.000199859716180783
"ENSG00000151491",-0.889867220435354,5.57966371392283,3.68038671351581e-05,0.000199907124916045
"ENSG00000224238",-1.51758708157709,-2.30786691427118,3.68074061300495e-05,0.000199907124916045
"ENSG00000185813",0.870034639853584,5.40987929347235,3.68535825751197e-05,0.000200118838766459
"ENSG00000133475",4.08151369070628,-1.21256325764465,3.68908840534521e-05,0.000200282287366516
"ENSG00000164002",0.8558127151577,2.59472932587348,3.69212685286552e-05,0.000200408126773514
"ENSG00000102030",0.756608861177138,5.12689605823687,3.70741478061834e-05,0.000201198687401635
"ENSG00000167536",1.17212373414405,2.99050141540789,3.71034003699577e-05,0.000201318157333132
"ENSG00000280789",0.675805380397714,2.65972286025009,3.7125629467244e-05,0.000201399479690356
"ENSG00000162367",-1.07375844484742,0.444577676741804,3.74003125714443e-05,0.000202820469697954
"ENSG00000278463",4.18267424156624,-2.28329163931878,3.74021568719953e-05,0.000202820469697954
"ENSG00000175544",1.99094893496566,1.7436546560089,3.75419824690751e-05,0.000203539017234383
"ENSG00000214274",-0.980619490496528,1.75673556771833,3.75780310480766e-05,0.000203694752979956
"ENSG00000135097",2.68574351036259,1.81615440523112,3.76382582353653e-05,0.000203981464594742
"ENSG00000184967",0.683818614546611,4.45962792196894,3.77102253398519e-05,0.0002043316768707
"ENSG00000174032",-0.620171037865981,2.84806483242747,3.77776466497055e-05,0.000204657126269626
"ENSG00000100003",1.45245416273709,3.55568802984808,3.7855524840508e-05,0.000205039087125423
"ENSG00000258768",-0.78330973707463,-0.616814243957136,3.78725591609703e-05,0.000205091411204063
"ENSG00000272540",1.02060630826402,-1.7093853764616,3.79951619210878e-05,0.000205715288789413
"ENSG00000203857",6.40737590211963,1.58002463935233,3.80046004310036e-05,0.000205726343282893
"ENSG00000164695",1.13699412111559,4.27663196534319,3.80350139576429e-05,0.000205850913252368
"ENSG00000120685",0.678362397145952,5.06034413183483,3.80456470768117e-05,0.000205868401195985
"ENSG00000189067",-0.730342172683455,6.82465586739538,3.81992354770655e-05,0.000206659275690259
"ENSG00000160293",1.05620269386188,5.49084912364602,3.82149668379866e-05,0.000206659304146901
"ENSG00000261069",-1.71563326941732,-2.2134677726016,3.82156583444588e-05,0.000206659304146901
"ENSG00000146281",-0.828370053223721,3.66017871056417,3.82215316769733e-05,0.000206659304146901
"ENSG00000231574",3.56151986056941,-0.455682299821404,3.82675163225153e-05,0.000206867722347545
"ENSG00000146842",0.604162591308069,4.14555149080297,3.83505229696784e-05,0.000207276155335341
"ENSG00000223776",1.31254070403457,-2.47683536349183,3.84010531286133e-05,0.000207508935431537
"ENSG00000134321",2.15527527405549,4.3372214083545,3.84209599806097e-05,0.000207576177144658
"ENSG00000159131",0.623240628582714,5.83906875199404,3.84440076432819e-05,0.000207637454383579
"ENSG00000102897",-0.5954516724867,3.92374530141264,3.84472329513332e-05,0.000207637454383579
"ENSG00000172795",0.576975678225118,4.68355631584235,3.85126000678191e-05,0.000207950096231072
"ENSG00000184840",0.575259087236371,7.33025492059481,3.85328818180383e-05,0.000208019223991673
"ENSG00000225806",1.23400782191365,-1.10694810938993,3.85455922479673e-05,0.000208047459187408
"ENSG00000270067",-0.820206310385955,-1.80614540533051,3.8567735548372e-05,0.000208126586885307
"ENSG00000198205",-0.662572461170285,0.812396744892529,3.8594270459235e-05,0.000208229378134375
"ENSG00000206557",5.45615004075171,-0.46963141526532,3.86041741932155e-05,0.000208242415988344
"ENSG00000104892",2.06269119233098,2.89372473363866,3.87538571006631e-05,0.000209009313077514
"ENSG00000136636",-0.597209846947119,5.20767781279251,3.8783807547378e-05,0.000209130290677632
"ENSG00000254064",-0.882441955792263,-2.410820480804,3.88012576354081e-05,0.000209183829930918
"ENSG00000250334",-1.55752201163201,-3.53423345327551,3.88106142867101e-05,0.000209193723867494
"ENSG00000225489",2.17340734399814,0.448133313862756,3.91024263166758e-05,0.00021072578630996
"ENSG00000166432",-1.26304677504936,1.80008125941851,3.91269063987239e-05,0.000210816863166933
"ENSG00000184697",5.67030589986715,1.33218842217291,3.91563614564373e-05,0.000210934704859169
"ENSG00000225137",-0.776920225814039,-1.91028694476368,3.91954258810676e-05,0.00021110425639623
"ENSG00000104907",0.708367806443799,5.10690961949819,3.92123757971859e-05,0.000211154657898767
"ENSG00000142185",1.47942512048899,3.95373190869978,3.93177952509021e-05,0.000211681347137697
"ENSG00000265206",-1.51650901914756,0.346100677745181,3.9360493750605e-05,0.000211870217279965
"ENSG00000160410",0.647901522498386,6.24841970131905,3.94468270674152e-05,0.000212293846986459
"ENSG00000166619",0.884693850193635,7.17345505196613,3.94766829128202e-05,0.00021241342268413
"ENSG00000196421",1.51704823549958,0.578361197378039,3.95335321774349e-05,0.000212678168365764
"ENSG00000133265",0.739994946918014,5.5821707189887,3.95599360937173e-05,0.000212746389196601
"ENSG00000213638",1.03901031611461,1.32919417510109,3.95615117004573e-05,0.000212746389196601
"ENSG00000005812",-0.50515238957295,4.79965739361576,3.96816516734403e-05,0.000213309968688325
"ENSG00000141738",1.69191934784407,6.03993477499957,3.97630158715735e-05,0.000213706040663976
"ENSG00000278916",1.1409000719352,-1.41311900364765,3.9782097748438e-05,0.000213756644353986
"ENSG00000278153",1.56205471384406,-3.488684762556,3.9787802388113e-05,0.000213756644353986
"ENSG00000217027",-0.92616064224128,-2.09586430411975,3.97990264170744e-05,0.000213775651166105
"ENSG00000100906",-0.778394009621308,6.99630646651517,3.98204383164804e-05,0.000213849362984412
"ENSG00000185090",1.44161892486796,3.67089127369914,3.98846491958533e-05,0.000214152847120515
"ENSG00000016391",1.80244631112911,2.08336863222892,4.00245051495019e-05,0.000214862297186469
"ENSG00000204983",7.48700885382777,3.09006929952932,4.00336840178537e-05,0.000214870099110105
"ENSG00000164346",-0.537104686320531,5.60341013351781,4.00644035747612e-05,0.000214993489605409
"ENSG00000116857",0.658045303215931,6.09385147366578,4.01040954972553e-05,0.000215164970691582
"ENSG00000123545",-0.566582094355896,3.43078301871418,4.01187967849008e-05,0.000215202332686296
"ENSG00000072310",1.12895515131781,7.08986684454435,4.01486449645564e-05,0.00021532091446186
"ENSG00000100592",-0.705460895757434,4.80439128711229,4.04285032911804e-05,0.000216780019671795
"ENSG00000120451",-0.620042490646616,5.28489677610786,4.04697302541819e-05,0.000216959253577402
"ENSG00000121851",-0.545629648920393,3.66874853090085,4.05114972517959e-05,0.000217141312982116
"ENSG00000229757",2.5201997250044,-2.85394680124972,4.05948219728621e-05,0.000217546008387517
"ENSG00000224167",3.43034692248093,-1.76315647172313,4.07569537098023e-05,0.000218372790123431
"ENSG00000247095",1.4126908128087,2.91431200041353,4.08625156423902e-05,0.000218896214861672
"ENSG00000273899",0.718916083822039,2.57394416614951,4.10120839123866e-05,0.000219655129954787
"ENSG00000272079",2.39491547580709,0.224164797012466,4.10360940046695e-05,0.000219741409809756
"ENSG00000196696",1.08523021909269,2.37075083343098,4.1078340470815e-05,0.000219925290378206
"ENSG00000172361",1.38500533528249,0.568557697466138,4.10982403222822e-05,0.000219989483849814
"ENSG00000172789",3.55670299655361,-3.26753538875309,4.11655765571612e-05,0.000220307519873836
"ENSG00000230074",-1.11751656511456,-1.180170454709,4.12221001941768e-05,0.000220567578434136
"ENSG00000141562",0.713374150148461,5.73861763514183,4.1288927084822e-05,0.000220882656089662
"ENSG00000143815",-0.614559130807612,5.49408922855297,4.13076739758617e-05,0.000220940449286662
"ENSG00000235529",1.83771015310306,-2.46962472689081,4.13953518985072e-05,0.00022136683759915
"ENSG00000104953",2.16940664573978,2.15757038393409,4.14355515746186e-05,0.000221539214906741
"ENSG00000276691",1.64125858413902,-2.8712902868495,4.14638480361439e-05,0.00022162146046676
"ENSG00000172500",0.639747823075006,5.61513872722508,4.14668708973868e-05,0.00022162146046676
"ENSG00000168126",3.40639132248716,-4.06319748290326,4.15155227157569e-05,0.000221838853658664
"ENSG00000227308",2.25451569427303,-2.93229826585408,4.15431338945381e-05,0.000221943753939452
"ENSG00000266473",1.47869165030184,-2.50910669665957,4.16022284771437e-05,0.000222216781377914
"ENSG00000202441",1.03100470539504,-2.37823135531969,4.16268182880278e-05,0.00022230543338036
"ENSG00000271573",-2.19861773683713,-2.99312839304146,4.16533384651659e-05,0.000222404358366608
"ENSG00000165799",3.01537190644075,1.67603804356246,4.1726999808431e-05,0.000222754903199979
"ENSG00000100196",1.34571813102057,4.16457650711251,4.1779265716433e-05,0.0002229911182827
"ENSG00000128524",0.550435082160277,6.24903415000763,4.18601468473748e-05,0.000223337092704016
"ENSG00000060237",-0.613473545142779,6.72017789278961,4.2208460720511e-05,0.000225152266593704
"ENSG00000066056",-0.928605525772831,3.64104896580275,4.22330970439266e-05,0.000225240484771377
"ENSG00000254788",1.00812018824333,-1.91864613442474,4.2394206434568e-05,0.000226038725940662
"ENSG00000172818",-1.28673665095278,4.95769565489413,4.25141902820456e-05,0.000226609270662042
"ENSG00000173805",2.49961765495808,1.60033884104909,4.25382800930382e-05,0.000226694229589514
"ENSG00000161082",2.87347606943782,-0.796402800048335,4.26277205877347e-05,0.000227127354924649
"ENSG00000148541",-1.25227115361269,0.215835237322527,4.27162941878089e-05,0.000227555696273804
"ENSG00000273297",1.38428870295741,0.191684299077219,4.2765439629872e-05,0.000227712994150798
"ENSG00000280053",2.20333164660179,-3.82464853809732,4.27703140436462e-05,0.000227712994150798
"ENSG00000168505",3.23836204829172,-2.76938159446966,4.27703836854625e-05,0.000227712994150798
"ENSG00000170222",-0.541385740405612,2.027226571462,4.28695109996656e-05,0.000228189450108239
"ENSG00000196756",0.807304676739801,4.58891013279093,4.28762832583921e-05,0.000228189450108239
"ENSG00000096968",-0.877222542935391,3.40599108086595,4.29109356751994e-05,0.000228280757637368
"ENSG00000105699",1.07959563478782,7.70868013500823,4.29110313936526e-05,0.000228280757637368
"ENSG00000141012",0.784552488144516,4.43065949687302,4.29180628370113e-05,0.000228280757637368
"ENSG00000271659",1.52936252533441,-2.52961861332941,4.29701159311828e-05,0.000228496948211036
"ENSG00000105612",0.612697028736962,5.66234129366551,4.29751388232815e-05,0.000228496948211036
"ENSG00000158486",1.51705184462862,0.566204436121238,4.30358321349144e-05,0.000228775917272243
"ENSG00000273142",1.09361914713699,3.07361609018505,4.31250776469407e-05,0.000229206532504178
"ENSG00000229498",-1.71874336553737,-3.74245867124381,4.31562303918566e-05,0.000229328283509497
"ENSG00000183048",1.12292512739509,4.38468877446522,4.31701712917766e-05,0.000229358543292872
"ENSG00000110536",0.626950715103773,3.61822406724854,4.32008552768843e-05,0.000229477728765466
"ENSG00000278535",0.999271123566736,4.04687861850747,4.32944406406994e-05,0.000229930929451933
"ENSG00000120055",1.24320001713913,-0.458772387710755,4.33630421860754e-05,0.000230251296739465
"ENSG00000167543",0.851777484040517,5.26997138996529,4.34502744870803e-05,0.000230670449381402
"ENSG00000141449",2.96241214257359,0.770086083025609,4.34986995146362e-05,0.000230883459847438
"ENSG00000250735",3.52807475791641,-2.52421793269701,4.36563735128034e-05,0.00023167615274024
"ENSG00000235770",-1.39823640138033,-1.52469901995525,4.36825229252882e-05,0.000231770700137551
"ENSG00000160752",0.706110564111889,5.99164437239989,4.36998588522231e-05,0.00023181845780219
"ENSG00000261534",-1.04562393588741,0.751127568241881,4.37767752256136e-05,0.000232137931239274
"ENSG00000230359",0.954724525531559,-1.93453787801201,4.38761255550863e-05,0.000232577675458684
"ENSG00000272202",1.49562367966317,-3.12260898668465,4.38764269633522e-05,0.000232577675458684
"ENSG00000196976",0.861789266077163,4.21195001390496,4.39192048064321e-05,0.000232724073980815
"ENSG00000225177",1.04311216117261,1.16615373284337,4.39207803662064e-05,0.000232724073980815
"ENSG00000188566",0.639039353337632,3.42418300240493,4.39537358690813e-05,0.000232854334424144
"ENSG00000183527",0.763295675764629,4.49976739563145,4.3996626483143e-05,0.000233037168610866
"ENSG00000049656",0.752412538153003,6.77271962187734,4.40526092914734e-05,0.000233289265465299
"ENSG00000239498",2.61601846806911,-3.83994365038656,4.41618987146378e-05,0.000233823508271506
"ENSG00000015532",0.539364020114571,5.20331605964595,4.41757658140301e-05,0.000233852412368789
"ENSG00000270270",1.93817310233372,-3.35713915793099,4.43645603322911e-05,0.00023480713920495
"ENSG00000253395",2.11586705437329,-2.62974649835481,4.45967192275513e-05,0.000235990972579125
"ENSG00000205634",4.27212613566566,-3.16917156898329,4.47537809498353e-05,0.000236732010185959
"ENSG00000274427",1.33374150194846,-2.10535154589372,4.47676736333334e-05,0.000236760469055695
"ENSG00000112130",0.508184647497487,4.03647666629304,4.48867617562926e-05,0.00023734515299007
"ENSG00000251013",1.96309768390618,-2.77422845841308,4.49266045745585e-05,0.000237510673452232
"ENSG00000025039",-1.029015254205,3.35000026281625,4.49388599195759e-05,0.000237530313748226
"ENSG00000228084",0.852508545940685,-1.21453793327085,4.50048270176182e-05,0.00023783379324359
"ENSG00000176884",1.97510132197263,-0.739351273040149,4.51274413345283e-05,0.000238436460075463
"ENSG00000256087",1.74907821063914,4.40064493682214,4.52150890385407e-05,0.000238854182607584
"ENSG00000102837",-2.57609131179935,6.34863006388693,4.53181395610594e-05,0.000239336282011129
"ENSG00000240877",1.55067913335471,-2.80656702035764,4.53235608295624e-05,0.000239336282011129
"ENSG00000275342",1.0028824359155,4.05892682480271,4.53614669689814e-05,0.000239490979652293
"ENSG00000112039",0.896712680602749,3.37642312112767,4.5469319193504e-05,0.000240014836729726
"ENSG00000228889",0.991073109825388,0.193046860753946,4.57060923246499e-05,0.000241218889150947
"ENSG00000178996",-0.613069419367952,4.23758202860194,4.58698197462403e-05,0.000242037051148204
"ENSG00000183674",4.33196033691371,-2.60663326718813,4.59499888126935e-05,0.000242414081723719
"ENSG00000127337",1.27596341331423,4.16463311609153,4.59994140650844e-05,0.000242620575662964
"ENSG00000226849",1.07327233317311,-2.26730990378485,4.60065766384955e-05,0.000242620575662964
"ENSG00000185261",-0.792359416111807,-0.451509955745085,4.60720851759131e-05,0.00024291998199008
"ENSG00000173391",2.7748934222804,4.17601060973933,4.63326378741046e-05,0.000244247471037239
"ENSG00000129988",4.21210394204703,1.19657246350627,4.63574548040543e-05,0.00024433198606503
"ENSG00000113722",3.34851552512168,-0.39616238932816,4.64947234639457e-05,0.000245009045794377
"ENSG00000171135",0.657591615470413,5.01150508710859,4.67074774648025e-05,0.00024606482399794
"ENSG00000104356",0.801829646659607,3.01860095075077,4.67127699532277e-05,0.00024606482399794
"ENSG00000256433",1.09271038291944,0.693986655660286,4.67986137103097e-05,0.000246392058556448
"ENSG00000130787",0.846014122670878,5.89889507099594,4.68014685705863e-05,0.000246392058556448
"ENSG00000185055",1.03642081818422,-1.19869738515173,4.68818256433485e-05,0.000246768398300237
"ENSG00000168216",-0.559481643019371,5.04879492564392,4.69152376497511e-05,0.000246860888936032
"ENSG00000147955",0.761503435616943,5.90846109608316,4.69171487763228e-05,0.000246860888936032
"ENSG00000186847",4.98998617189414,9.52412800872101,4.70245589870831e-05,0.00024737924325851
"ENSG00000169372",-0.545211288031866,2.41974960070169,4.70750714230202e-05,0.000247598139464535
"ENSG00000102743",0.829170358730552,1.73367207815524,4.73500286444031e-05,0.000248950160054212
"ENSG00000228962",-1.61189026888107,-2.78761972586087,4.73716949037461e-05,0.000249017000634642
"ENSG00000166401",-0.834446165339408,3.5477323353432,4.74102983919699e-05,0.000249172832421742
"ENSG00000165152",-1.34693868918435,3.00204314116853,4.74363692070832e-05,0.000249262750190177
"ENSG00000279459",2.14955781517226,-3.63479237844359,4.76310457629561e-05,0.000250238435172855
"ENSG00000117308",0.86562021937008,5.68041147441698,4.77837351287179e-05,0.000250993205880081
"ENSG00000162620",1.11522443202063,-0.738462847534797,4.78306479877088e-05,0.000251192185136357
"ENSG00000270012",0.973917287149157,0.513534741261893,4.78415289201482e-05,0.000251201896140473
"ENSG00000231131",5.51722296843869,-1.44009313218796,4.78831795242797e-05,0.000251341015512144
"ENSG00000078053",-1.34851337524992,0.292608858916107,4.78860979110075e-05,0.000251341015512144
"ENSG00000269374",-0.757593129689037,-1.31312569261665,4.79767870385755e-05,0.000251769505264887
"ENSG00000256043",-0.794569312008598,4.13227912284614,4.7994865662316e-05,0.00025181686449085
"ENSG00000273786",1.95827321252397,-3.47158468512944,4.85854992618063e-05,0.000254819628694818
"ENSG00000205143",1.88434422880004,-3.19980142806146,4.86486797205332e-05,0.000255102890095624
"ENSG00000143376",-0.513877481228325,5.07684541043465,4.86916410213123e-05,0.000255280039910605
"ENSG00000164175",2.86475336622624,-1.86800760429309,4.87491798812978e-05,0.000255533535627315
"ENSG00000197694",-0.569474250717299,7.50619484971636,4.88850394865766e-05,0.000256197400271369
"ENSG00000107984",-1.74480556262173,4.85272747115894,4.90001327982965e-05,0.000256752202999062
"ENSG00000240854",0.65362794309941,-0.984861462626302,4.9180769694685e-05,0.000257650169055995
"ENSG00000261456",2.06879394019351,-1.49980185153781,4.92498991912654e-05,0.000257963737515379
"ENSG00000274020",0.969868716136139,1.62328486202353,4.94193569234349e-05,0.000258802593506212
"ENSG00000223849",-0.986319471863615,-2.83073936484004,4.94820167599384e-05,0.000259069456628828
"ENSG00000167680",-0.91654333870898,3.30555644510086,4.94889448484149e-05,0.000259069456628828
"ENSG00000268941",3.29670288273956,-1.20145053119373,4.96190902805991e-05,0.000259701873913117
"ENSG00000005801",0.735036366508207,4.07756564849329,4.96921548339676e-05,0.000260035353226179
"ENSG00000144214",1.18843157403662,-0.278456171610792,4.97283947266526e-05,0.000260176042613316
"ENSG00000198353",2.22558538883002,1.30529351751898,5.00308690140652e-05,0.000261696230454831
"ENSG00000101198",2.66215318241217,-1.06670549901672,5.00783261104679e-05,0.000261859087067201
"ENSG00000077092",-1.23086624533596,2.46809121135317,5.02228415873427e-05,0.000262565393433978
"ENSG00000271947",1.99484932863588,-2.9351593412499,5.02955526933007e-05,0.000262896111080393
"ENSG00000196363",0.637579465032919,5.27164004930116,5.04231469306244e-05,0.000263513526039356
"ENSG00000230319",-0.815181798134344,-2.28139603413475,5.04847332848572e-05,0.000263785813798935
"ENSG00000213799",0.634879008735353,2.70026565202857,5.05802427824738e-05,0.000264235216474257
"ENSG00000234537",2.49086810213518,-3.06450092565359,5.07275035349651e-05,0.000264954752266288
"ENSG00000225535",1.32137805955954,-2.39175507307428,5.10354187992541e-05,0.000266462944070519
"ENSG00000166145",1.14448252551352,7.97506593382634,5.10495688600821e-05,0.00026648679780508
"ENSG00000197329",-0.693825849427541,4.64911209070014,5.11506755893192e-05,0.000266964484925077
"ENSG00000273838",3.61551563005413,-4.22583388270797,5.11782647089459e-05,0.000267058363292666
"ENSG00000228677",1.71670099404709,-3.04974450613901,5.12058251222112e-05,0.000267152056673056
"ENSG00000144749",-1.27613964310502,4.01024707305115,5.14044373726067e-05,0.000268137962611461
"ENSG00000122574",-1.31574600214061,1.51002721033351,5.16152248801147e-05,0.000269184059927182
"ENSG00000148362",0.834753700318323,4.91031798720572,5.16243402600074e-05,0.000269184059927182
"ENSG00000131188",1.18307061394607,1.72422902851172,5.17708098075074e-05,0.000269897194597226
"ENSG00000172458",-1.06194414292883,0.503980548166126,5.20377586275375e-05,0.000271238039862763
"ENSG00000237429",-1.28717731121568,-3.42029030418421,5.21604442592519e-05,0.000271826576013223
"ENSG00000116221",0.659336165528671,5.92312916356419,5.24756291637706e-05,0.000273417885712243
"ENSG00000138621",0.629407123697683,3.22410818801785,5.25771648510031e-05,0.000273895614534735
"ENSG00000203993",0.628885327113532,2.97233560641631,5.27748815791738e-05,0.000274874116359843
"ENSG00000227964",3.07175226475793,-3.63548615536335,5.28019209299126e-05,0.000274963457559195
"ENSG00000198300",-1.77381653460877,1.89897340571744,5.28765444665621e-05,0.000275300511278265
"ENSG00000196378",-0.561576692070277,2.03182214401242,5.29360730035821e-05,0.000275558861772156
"ENSG00000243137",5.24558369196131,1.28046898300885,5.2978598959752e-05,0.000275728625162347
"ENSG00000269534",1.36133435764046,-3.14638273714556,5.3199785987217e-05,0.000276827997691762
"ENSG00000235044",1.31673431339276,-2.78316563153459,5.32899088388386e-05,0.000277245086893868
"ENSG00000171425",0.709755550305596,4.01708490694754,5.33080870711136e-05,0.000277287792352512
"ENSG00000126106",0.724158193863763,3.39030403428687,5.3347451616313e-05,0.00027744066413697
"ENSG00000248265",1.90391495045829,-1.4884863986988,5.34649010448578e-05,0.000277999493879348
"ENSG00000147202",-0.815671942835703,4.092205941588,5.36543785140714e-05,0.000278880439097714
"ENSG00000239122",1.72485460662442,-3.29842162287843,5.36911685041768e-05,0.000279019519732188
"ENSG00000229896",2.15674721322341,-2.91399897181905,5.43053686250398e-05,0.000282158643296886
"ENSG00000109680",-0.540836991407676,1.71464481621116,5.43636668565135e-05,0.000282371949147218
"ENSG00000116489",0.501126512925173,7.00382207823413,5.43667273463255e-05,0.000282371949147218
"ENSG00000272913",1.28468389374098,1.43418428425547,5.46814727153996e-05,0.00028395365956561
"ENSG00000234722",6.18464845360292,0.345357337608796,5.48296447895569e-05,0.000284669947831239
"ENSG00000240793",-1.15289504288256,-2.33900340550873,5.49350569447193e-05,0.000285110792835133
"ENSG00000243479",2.48790106228065,0.394323147847448,5.51410441789425e-05,0.00028607309489814
"ENSG00000231483",2.65386742640444,-0.659784724569151,5.52242977012075e-05,0.000286451583730638
"ENSG00000168065",5.05120756827028,-0.242893248635521,5.52881635817143e-05,0.000286729385362338
"ENSG00000166557",0.712736585690768,6.77484684579007,5.53287103081212e-05,0.000286886170730756
"ENSG00000250365",0.872564449875569,-2.09510415858158,5.54965456694892e-05,0.000287702781864958
"ENSG00000270225",-1.6578797921488,-1.02063156168997,5.55098728674093e-05,0.000287718243395687
"ENSG00000221491",2.81897826387528,-2.90784795941103,5.56313268291746e-05,0.000288294036351748
"ENSG00000144034",0.530010623710035,4.09009222753572,5.56427428021638e-05,0.000288299479425593
"ENSG00000163884",-1.34965099559916,1.84825506668492,5.57611339097933e-05,0.000288859083150136
"ENSG00000008294",-0.596523347475937,5.9582686368077,5.57887321602207e-05,0.000288948232322573
"ENSG00000237643",5.39375943290597,0.186747527733656,5.59114134447248e-05,0.000289529722982337
"ENSG00000130748",1.06179532777549,2.79233790520778,5.59974515569881e-05,0.000289867321822913
"ENSG00000151778",-1.15447705788747,0.126609002277891,5.61525894713309e-05,0.000290616295304452
"ENSG00000100911",0.899390249566491,7.03018760193674,5.62183363061407e-05,0.00029090243491771
"ENSG00000215458",2.19368647804934,4.07785019165115,5.62939152437358e-05,0.000291239334946805
"ENSG00000260083",0.722866771062015,0.379600611434298,5.63412350740747e-05,0.000291429936975124
"ENSG00000166526",0.544585944933464,4.53274340943379,5.65107354877921e-05,0.000292252340297873
"ENSG00000105499",-1.14944605474977,1.77973262409813,5.65373619828712e-05,0.000292335684853987
"ENSG00000197273",5.91970120785455,1.59628441110655,5.66731206950327e-05,0.000292983179533633
"ENSG00000249141",1.54408512699675,-1.49267450194448,5.6736389625172e-05,0.000293255752582217
"ENSG00000111669",0.6930657486289,8.83177667709857,5.6765926267318e-05,0.000293353903246547
"ENSG00000187151",-2.2849167638663,-2.76685202237741,5.68927621629334e-05,0.000293954745316305
"ENSG00000100276",1.87499227603912,0.593664155795561,5.69411569382446e-05,0.000294140180190044
"ENSG00000255036",-1.26682263563736,-3.63984639349301,5.69498029814615e-05,0.000294140180190044
"ENSG00000112667",0.816317788220906,4.565378614877,5.7050225409147e-05,0.000294604143948126
"ENSG00000181754",-0.806035905799934,2.29874645090133,5.71128138505738e-05,0.000294872599150921
"ENSG00000126768",0.639137773403813,5.2679423582059,5.71476158616432e-05,0.000294997520408293
"ENSG00000150093",-0.810020519307641,7.58169109465454,5.75233258511018e-05,0.000296881844850008
"ENSG00000133316",0.601532076790091,4.61665558711916,5.7552896323503e-05,0.000296979351659664
"ENSG00000162910",0.654323659259059,4.85015155195794,5.76389807131758e-05,0.000297368386305984
"ENSG00000267166",2.93411729032433,-1.84584520646008,5.77099075545787e-05,0.000297679091026613
"ENSG00000172889",-0.954472513969413,4.29620045808804,5.80337881137625e-05,0.000299294223773053
"ENSG00000166920",2.27846603742118,4.8000425744983,5.82267182093215e-05,0.000300233539776763
"ENSG00000106086",0.614441500108215,3.47923345372421,5.83436721880552e-05,0.000300780825684222
"ENSG00000042753",0.742932658724131,6.26523521044191,5.83812999352873e-05,0.0003009190317087
"ENSG00000251175",1.78267432822414,-3.62887129456974,5.84218790977889e-05,0.000301072396395553
"ENSG00000197748",1.30577697802269,-0.741518367562801,5.85267625803904e-05,0.000301557029945979
"ENSG00000104979",0.66994907037783,6.09857888337608,5.88959551820402e-05,0.000303346889162608
"ENSG00000076770",-0.982242157399525,4.59272323285716,5.89356514810479e-05,0.000303495144351488
"ENSG00000224389",-1.53613624980847,2.34545272705356,5.8958838915425e-05,0.000303558346307796
"ENSG00000261039",3.19312003180887,-1.39499113234467,5.92023775194777e-05,0.000304755825643019
"ENSG00000279278",1.29950744979831,-0.332222820255089,5.93029413323703e-05,0.000305217007268175
"ENSG00000113273",-0.647485391002828,3.21925969833707,5.93199395775833e-05,0.000305248007302743
"ENSG00000224468",-1.15113291436178,-2.74639474108065,5.95409494078304e-05,0.000306271948562971
"ENSG00000226352",1.10995900428368,-1.6465646464109,5.95877652540931e-05,0.000306456086355786
"ENSG00000278888",1.54642367185431,-2.51330785480106,5.96235431722811e-05,0.000306583399195906
"ENSG00000152240",0.741709382681313,3.89276484571511,5.97809092938758e-05,0.00030733575419419
"ENSG00000102309",0.616847485061449,3.8766992426665,5.99974215415859e-05,0.000308358006250069
"ENSG00000247982",-1.24099130384944,1.0781356015821,6.00019246332785e-05,0.000308358006250069
"ENSG00000168894",0.594684663440456,5.75836670283296,6.00257138875595e-05,0.000308371297045706
"ENSG00000165637",-0.570322880689156,5.55571203848216,6.00349543084067e-05,0.000308371297045706
"ENSG00000165949",2.12179631009441,7.90748936948345,6.00377727502427e-05,0.000308371297045706
"ENSG00000166171",0.747604050126763,3.64039331447278,6.01471075210357e-05,0.00030887583114523
"ENSG00000189410",2.99264655331431,0.809516095584203,6.01584508181258e-05,0.000308877052354538
"ENSG00000119283",2.29808144554638,-2.5720129291782,6.02255993582673e-05,0.000309164746207362
"ENSG00000105778",0.573190897798112,5.26273138002375,6.02468857835412e-05,0.000309216946724051
"ENSG00000261448",-1.47881088123194,-2.9705052284173,6.03151022185777e-05,0.000309509951661495
"ENSG00000027847",0.572426869909229,4.62708785068375,6.06698477062386e-05,0.000311272915376059
"ENSG00000261408",1.05809953646622,0.678692441104981,6.08132219490693e-05,0.000311842710871646
"ENSG00000130429",0.817013177108077,7.17498757191165,6.08133440364086e-05,0.000311842710871646
"ENSG00000259330",-0.677759254184021,2.90688163961955,6.10169086464895e-05,0.00031282272445803
"ENSG00000168610",-0.563710925135426,7.0667275107772,6.10337286031719e-05,0.000312851288912647
"ENSG00000227825",-1.23082295629293,-1.67421023825913,6.10659597405648e-05,0.000312958824076715
"ENSG00000236546",2.47395141635727,-1.3222990662701,6.10905744110887e-05,0.000312976967953895
"ENSG00000239911",-1.2832775052968,-0.68142527891819,6.10920058613488e-05,0.000312976967953895
"ENSG00000162302",0.797227166818619,5.67283122715225,6.12816019688388e-05,0.00031389045958735
"ENSG00000197948",0.690428418467757,4.43128592435208,6.13876269422894e-05,0.000314375633980095
"ENSG00000275468",1.45501788137544,-3.1369746730955,6.14244017838241e-05,0.000314496987818354
"ENSG00000126001",0.674081100048029,5.49650494647937,6.14343801374469e-05,0.000314496987818354
"ENSG00000244556",1.91976540908517,-2.4174128914261,6.14452461728304e-05,0.000314496987818354
"ENSG00000064490",0.678277474081595,5.21601940335535,6.17994468573568e-05,0.000316251704773444
"ENSG00000176732",1.01589778838335,-0.731397726828892,6.19659234000265e-05,0.000317045295718347
"ENSG00000223773",0.874568468493393,2.02706510550138,6.25292763309109e-05,0.00031986881783918
"ENSG00000137434",1.5076458333979,-0.357901362952962,6.25409545693283e-05,0.000319869725898626
"ENSG00000213928",0.980907641361976,2.49567641867452,6.25768105701352e-05,0.000319994269606025
"ENSG00000184831",0.640366833756159,3.14192448152888,6.260450954521e-05,0.000320077063231788
"ENSG00000234476",-1.91899743152622,-2.27758184434321,6.26628963742505e-05,0.000320316694882748
"ENSG00000260577",1.50209427816695,-1.17618953628946,6.28432879233913e-05,0.000321179780781566
"ENSG00000233438",1.48460300890684,-2.47808507064421,6.28932512493888e-05,0.000321376078816691
"ENSG00000179886",0.66714741755971,3.62045757641447,6.31609210965535e-05,0.00032268455151698
"ENSG00000272677",0.965653557811527,-1.55075662011939,6.32562053359723e-05,0.000323111999818071
"ENSG00000124134",2.50501722324942,0.942343390717195,6.33427334496111e-05,0.000323494573160858
"ENSG00000116035",2.15342349433942,-0.0308715498950603,6.37873820906867e-05,0.000325705610076789
"ENSG00000124493",3.21641389116252,-0.425856900493987,6.38445135411328e-05,0.000325937491762027
"ENSG00000157227",1.06752709251785,8.58799052757536,6.38652731184142e-05,0.000325983637592669
"ENSG00000196646",-0.509046550998654,2.5286414779033,6.38900717468128e-05,0.000326046569000734
"ENSG00000185247",4.57631507202169,1.30863672008898,6.39010479855824e-05,0.000326046569000734
"ENSG00000160460",-1.3891152990802,0.583314367906262,6.41042429295752e-05,0.000327023350807094
"ENSG00000228434",0.975867512468543,-2.17255223320498,6.41872102707955e-05,0.000327326527184018
"ENSG00000251503",0.853097097379372,-0.832170011088639,6.42093469769152e-05,0.000327357823811563
"ENSG00000197927",0.906143263637414,1.44313568996222,6.42168873086646e-05,0.000327357823811563
"ENSG00000172939",-0.520989844066758,5.63276531000273,6.43709862964805e-05,0.000328083240216971
"ENSG00000245970",0.948814885487095,2.0470567834063,6.43982055410202e-05,0.000328161834135653
"ENSG00000132432",1.164492022202,5.92972015931154,6.44225320159796e-05,0.000328225660919663
"ENSG00000277511",1.33104281395917,-1.00540984191313,6.4716385014812e-05,0.000329662420589188
"ENSG00000164323",-0.565076773599236,4.38720513197195,6.47789197561627e-05,0.000329882089281619
"ENSG00000115935",-1.00173809198633,4.78159826821005,6.4783229844181e-05,0.000329882089281619
"ENSG00000272716",1.04146088261836,-2.10964599175083,6.48571176908634e-05,0.000330197879248761
"ENSG00000272277",1.15647584456826,-1.28220495847482,6.49124969597427e-05,0.000330419340765249
"ENSG00000179119",-0.505984074127634,4.20291609778122,6.49355066024449e-05,0.000330475982641134
"ENSG00000159723",1.71273585337892,-3.55052652074315,6.49619650186701e-05,0.000330550152408392
"ENSG00000183773",2.06753255991981,3.1015751057095,6.49861476670846e-05,0.000330562990483332
"ENSG00000275560",1.17169457818493,-1.49907037681275,6.49882584389623e-05,0.000330562990483332
"ENSG00000112238",5.03181509116992,-2.44431417965083,6.52542999558248e-05,0.000331855521058943
"ENSG00000106948",-0.75973991938874,4.49949096447723,6.5405119053107e-05,0.000332561714117745
"ENSG00000240280",3.6058716560013,0.335975228539663,6.54280906762569e-05,0.000332583073825249
"ENSG00000106397",0.744625723722671,5.98311723047695,6.54332355363234e-05,0.000332583073825249
"ENSG00000206573",0.850885890597286,3.53628089174559,6.55294603994695e-05,0.000333011306795258
"ENSG00000187815",0.67246283783098,2.14621161405001,6.5797601368616e-05,0.000334312876665202
"ENSG00000084676",-0.543722196665459,5.25665882515872,6.59937161949328e-05,0.000335186856926528
"ENSG00000169248",3.33451640127364,4.11816577674292,6.61433058257039e-05,0.000335885295769637
"ENSG00000198346",1.09355157770584,2.97523216787103,6.61911165286402e-05,0.000336066725814361
"ENSG00000144485",2.07035730879391,3.24287940673317,6.62279823653147e-05,0.000336192530302336
"ENSG00000165650",-0.581056107399125,4.2723289246667,6.62716862301082e-05,0.000336352994364599
"ENSG00000224261",-0.861999113053643,-2.51653823003319,6.63337477616132e-05,0.000336606554733397
"ENSG00000278053",0.523263522070887,4.97936458083846,6.64138703446307e-05,0.000336921238399601
"ENSG00000044446",0.727989883836944,4.66154545598803,6.64277521942995e-05,0.000336921238399601
"ENSG00000232653",-1.0083394767392,-0.788736471358156,6.64321026636254e-05,0.000336921238399601
"ENSG00000226252",-1.25006742987464,-3.52931487628096,6.65871322822381e-05,0.000337645927104081
"ENSG00000187185",2.55294510665301,-0.588932360125529,6.66277162697457e-05,0.000337790133541822
"ENSG00000116001",0.675559386602814,5.95724683590775,6.66477937271168e-05,0.000337830342068945
"ENSG00000184925",2.15227012530751,-0.0994006504213768,6.68475380792585e-05,0.000338781081741694
"ENSG00000269275",1.68453646391117,-3.02553573696328,6.68900360112679e-05,0.000338934700597813
"ENSG00000170473",0.644405628776522,5.00411714233479,6.71214995852387e-05,0.000339983658343516
"ENSG00000134049",0.53542619070658,5.12975725167374,6.71455879654464e-05,0.000340043743278034
"ENSG00000183347",-1.8955526118429,3.06730609103163,6.71582364022852e-05,0.00034004588185996
"ENSG00000236810",0.728774319990036,-0.0757909550194166,6.72290218958819e-05,0.000340342334544988
"ENSG00000099622",-0.611718875610346,7.21676663119951,6.73601181937274e-05,0.000340943943097751
"ENSG00000273117",1.15454847360694,0.518384290687487,6.74086739421624e-05,0.000341127628885255
"ENSG00000264608",1.23467322019775,-0.419290333444643,6.76895023471106e-05,0.000342486470580351
"ENSG00000107789",0.606154095183064,3.65185125790967,6.78156518901628e-05,0.000343062336489832
"ENSG00000272807",0.856444886148299,-0.390158287446112,6.78911069054732e-05,0.000343381588718299
"ENSG00000136943",2.47937323303435,3.84595149482102,6.804600790205e-05,0.000344102475959949
"ENSG00000261663",0.909656624780564,-0.257450618958177,6.82482508757058e-05,0.000345062461662608
"ENSG00000157306",1.08557725905596,-0.230893132778086,6.84624806626793e-05,0.000346082692597437
"ENSG00000060491",0.627650090859735,5.65651946271577,6.85778939281196e-05,0.000346603118993783
"ENSG00000079482",-0.739224397632921,2.15116629405779,6.85960956502414e-05,0.000346632123604681
"ENSG00000159403",-1.15943317032452,7.71739714458825,6.86208233552475e-05,0.000346694089006267
"ENSG00000188269",3.40678262611855,-3.32050247117536,6.88032115296648e-05,0.000347552437754189
"ENSG00000074276",1.83457709805083,-1.38208722570522,6.88476253533601e-05,0.000347713637906846
"ENSG00000238107",3.7534879927614,-2.85265589011931,6.89787996663422e-05,0.000348312882193169
"ENSG00000182175",-1.51067627146984,2.2141090916184,6.90819565270103e-05,0.000348747665686221
"ENSG00000230910",-1.94132320253566,-1.87684464207244,6.90899808697759e-05,0.000348747665686221
"ENSG00000243155",1.10891437394747,0.197751417598644,6.92191412672335e-05,0.000349336232274645
"ENSG00000254548",2.15906849640889,-1.49736447277889,6.9302858904837e-05,0.000349695285689447
"ENSG00000185621",0.670489898029685,3.16166080206037,6.94480643167323e-05,0.000350364413720529
"ENSG00000275964",0.819800866175488,1.37604839286041,6.9633636195662e-05,0.000351173222757923
"ENSG00000264513",2.49796492408739,-2.20299354963895,6.96946479271762e-05,0.00035135349697273
"ENSG00000230882",-1.34938574027804,-0.259689376952812,6.97106378514358e-05,0.000351370418731784
"ENSG00000236081",2.89104019511303,0.0775095760453459,6.98337313845176e-05,0.000351927082985611
"ENSG00000228079",-1.17120512744225,-3.82568485259071,6.99467615890045e-05,0.000352432840593294
"ENSG00000026036",0.867607094950083,1.12424253632371,7.01572516156546e-05,0.0003534293858334
"ENSG00000134940",1.26271805758465,-1.53002459814292,7.01800466845577e-05,0.000353480195298371
"ENSG00000271013",2.20587332176521,-2.34617593851857,7.01950375978675e-05,0.000353491685806534
"ENSG00000264456",1.04351833942677,-0.132930070649391,7.05321832954355e-05,0.000354996672818666
"ENSG00000157322",2.57376153909649,-1.65504450345874,7.10013482300993e-05,0.000357239760367603
"ENSG00000249572",1.13727948957098,-1.17525317635186,7.10035377453748e-05,0.000357239760367603
"ENSG00000237879",-1.38535253570936,-3.95563432238624,7.10666938506837e-05,0.000357428201820807
"ENSG00000089091",0.784755247166885,1.55624946996115,7.14893225221355e-05,0.000359488795391096
"ENSG00000259172",1.37978058321464,-1.13174371064754,7.17132303532675e-05,0.000360515682721326
"ENSG00000263990",1.15331072971411,-1.75317876206483,7.17194575377377e-05,0.000360515682721326
"ENSG00000256546",-1.3960069303019,-0.46362264846316,7.18508586951944e-05,0.000361045696998996
"ENSG00000187800",-0.795431314643991,2.05570783938242,7.19118838207592e-05,0.000361287070936917
"ENSG00000100167",2.26587337542039,2.52270678133558,7.19435423127943e-05,0.000361380845646694
"ENSG00000269388",1.49357743294877,-1.09024524048787,7.22759917347733e-05,0.000362985221762234
"ENSG00000231439",2.00507795291393,-0.903915742393662,7.23100228448356e-05,0.000363090569666621
"ENSG00000272128",1.66210714298326,-2.53949234207909,7.24015378077871e-05,0.00036341887223389
"ENSG00000125977",0.573063130814383,6.45759919966708,7.25611629254775e-05,0.000364080958171095
"ENSG00000105501",3.70949990832738,1.67894427774749,7.25670291645414e-05,0.000364080958171095
"ENSG00000158169",0.806881162973434,3.2406181473961,7.25727117571118e-05,0.000364080958171095
"ENSG00000164512",-1.41760631170275,-2.8635553317982,7.26957906174386e-05,0.00036456689946679
"ENSG00000185482",1.01322468586407,1.89147812222322,7.27146994288778e-05,0.00036459598615745
"ENSG00000088832",0.527656058637284,7.56807543669969,7.27444882346716e-05,0.000364679605492235
"ENSG00000123064",0.51413706180336,6.14193998068544,7.27754625047887e-05,0.000364769136537338
"ENSG00000074047",-1.38606972922527,1.27932188485361,7.29752181701063e-05,0.000365704458191922
"ENSG00000269899",1.15492224792455,-0.26489032041603,7.31246355144959e-05,0.000366387225286376
"ENSG00000111711",0.583779096721478,5.00803130231499,7.31647325154048e-05,0.000366522101125892
"ENSG00000177565",0.697992551732129,6.9337966700109,7.32106132284746e-05,0.000366685896942835
"ENSG00000278112",1.07649949025518,-2.06820568139529,7.32610167089125e-05,0.000366872282629634
"ENSG00000180891",-0.759467945759393,4.74296207761363,7.32848744275226e-05,0.000366925690810565
"ENSG00000198393",0.664320753766419,3.49083901007642,7.33505924715225e-05,0.00036718863002348
"ENSG00000160767",0.648328579457225,5.21509905767035,7.34129496178188e-05,0.000367434653179844
"ENSG00000281026",1.04277080786184,0.729160221011489,7.37783224641015e-05,0.000369196920240024
"ENSG00000163453",-0.877481532089807,7.54118893969975,7.39143525238084e-05,0.000369811096734068
"ENSG00000273335",3.6192261164093,2.4804031181212,7.39839637074596e-05,0.000370092802625103
"ENSG00000078900",1.87612851780899,2.83543351863054,7.40829443675513e-05,0.000370519035037103
"ENSG00000239791",1.67111448982969,-3.57685032309328,7.40958139314841e-05,0.000370519035037103
"ENSG00000229833",0.852555115111723,4.42156211695387,7.41455308119743e-05,0.000370700997388719
"ENSG00000102753",-0.677768111740902,4.97133657179367,7.41914478320394e-05,0.000370863899811738
"ENSG00000197421",3.90142302458155,-2.27367144945664,7.42091758099026e-05,0.0003708858592634
"ENSG00000215866",3.91680305986856,-0.160242725528144,7.44403719514728e-05,0.000371974499656183
"ENSG00000232119",0.546997860704029,4.67819448400948,7.44967723789538e-05,0.0003721894611417
"ENSG00000213339",0.736777019459802,5.10447610236541,7.46751054508718e-05,0.000372969691236246
"ENSG00000244932",1.10582802825757,-1.3216796077874,7.46931715451727e-05,0.000372969691236246
"ENSG00000164032",0.694127397446449,7.40269291037789,7.49011916480409e-05,0.000373941275050613
"ENSG00000164442",-0.805370247385062,5.12238137865609,7.49733761527051e-05,0.000374234477913709
"ENSG00000234715",-2.23145684928688,-2.47719401617205,7.50268861588496e-05,0.000374434377307749
"ENSG00000130768",1.78916067598441,2.79869090059252,7.50601988409091e-05,0.000374533424894547
"ENSG00000070814",0.59025415903277,6.0020436688326,7.52512586204172e-05,0.000375419418118325
"ENSG00000229816",1.22834280742672,-2.1336255590999,7.54497934839306e-05,0.000376250672331674
"ENSG00000237234",-1.48224087662345,-3.22369792819438,7.54584636776356e-05,0.000376250672331674
"ENSG00000263740",4.63116754177012,1.04320342779083,7.5488948198848e-05,0.000376335206355003
"ENSG00000186714",1.28990041388764,-0.876557969513182,7.55414124420889e-05,0.000376452030516002
"ENSG00000151233",0.633921831732456,3.88668793083694,7.55521283020785e-05,0.000376452030516002
"ENSG00000130711",1.71320157853579,-3.03666335033032,7.55529872484206e-05,0.000376452030516002
"ENSG00000244734",-1.46470783358019,3.72697789560616,7.56025618455335e-05,0.000376631569516357
"ENSG00000212443",4.25120614436867,0.196330390598388,7.57263909644517e-05,0.000377180893963878
"ENSG00000172005",-1.91369361581882,5.22163736185798,7.57631650896223e-05,0.000377296492504506
"ENSG00000159761",-0.814068817321632,0.573524506441958,7.58289138515543e-05,0.000377556315960129
"ENSG00000101311",1.23699865741679,5.6638735580394,7.60941113494955e-05,0.000378808934842227
"ENSG00000260476",3.55800922607316,-2.42072224802526,7.61762374221095e-05,0.000379149908987318
"ENSG00000125788",3.52871635780105,-1.46731542591672,7.6327766528288e-05,0.000379836137135672
"ENSG00000143436",0.607063148106955,5.16136650388802,7.63519398615649e-05,0.000379888462141271
"ENSG00000261072",3.9247266444625,-3.54181388235413,7.66666510079079e-05,0.000381317876338152
"ENSG00000267919",2.93431462258363,-3.2782422658432,7.68112945418876e-05,0.000381968985355537
"ENSG00000158122",-0.887331738625395,2.92354404622577,7.72613445735359e-05,0.000384138322599885
"ENSG00000164049",2.05199415728032,-1.65329105106435,7.73064541059313e-05,0.00038422523374701
"ENSG00000197283",-0.549952646113562,3.49398598944398,7.74243768394616e-05,0.000384742575135956
"ENSG00000148702",4.79378500291827,-0.611099734445598,7.75059786018076e-05,0.00038507927525046
"ENSG00000275367",-1.28963037335119,-1.32702599675454,7.77126568873824e-05,0.000386037171996565
"ENSG00000249776",-1.94168728197589,-4.26417003681173,7.77460734244456e-05,0.000386134203598947
"ENSG00000075618",1.45781870252556,7.74967874871124,7.7888303100729e-05,0.000386771536179357
"ENSG00000255112",-0.533738191871419,5.65253341786402,7.79527203506048e-05,0.000387022315442944
"ENSG00000177234",3.35146570950395,-2.18132689375171,7.80849845979924e-05,0.000387596847438982
"ENSG00000274750",1.55965601249475,-0.949054568519768,7.8096312265777e-05,0.000387596847438982
"ENSG00000113248",-1.10325103453347,1.17132681385111,7.8460869107612e-05,0.000389267240900823
"ENSG00000255328",-1.37933963959934,-3.52923255377814,7.86026342735187e-05,0.000389901028544565
"ENSG00000185897",-1.63861848347365,-3.94621902087426,7.86975157674788e-05,0.000390232484585646
"ENSG00000239322",2.98699673945118,-3.86627939427232,7.87438867251089e-05,0.000390335106407585
"ENSG00000167642",1.03360297579899,8.96119835881237,7.87462798710302e-05,0.000390335106407585
"ENSG00000212237",2.74871306452807,-3.15808978282312,7.88056513979997e-05,0.000390559797279502
"ENSG00000178896",0.884041715690061,4.57971011067616,7.88496306633474e-05,0.000390708137829981
"ENSG00000185825",0.645125576497872,8.25835319492864,7.91263761938953e-05,0.000391939786479218
"ENSG00000183690",-1.48767004017424,-0.680708744502775,7.93834613986552e-05,0.000393143200121224
"ENSG00000123999",2.3116735214036,0.255023499517015,7.94749634966479e-05,0.000393526288006457
"ENSG00000105373",-0.672708687643857,7.84851718080434,7.94898674565798e-05,0.000393530025555332
"ENSG00000259594",3.75099941316325,-2.62027423339301,7.95303094101643e-05,0.000393660170070279
"ENSG00000256304",-1.07276959792271,-1.10877487026276,8.0028563118124e-05,0.000396055947687613
"ENSG00000129347",0.527768181042924,5.16643805054226,8.00614349302394e-05,0.000396135913004414
"ENSG00000163006",0.787352507253155,2.23749013351924,8.00732068784675e-05,0.000396135913004414
"ENSG00000260259",0.956964040114183,-2.12417776514435,8.03085618309196e-05,0.000397229598115484
"ENSG00000187049",0.606566172363272,3.68906342891247,8.03496463085376e-05,0.000397362146653513
"ENSG00000227986",1.17272040199631,-0.150403290692149,8.04142562157663e-05,0.000397610970334064
"ENSG00000100478",-0.55788322176322,2.28445824324664,8.0632266893963e-05,0.000398476410647085
"ENSG00000226609",1.75739232766224,-3.73813491598431,8.06643155936366e-05,0.000398563973992861
"ENSG00000214087",0.622641964418683,4.47052777603389,8.08105069342441e-05,0.00039921538709807
"ENSG00000206630",1.48915753435754,-2.1849077926237,8.08712907530595e-05,0.000399444718471824
"ENSG00000150551",2.02955329166385,0.743437199436748,8.09608017703397e-05,0.000399815834452851
"ENSG00000127325",5.28569877593906,-0.836172289174844,8.10776078231916e-05,0.000400321588209911
"ENSG00000173821",0.970869980536993,7.62596992492266,8.13087286305199e-05,0.000401340439111943
"ENSG00000176919",1.24996662630025,-0.687288448727448,8.13128168265127e-05,0.000401340439111943
"ENSG00000176915",0.502533533534801,6.18702175742147,8.13931713885607e-05,0.000401614078421603
"ENSG00000244468",5.4558876076793,1.04425015596234,8.13971365930528e-05,0.000401614078421603
"ENSG00000224409",2.10788444916955,-2.64216459295701,8.14563413008493e-05,0.000401834909648904
"ENSG00000121289",0.543660981500354,4.7542196321376,8.16133680751267e-05,0.000402538146173701
"ENSG00000215841",1.79217759440177,-3.15120587991856,8.16378105778722e-05,0.000402587309503965
"ENSG00000172331",1.40249696831016,5.3901794090462,8.16712783581259e-05,0.000402680954613465
"ENSG00000280157",1.27087639651827,-1.83609801042172,8.20736562284352e-05,0.00040452146033696
"ENSG00000233903",0.906171111894267,0.233370985688618,8.22585575473883e-05,0.000405360218622639
"ENSG00000251550",4.18121096771095,-3.54494717398267,8.22982842681065e-05,0.000405413067720306
"ENSG00000231925",0.819965722858607,7.90449085675509,8.27225037741165e-05,0.000407286421927687
"ENSG00000249159",-1.39268848835747,-3.93616656106656,8.28453840709378e-05,0.000407819233126548
"ENSG00000196236",0.5218276944058,3.74498835279006,8.2974114733942e-05,0.00040838064999029
"ENSG00000260597",3.17986402142842,-3.07596306637688,8.29929623809867e-05,0.000408401143436373
"ENSG00000173141",0.581841886658982,5.23369397158365,8.32061076290645e-05,0.000409377582078042
"ENSG00000163191",0.966321679215691,9.82723875639505,8.32301746722362e-05,0.000409423567060295
"ENSG00000110104",0.749414801826751,4.98565145243467,8.33865769009968e-05,0.000410047889559304
"ENSG00000105669",0.548620162478492,6.61839242150073,8.34449932728752e-05,0.000410262612320749
"ENSG00000213060",2.23616823262705,-3.68532057097425,8.37584427246137e-05,0.000411730923912987
"ENSG00000054356",2.91906199196655,0.514344718043782,8.4052777435635e-05,0.000413104770951991
"ENSG00000250722",-1.29564954508798,4.66323073471041,8.41353487203996e-05,0.000413364503437639
"ENSG00000272256",-0.963928545147405,-2.95646675938621,8.42297318937727e-05,0.000413755127721918
"ENSG00000081853",-1.11322715164699,-0.360986087680736,8.42531515908642e-05,0.000413797087267651
"ENSG00000183309",0.564235429080218,4.49838221346995,8.42932509006542e-05,0.000413920937023287
"ENSG00000198355",-0.684261534135458,6.19618151522067,8.46303093723888e-05,0.000415371023423512
"ENSG00000167967",0.556642669280083,4.61669404199449,8.46333581325655e-05,0.000415371023423512
"ENSG00000136159",0.585757287459885,4.29328996562993,8.51326669664137e-05,0.00041768692732844
"ENSG00000161103",4.67639938436197,-3.52060493231235,8.5144310691646e-05,0.00041768692732844
"ENSG00000247381",4.23575769491882,-4.15878122600241,8.51502850448444e-05,0.00041768692732844
"ENSG00000240849",0.612216189436904,5.94698717553034,8.52479379784123e-05,0.00041809220578268
"ENSG00000205664",0.777153797399704,2.38748165803031,8.5437511022993e-05,0.000418948077235984
"ENSG00000172000",2.84833032009105,0.555008593546408,8.548100589735e-05,0.000419087469949409
"ENSG00000260442",1.28744786427976,0.121866139464621,8.55620794462652e-05,0.000419411017913108
"ENSG00000214954",1.21639004124259,0.0381735077621074,8.56114696331184e-05,0.000419579172670647
"ENSG00000123146",-0.845645950298159,5.69983028161213,8.56697776293301e-05,0.000419790966385581
"ENSG00000182472",1.3601104035528,1.67726622450742,8.62410521935235e-05,0.000422441420334355
"ENSG00000227375",1.30342935558233,-1.91969687108991,8.62595307379041e-05,0.000422457532736983
"ENSG00000269392",1.67403128765656,-3.82773105842568,8.63179077591676e-05,0.000422625844860546
"ENSG00000214711",-1.45491216367421,0.839872943022116,8.63267041821001e-05,0.000422625844860546
"ENSG00000232112",0.725060213264912,6.27956812643138,8.63394833530227e-05,0.000422625844860546
"ENSG00000063438",-1.14958080103951,1.10765459407532,8.65143864453625e-05,0.000423407466163095
"ENSG00000141027",-0.53716158961742,5.90092442294415,8.65337283065464e-05,0.000423427618823007
"ENSG00000152382",0.663798441466827,3.48944920552731,8.65974389554198e-05,0.000423664831955513
"ENSG00000196418",1.00855481095715,1.94986204855123,8.66917838521295e-05,0.000424051808701948
"ENSG00000163516",0.561875355076259,4.70468342376451,8.69030919425998e-05,0.000425010672797526
"ENSG00000204282",1.03036009720841,3.07679995967245,8.69774265645881e-05,0.000425299431265979
"ENSG00000134453",0.564833568720092,6.21065737057281,8.71667300128471e-05,0.000426134126574497
"ENSG00000101298",-0.919481477821973,2.15863963367067,8.71787718048713e-05,0.000426134126574497
"ENSG00000124019",-1.04961000982405,-0.619864809836181,8.73646145761374e-05,0.000426967496961186
"ENSG00000091428",-0.82871691763113,1.8910287700228,8.74801707733958e-05,0.000427457131012027
"ENSG00000180316",2.3593072337896,-0.538464102099379,8.76618729606488e-05,0.000428269747524069
"ENSG00000179918",0.601179111427905,5.75557405214267,8.76808017430531e-05,0.000428286993129529
"ENSG00000279799",1.26234501648879,-1.29590789579349,8.80976609052847e-05,0.000430172093180949
"ENSG00000183072",5.53511048813893,-0.956995277779728,8.8323105534379e-05,0.000431154246635001
"ENSG00000106305",0.641517625181718,3.89278340727781,8.83298061095974e-05,0.000431154246635001
"ENSG00000257636",3.35215505212949,-0.648930559056841,8.83881855514628e-05,0.000431363503201059
"ENSG00000137404",0.872997136953494,4.48105842572029,8.84384693393287e-05,0.000431533183813114
"ENSG00000169245",2.87761841154793,5.4447587092361,8.84766663629493e-05,0.000431643838195529
"ENSG00000228869",2.07412065353114,-3.90284919740203,8.86632245192742e-05,0.000432478124088841
"ENSG00000231160",-0.955064991742452,0.416533375715818,8.87356046169631e-05,0.000432755281643274
"ENSG00000149743",0.715775499893677,4.46349902650913,8.8771343808386e-05,0.000432853679057265
"ENSG00000143450",0.915195438819502,0.473626089360884,8.89023607929356e-05,0.000433416540005945
"ENSG00000256968",0.670599652834914,-1.12308252429168,8.90127179401626e-05,0.000433878500537985
"ENSG00000163735",3.88259942181722,3.02509425742649,8.91401304168247e-05,0.00043442341813267
"ENSG00000165349",-2.21128347281133,-2.04653249684692,8.92944921307128e-05,0.000435099458589964
"ENSG00000124541",0.648980573986931,5.11140115692493,8.93722645806365e-05,0.000435402136062575
"ENSG00000166106",-1.4656361722164,2.52942891842774,8.94489938576165e-05,0.000435655009011234
"ENSG00000224271",3.60742139092077,-1.24987588676732,8.94567622796887e-05,0.000435655009011234
"ENSG00000102900",0.529605289315588,5.37660498378051,8.9598001506493e-05,0.000436043607331599
"ENSG00000274139",3.56479777806747,-2.42100418777912,8.96516631962019e-05,0.000436228430454157
"ENSG00000277368",1.29704915799376,-2.59916148576122,8.9720430047173e-05,0.000436486674987235
"ENSG00000124104",-0.570200656408251,3.85985449914283,8.97383836371894e-05,0.000436497667733674
"ENSG00000267432",2.78174014563428,-2.07062070299203,9.00104996995144e-05,0.000437668186738216
"ENSG00000228742",3.1426053642854,0.606106446582685,9.00449035304344e-05,0.000437758941075331
"ENSG00000170456",-1.03787248468249,2.23383424985735,9.01536198905389e-05,0.000438146607362985
"ENSG00000275714",2.762272624135,-1.96662855517288,9.01561512220315e-05,0.000438146607362985
"ENSG00000256967",1.03596127897238,-0.045656241226363,9.0186329101256e-05,0.0004381786433596
"ENSG00000166503",-0.779168908970493,4.88010487557793,9.019425208477e-05,0.0004381786433596
"ENSG00000135052",0.927773675291419,6.09637496899579,9.03255806998263e-05,0.000438692729765225
"ENSG00000233178",-1.0099098388136,-2.59967195086423,9.03316169908116e-05,0.000438692729765225
"ENSG00000168237",0.840427250800828,2.3633204203081,9.04417943662853e-05,0.000439151121981406
"ENSG00000166819",-1.6838624045854,1.23794996238948,9.05093394606695e-05,0.000439402384084413
"ENSG00000143373",0.603508011825277,5.05205273596627,9.05761041383153e-05,0.000439649770401215
"ENSG00000171316",0.746212743635312,4.70568343495232,9.08884982266494e-05,0.000441089129502321
"ENSG00000168040",0.892567845996761,3.2286493929593,9.09659510797707e-05,0.00044138799675186
"ENSG00000266962",0.542262258038229,1.98991177359787,9.12491259758597e-05,0.000442684796924226
"ENSG00000044574",0.623618580612902,8.89579672186191,9.13086174382561e-05,0.000442896159192573
"ENSG00000136883",2.75205148686832,1.08027971896256,9.13487024404687e-05,0.000443013332341195
"ENSG00000168003",0.917582558884787,7.26056406611448,9.1372061304641e-05,0.000443049362110527
"ENSG00000167011",2.57601147810029,-3.16328952515238,9.24629086297503e-05,0.000448260567843689
"ENSG00000109472",-1.15180844560432,4.33134312134719,9.25768825813295e-05,0.000448734896346204
"ENSG00000163719",0.562254382200353,5.2443804256788,9.29413633384903e-05,0.000450423094360242
"ENSG00000113810",1.00506259908478,5.2255599632644,9.31286026241783e-05,0.000451251885851267
"ENSG00000031081",-0.89083020258928,3.62576382407091,9.3371763487982e-05,0.000452351307767156
"ENSG00000213763",-0.86604616934829,-2.06732583220325,9.34087099399492e-05,0.000452451488951551
"ENSG00000106246",0.530002566630246,2.77919742643081,9.34314814590131e-05,0.000452482986909199
"ENSG00000157999",1.23771551966876,-1.84213751376569,9.34491146182e-05,0.000452489593467269
"ENSG00000205364",-1.67426267239323,1.36108761707554,9.3512606091941e-05,0.00045271820944041
"ENSG00000166451",0.87526975456116,3.47834133613675,9.37250586544845e-05,0.000453667778690772
"ENSG00000259768",0.893803119397117,1.53328717231001,9.38780784136591e-05,0.00045425034706317
"ENSG00000125630",0.62016494208082,4.23640389222704,9.38984934110629e-05,0.000454270098667923
"ENSG00000221838",0.554574543805327,4.13319431608806,9.44207287802448e-05,0.000456717170359121
"ENSG00000180155",-1.45993388875224,4.18731877896164,9.45694832823172e-05,0.000457357161977237
"ENSG00000198856",0.511540782022429,5.79588668506468,9.46371813234516e-05,0.000457552391645089
"ENSG00000269113",-1.36991192163878,1.51209344376797,9.46427537171179e-05,0.000457552391645089
"ENSG00000103168",0.598302808291873,5.18523851827625,9.47044567006155e-05,0.000457771125167574
"ENSG00000116014",2.90332699585442,-1.21143387096423,9.49894800943608e-05,0.000459069054711461
"ENSG00000145945",-1.21876167245918,1.87976751301017,9.5046416940164e-05,0.000459264418755521
"ENSG00000173530",-1.02962653228933,1.92125288154045,9.50839485356807e-05,0.000459365965020477
"ENSG00000273366",1.00159747462811,-0.692453370129604,9.51364403056144e-05,0.000459539738489068
"ENSG00000269902",-1.75392714376214,-2.86826490191858,9.53692621278224e-05,0.000460539303261678
"ENSG00000144677",-0.59113068168357,5.2918959029631,9.53764925318113e-05,0.000460539303261678
"ENSG00000186047",1.46273304473961,-1.00091420630707,9.55304271446446e-05,0.000461202529105017
"ENSG00000241163",-1.41254080148221,-2.36896198266303,9.5597096333516e-05,0.0004614442971753
"ENSG00000011347",1.76451818471141,4.0921486091816,9.58826557386347e-05,0.000462742374467924
"ENSG00000236841",1.99870026867144,-2.0344120377625,9.59846258417555e-05,0.000463154128823169
"ENSG00000137509",-0.619937181144725,5.98176945082211,9.61890148140762e-05,0.000464059855858439
"ENSG00000273998",1.60710518672228,-3.12069002063785,9.63266070711639e-05,0.000464643066678856
"ENSG00000280088",-0.509725069800921,1.8797663691944,9.65592742846838e-05,0.000465684601297019
"ENSG00000125351",0.575458032471319,3.78919635744835,9.66425379469059e-05,0.000465981304817566
"ENSG00000232729",2.28228628877554,-1.79105437870836,9.66543036526997e-05,0.000465981304817566
"ENSG00000173826",6.19078214072147,1.13440076929095,9.69319804228593e-05,0.000467239024523568
"ENSG00000255282",-1.29293193660248,-1.17579332137729,9.69866349724585e-05,0.000467421465688613
"ENSG00000145920",6.28965092584301,2.00778730980343,9.72074382902217e-05,0.000468404449266448
"ENSG00000137547",0.561207622420042,5.42039475846486,9.73476483424784e-05,0.000468998812289858
"ENSG00000103479",-0.608787580889012,5.35244743695951,9.75023860522053e-05,0.0004696629482629
"ENSG00000166900",0.818733121157684,5.29306854287901,9.77694394443542e-05,0.000470850664011251
"ENSG00000170498",3.31766345091083,2.06421300838919,9.77828150623445e-05,0.000470850664011251
"ENSG00000198650",2.31388438559701,-1.95688986695985,9.80462656336822e-05,0.000471983835309174
"ENSG00000272692",1.1964612559531,-1.140930715889,9.805208357302e-05,0.000471983835309174
"ENSG00000131748",0.690258756865336,5.67978524388937,9.81093421618204e-05,0.000472177735515956
"ENSG00000231431",5.27317745710614,-0.386149158055075,9.82269644685959e-05,0.00047266203508046
"ENSG00000168060",-1.03572870502697,1.08748261977621,9.82717108664172e-05,0.000472795553421149
"ENSG00000165792",0.534698012940751,4.69747231738056,9.83098911859254e-05,0.000472879262107355
"ENSG00000276434",1.84843001304396,-2.87373669737832,9.83231141109135e-05,0.000472879262107355
"ENSG00000225107",8.06782745083541,-1.11740295876465,9.84162410415775e-05,0.000473245316751278
"ENSG00000233297",-1.0828177055151,-2.65722005428888,9.8604992307873e-05,0.000473944149763166
"ENSG00000268439",0.927690772309515,-2.00395486285094,9.86126917153647e-05,0.000473944149763166
"ENSG00000168329",-1.18741749803478,-0.533022245736514,9.87224014521957e-05,0.000474389452589827
"ENSG00000236516",5.22181929846748,-2.59067733931364,9.89300680410244e-05,0.000475223140315201
"ENSG00000086475",0.542924490005664,5.45193675811485,9.90184570982092e-05,0.000475467669513295
"ENSG00000181333",3.66014670830372,2.33978302702422,9.9030911145348e-05,0.000475467669513295
"ENSG00000073792",2.356448422662,4.33950468354806,9.90322586377061e-05,0.000475467669513295
"ENSG00000144648",2.67148766039251,3.1896164972646,9.9131468371061e-05,0.000475861844978308
"ENSG00000140743",-0.673767239352339,4.76010709506069,9.95692248729452e-05,0.000477798283538859
"ENSG00000008324",0.612776361464211,3.97433939223867,9.97554255453156e-05,0.000478609220405703
"ENSG00000197587",2.87036391960078,1.92399782713837,9.99321136966504e-05,0.000479374245989123
"ENSG00000153113",-0.677440386508463,7.57374108269142,0.000100319693121228,0.000481150478492966
"ENSG00000244675",3.05822238963747,1.23214102197075,0.000100383296073927,0.000481372519604159
"ENSG00000147364",-0.517750272251423,4.06395140851186,0.000100407861230886,0.000481407316741018
"ENSG00000124702",0.622748069692899,6.38137616711312,0.000100565603788676,0.000482080513301354
"ENSG00000236017",1.34649672464469,1.80393219563881,0.000100784206930941,0.000483045174456359
"ENSG00000271781",1.29761291639633,-0.090232723953948,0.000100810052973015,0.000483080519555381
"ENSG00000120075",1.95885063892603,2.6058114178061,0.000100826319203933,0.000483080519555381
"ENSG00000171246",-1.65576357636717,0.491554660844348,0.000100860462896768,0.000483160877462591
"ENSG00000237017",0.849799016581382,-0.273349686085253,0.000100950759080367,0.000483510153659766
"ENSG00000253138",6.19080145119687,1.89364097902429,0.000101080652133535,0.000484048928682854
"ENSG00000130726",0.572234315083977,8.16646983773282,0.000101215893622168,0.000484613126065304
"ENSG00000134058",0.588923966248015,4.10162259684426,0.000101699045037293,0.00048684260578696
"ENSG00000239002",5.67180740978527,0.530608591596375,0.000101739062029997,0.000486950358327363
"ENSG00000227496",2.45014259483254,-1.6445986669245,0.00010182103930926,0.000487258872386174
"ENSG00000067191",1.02693388394415,3.13664234985216,0.000101855214877153,0.000487338567242088
"ENSG00000270061",1.6130676742854,-3.09542251877479,0.000102164642440382,0.000488734984553552
"ENSG00000274286",-1.32746289663292,0.0150124219104344,0.000102208922416153,0.00048886272728469
"ENSG00000129484",0.555228317121097,4.00608861524346,0.000102226701394199,0.000488863694270435
"ENSG00000130489",0.887538140792651,4.13328554940867,0.000102499202268323,0.000490082570515537
"ENSG00000111605",0.624978465665122,5.97151732066174,0.000102699729077129,0.00049095695510866
"ENSG00000089060",0.651146629837931,5.12571649337198,0.000102849339094035,0.00049158767283423
"ENSG00000267644",2.51186264225154,-3.62303225989014,0.000103015891983283,0.000492299141534543
"ENSG00000269888",1.38919405430223,-1.09106874992183,0.000103152263258102,0.000492866156673699
"ENSG00000126752",8.63577001461215,-0.112044927630539,0.000103225051049396,0.000493129224465278
"ENSG00000268713",0.66874995786943,2.11326551814542,0.000103542320617803,0.000494559945619604
"ENSG00000178789",-1.2226462710639,-0.980299936990409,0.000103673787814821,0.000495017864462422
"ENSG00000127507",1.4786806332451,2.56653213643058,0.000103726137320915,0.000495182811072194
"ENSG00000189127",3.63386383671936,-0.969087685223381,0.000103791676466313,0.000495410656865895
"ENSG00000127463",0.531257369205792,5.76745995647248,0.000103933232455543,0.00049600120011771
"ENSG00000236468",-1.15879985401653,-3.7724135393496,0.000104025555591615,0.000496356626808988
"ENSG00000137207",0.543778528903289,6.6177050879401,0.000104125138149297,0.000496691317855426
"ENSG00000265458",0.775449660039596,-0.687339529812517,0.000104131416043397,0.000496691317855426
"ENSG00000228519",0.946895539829758,-1.36501666168498,0.000104167726020025,0.000496749963106983
"ENSG00000171777",-1.11662800617002,-0.000395662597465657,0.000104187429779865,0.000496749963106983
"ENSG00000259374",2.48178774789069,-1.06771124037918,0.000104214120572695,0.000496749963106983
"ENSG00000170044",3.05553523308897,-1.99412583628988,0.000104215152436963,0.000496749963106983
"ENSG00000112486",-1.5882204970683,-3.4883167111539,0.000104253471210562,0.000496847463121892
"ENSG00000144410",-1.3190936771832,-3.10147871159751,0.000104406906426488,0.000497475699106895
"ENSG00000165644",1.07509408565438,4.03221250830479,0.000104438863983267,0.000497475699106895
"ENSG00000175318",2.42955991422113,1.94576648295789,0.000104438953262329,0.000497475699106895
"ENSG00000149091",0.622414127883634,6.02857407405394,0.00010469190140072,0.000498595180420931
"ENSG00000143324",0.803992460618528,5.61890964569642,0.00010475575708843,0.000498760482221964
"ENSG00000112818",3.96265173509002,-0.668884516806107,0.000104762475717856,0.000498760482221964
"ENSG00000133627",0.710216706357917,2.49027757839507,0.0001049862718137,0.000499740403552018
"ENSG00000134640",4.60128752211777,-2.35794354140493,0.000105102499141456,0.000500208043911929
"ENSG00000181826",-0.88900288000429,1.16142383323126,0.000105231752516937,0.000500737507742268
"ENSG00000165819",0.527486381587107,4.71390848711008,0.000105510224310397,0.000501976713777809
"ENSG00000196476",0.91411425754434,2.96010185436191,0.000105666736691548,0.00050254940964467
"ENSG00000181013",1.71088761170173,-3.6382943274762,0.000105726253159715,0.000502746500107906
"ENSG00000099956",0.525053231489626,6.03845967948395,0.000105897221820337,0.000503387357800212
"ENSG00000161940",-0.89657127271511,2.7012181239306,0.000105925139085128,0.000503434021424244
"ENSG00000261204",1.59386825712933,-3.35631496245739,0.000105956444696642,0.000503496770262721
"ENSG00000112312",0.843014413255077,4.78418740541396,0.000106028829475664,0.000503754669321258
"ENSG00000143355",3.34546960119545,-1.43220765794334,0.000106162652740777,0.000504281577231919
"ENSG00000099974",0.912269258465945,0.835520815968145,0.000106175993825553,0.000504281577231919
"ENSG00000184232",-0.752948114866157,4.78281801167003,0.000106515294982844,0.000505806709810112
"ENSG00000156103",-1.25277553034721,1.06786094065336,0.000106810707276743,0.000507122943237976
"ENSG00000103495",0.649707322386911,5.40573737819938,0.000106927845966062,0.000507592452612062
"ENSG00000160781",1.35506211510106,2.12752600705648,0.000107013656489908,0.000507839584270322
"ENSG00000198039",0.83557558653367,2.68491155232868,0.000107016424096946,0.000507839584270322
"ENSG00000180537",2.73823376350601,0.726637789595729,0.000107043082661469,0.000507879436721843
"ENSG00000132199",0.742062725064987,4.9124972186073,0.000107104648733727,0.000508084870412953
"ENSG00000185664",1.32301700727544,1.86454447242388,0.000107284040250325,0.000508849081084972
"ENSG00000148584",4.8263420276313,-0.816509697819218,0.000107302602330577,0.000508850345885823
"ENSG00000019144",-0.737381400310599,4.74339955075907,0.000107502079468885,0.00050970939929562
"ENSG00000267855",0.751747323391053,1.33973049679467,0.000107543400355979,0.000509818407039518
"ENSG00000254004",0.642302298719401,4.13487436737101,0.000107705752160418,0.000510501036952572
"ENSG00000174885",-1.25041013280371,-1.86179796545463,0.000108092641235863,0.000512247509063396
"ENSG00000170681",1.18304434749332,-0.757550049587114,0.000108192655983436,0.000512634129619644
"ENSG00000143870",0.756642387908874,7.20764095365391,0.000108319428015599,0.000513109727798556
"ENSG00000136143",-0.578084524979713,4.26117606729756,0.000108329929228531,0.000513109727798556
"ENSG00000183850",2.50321340801834,-0.908083720590208,0.000108364618628527,0.00051318664020351
"ENSG00000167085",0.523510861050859,6.48240777300791,0.000108505647016114,0.000513679584759011
"ENSG00000185049",0.593321472596564,5.21679364087612,0.000108553463776565,0.000513818496939688
"ENSG00000196917",1.8929962390205,3.68675830860192,0.000108679781382803,0.000514328868402227
"ENSG00000250571",0.853307438764713,3.68557242601985,0.000108814121926641,0.000514877028435805
"ENSG00000264235",0.93530953318654,-1.49871092570197,0.000109136186747096,0.000516225299659349
"ENSG00000225031",-0.564271163361659,0.912607277327522,0.000109162082467513,0.000516259989741362
"ENSG00000114767",0.598060280910087,4.65682775321914,0.000109183347689712,0.000516272772746339
"ENSG00000115274",0.718450091641303,1.93793315404824,0.000109220602461772,0.000516361145039819
"ENSG00000228798",-1.70561360453909,-3.4388414182341,0.000109242714452108,0.000516377909085059
"ENSG00000248362",3.81758470802427,-3.48013378394542,0.000109382159342838,0.000516922459489985
"ENSG00000213203",-1.00399260445573,1.73594853027004,0.000109395088503867,0.000516922459489985
"ENSG00000108622",-0.927148967335247,2.34257486395884,0.00010946977414667,0.000517187502690902
"ENSG00000197083",-1.3597312864093,-0.902101748545504,0.000109577537237355,0.000517608702986167
"ENSG00000145708",-1.65128509853539,-1.97349811936355,0.000109628323689945,0.000517760666800553
"ENSG00000225578",1.4327996483752,-2.71802682913419,0.000109716941251127,0.000518091220206721
"ENSG00000131435",-1.26304041409943,4.00445997609583,0.000109855603464781,0.000518657935692743
"ENSG00000219755",-0.900905605379223,-1.76923810461023,0.000110060589140029,0.000519537536617726
"ENSG00000149016",0.542610971453739,3.53822478589007,0.000110267702466865,0.000520426880826558
"ENSG00000146477",-1.56617690982113,1.78069389071601,0.000110294826982944,0.000520466580060505
"ENSG00000264546",2.05300480823245,-3.40227483895123,0.000110331214967477,0.000520549971482687
"ENSG00000125910",-1.16867356916305,1.17551650031784,0.000110753240050215,0.000522452487367136
"ENSG00000167562",0.807361420424816,2.44361112485887,0.000110779417026461,0.000522487353867555
"ENSG00000158089",1.83029295042441,4.11295948428081,0.000111038736656139,0.000523532867031224
"ENSG00000228358",5.26671053080692,-3.50987994853509,0.000111387150028833,0.000524997594264009
"ENSG00000183715",-1.53396917397832,-2.75576061904415,0.000111431825277335,0.000525082156748168
"ENSG00000184571",5.75548937959588,-1.27080798492846,0.000111442849433158,0.000525082156748168
"ENSG00000228714",5.64063447004495,-2.11083412279465,0.000111636469043112,0.000525865288255655
"ENSG00000081479",2.80857387977412,-0.051122874093736,0.000111646874740216,0.000525865288255655
"ENSG00000112242",1.24831022649701,5.02946958395948,0.000111934994138197,0.000527133083637939
"ENSG00000185684",0.614358175096396,3.18812969792587,0.000112045953542357,0.00052756629522153
"ENSG00000175536",0.766951991529055,0.619251570901771,0.000112111328929166,0.000527784764980855
"ENSG00000278834",0.632588969382252,1.83676734200753,0.000112345487209993,0.000528708127880126
"ENSG00000113712",-0.634871323226543,5.80749356383674,0.000112590652959297,0.000529682650669305
"ENSG00000136856",-0.731858938608984,4.4735620273192,0.000112627091857473,0.000529764469107371
"ENSG00000275576",1.60483657211929,-2.80911018138626,0.000113024320656701,0.000531453158144519
"ENSG00000005810",-0.654706653505072,5.38897821795512,0.000113338792927771,0.000532841759246129
"ENSG00000273361",1.41758160266243,-2.77590721888545,0.000113602074216332,0.000533989266550422
"ENSG00000005483",-0.543788482951986,5.47323120479231,0.000113824364408861,0.000534943738983384
"ENSG00000107831",4.92790811706394,-0.356654188029196,0.000114000042801867,0.000535678863059356
"ENSG00000171551",2.75707552031008,0.548194456804072,0.000114098872346311,0.000536052691987827
"ENSG00000140575",-0.553395219644037,7.48702946564379,0.000114469416497085,0.000537702732821049
"ENSG00000114850",0.505816324328995,6.69122164524185,0.000114571415786825,0.00053809098062799
"ENSG00000227742",2.46815339106225,-3.83476471092704,0.000114827510224754,0.000539202691521371
"ENSG00000004059",0.533908579259939,6.8965940009202,0.000114871020497872,0.0005393159508959
"ENSG00000181381",1.16900242808544,4.50706646423694,0.000115038112494389,0.000540009286549611
"ENSG00000178997",1.7491836396207,-3.79808724821971,0.000115074412174694,0.00054008852949962
"ENSG00000279368",1.48633326030158,-1.78950248988288,0.000115186765392797,0.000540433452407195
"ENSG00000163666",0.911928192365391,-0.804871755837166,0.000115324071446369,0.000540986405656578
"ENSG00000158874",8.11081936914592,4.58814311457243,0.000115347719686887,0.00054100609235268
"ENSG00000167080",4.95941970756319,-0.628922418665592,0.000115627508390047,0.000542135517675719
"ENSG00000131389",1.02004628949253,5.57123256719023,0.000115812545745274,0.000542911568315072
"ENSG00000134020",-1.33037321842476,-3.08262695928054,0.000115999702814444,0.000543697292615123
"ENSG00000214146",2.44400237764177,-2.17233698949497,0.000116330466177211,0.00054515572970291
"ENSG00000168140",-1.02235362196465,4.11086989313575,0.000116627788088717,0.000546456986204766
"ENSG00000273669",-1.07238177061867,-2.40040998505949,0.000116712324240109,0.000546760969191537
"ENSG00000197238",1.81328830492047,-2.84770105129138,0.000116801044032833,0.000547084445551562
"ENSG00000204149",0.838065568238239,2.34781504757044,0.000117061903231596,0.000548213961033909
"ENSG00000202474",1.1144873273521,-1.26481771273935,0.000117262175213381,0.000549006887611281
"ENSG00000223760",5.44229438860021,-2.96479219616028,0.000117433833045913,0.00054967808793436
"ENSG00000119915",2.0484684232527,-0.670931238166224,0.000118103533964323,0.000552719769501885
"ENSG00000186222",0.638574836761918,3.85050933038539,0.000118164861433655,0.00055282934121803
"ENSG00000252743",1.55339434087472,-3.17147112584085,0.000118166700231589,0.00055282934121803
"ENSG00000235958",1.02558076814506,-1.94805944401576,0.000118318089684656,0.000553444505280751
"ENSG00000259570",-1.26332390030837,-3.94595926868169,0.000118404186525293,0.000553754101198583
"ENSG00000072274",1.13670587250967,7.33314908392842,0.000118487337635417,0.000554049818704412
"ENSG00000234782",-0.941359584475071,-1.83687245988135,0.000118629161520948,0.000554619746071965
"ENSG00000169991",-0.959656148530678,4.99426455898506,0.000118799662525241,0.000555323531733534
"ENSG00000138035",0.554069778250606,4.75694233484624,0.000118919583665374,0.000555769158986316
"ENSG00000269235",3.98740557279534,3.31411080985619,0.000118934959705409,0.000555769158986316
"ENSG00000244040",-1.20651726155862,-3.43641519722831,0.0001191045293842,0.000556468045651397
"ENSG00000237978",1.7539877974805,1.29829379877998,0.000119671000895081,0.000558926876220805
"ENSG00000135253",1.57791929885819,2.43707780117762,0.000119747143341238,0.00055918859935357
"ENSG00000228350",1.08843534593316,-2.47171382850501,0.000120588026833259,0.000563020780646877
"ENSG00000034510",0.990894707060889,9.98815042842914,0.000120842192634421,0.000564112773370452
"ENSG00000272182",-0.838745964395259,-2.59184013016557,0.000120875700502119,0.000564174502108649
"ENSG00000151881",0.555009065754165,3.29972310730977,0.000121020369548432,0.000564754956082307
"ENSG00000122477",1.00297696519542,-0.374256425013282,0.0001211042054233,0.000565051378197996
"ENSG00000266896",0.874335532905211,-1.10289579003212,0.000121141421264179,0.000565130216306712
"ENSG00000224635",1.61110354543355,-1.32172870852089,0.000121515275263882,0.000566779196866403
"ENSG00000176641",-0.924125484987805,3.73426473397762,0.000121905430587998,0.000568503645362844
"ENSG00000260585",4.39586204459369,-3.30815147041147,0.00012195636499167,0.00056864583059737
"ENSG00000137054",-0.603575147137562,4.00847440017977,0.000122414434709888,0.000570590359072584
"ENSG00000242747",-1.00697987410297,-3.19745848677498,0.00012253821848833,0.000571071627147439
"ENSG00000184414",1.91671329638036,-3.68114852018158,0.000122780091450615,0.000572102979312441
"ENSG00000172590",0.658933438065883,5.11922460877164,0.000122939599444358,0.000572750264547059
"ENSG00000143379",0.538956936682273,4.92020557096319,0.000123279781133439,0.0005742389135261
"ENSG00000163083",-1.11960200514718,2.875482491952,0.000123302087500462,0.000574246644281708
"ENSG00000203760",1.11857562877916,3.7712915108618,0.000123800832219412,0.00057647288573891
"ENSG00000205269",-0.912779815353057,1.85933046479296,0.000123848122330248,0.000576596556138463
"ENSG00000100351",-1.18145887691506,0.515105916619689,0.000123875606713098,0.000576627991550025
"ENSG00000177200",-0.613149621272416,4.66362140511941,0.00012390744577927,0.000576679683644386
"ENSG00000204531",2.11025429460028,3.09550099401718,0.000124137865990418,0.000577655423589008
"ENSG00000167751",6.03872098643966,0.974124544107362,0.000124416175115399,0.000578853643105485
"ENSG00000269040",2.77796383813659,-2.98706034430372,0.000124549060921034,0.000579374984344661
"ENSG00000225259",-0.835367404519003,-2.95723022206414,0.000124805058459245,0.000580468744302172
"ENSG00000143157",0.820509895472601,6.42630023025955,0.000124917328090784,0.000580893771307302
"ENSG00000169696",1.07733467629834,5.2578861224869,0.000125149989431852,0.000581852660280397
"ENSG00000037474",0.597654862101531,6.1671049980561,0.000125165371101917,0.000581852660280397
"ENSG00000160932",1.54627889138901,8.13070449132141,0.000125502239115472,0.000583321152493085
"ENSG00000153406",0.632324720403259,5.07094018783244,0.000125529707222753,0.000583351336171499
"ENSG00000166153",0.659596051082242,-0.685475268647318,0.000125648920340716,0.000583807788412351
"ENSG00000152465",-0.807502741650158,3.0031712593368,0.000125672634485883,0.000583820441449119
"ENSG00000143921",3.21839146086235,-3.49231798373819,0.000125751983874599,0.000584091504259224
"ENSG00000259366",-0.893611515461459,-1.27833972472801,0.000126283971332029,0.000586345935970656
"ENSG00000125449",0.624788869920989,3.99776969988517,0.000126285449722527,0.000586345935970656
"ENSG00000259316",1.47641274950902,-3.5554809735607,0.000126300596929501,0.000586345935970656
"ENSG00000135821",-0.758841403473644,8.42177577531008,0.000126412907993484,0.0005867458110277
"ENSG00000263745",1.83133986622271,0.462061440328732,0.00012642892336278,0.0005867458110277
"ENSG00000184216",0.770382224972559,6.85306183507245,0.000126459640148955,0.000586790452362845
"ENSG00000119682",0.508186192695332,4.81261158927768,0.000126487201387112,0.000586820439062509
"ENSG00000182600",1.24834963858544,0.421456898446196,0.000126622289650254,0.000587349189800285
"ENSG00000182308",1.34502956140594,-1.57949785710569,0.000126720738299546,0.000587707836305698
"ENSG00000215704",-1.12432368288818,-2.80892459650554,0.000126836287756503,0.000588145660448752
"ENSG00000167797",0.687434560358508,5.80227584296306,0.000127128848904502,0.000589322545541145
"ENSG00000242837",4.56098740801759,-1.02835066512773,0.000127132465870164,0.000589322545541145
"ENSG00000185065",0.983354265638249,-1.16121966927412,0.000127202740225539,0.000589550043974825
"ENSG00000158483",0.606615768260989,2.10118966008519,0.000127228559660835,0.000589571464486303
"ENSG00000176731",0.550891671967451,4.59839385789705,0.000127420759325768,0.000590265419574879
"ENSG00000159685",0.624428444751533,3.38247321425747,0.00012766730727951,0.00059130904535637
"ENSG00000141526",1.21219396597814,6.86176318706893,0.000128043848241664,0.000592855593664957
"ENSG00000152192",3.50533923097916,-0.458856253514785,0.000128084976970391,0.000592947314327147
"ENSG00000224049",2.16265487301626,-3.58892470293876,0.000128128016721872,0.000593047849739626
"ENSG00000268403",0.999723421755284,-0.237595662877646,0.000128312557151135,0.000593803186696259
"ENSG00000072818",-1.02785697466811,3.19537102694107,0.000128351149513632,0.000593882968128872
"ENSG00000233203",1.43955236007513,-2.27233790503977,0.000128470059264701,0.000594334291139243
"ENSG00000103043",0.518586620221911,5.40920520655046,0.000128604730256393,0.000594858367307678
"ENSG00000111679",0.679894889504467,5.70249937299512,0.000128792454133763,0.000595627623349243
"ENSG00000231196",3.17355860699346,-2.2221992122397,0.000128845469103163,0.000595773737683503
"ENSG00000273409",-1.74658392617562,-4.33713594922584,0.000128962075744462,0.000596213798650388
"ENSG00000228496",6.15192727244268,-1.08669115742015,0.000129038748022718,0.00059646912061756
"ENSG00000105141",4.60021797445843,6.4678675695902,0.000129091177832983,0.00059661231789112
"ENSG00000167565",-0.521507816992798,4.74980352136489,0.0001298197918085,0.000599780377004951
"ENSG00000183971",2.33377397777106,-1.3265118631739,0.00013013197793056,0.00060112285370913
"ENSG00000122779",1.07083820320315,5.75875884988891,0.000130379472314441,0.000602166101541273
"ENSG00000273706",4.45772315357374,-0.0607956663837127,0.000130599135802399,0.000603080485484331
"ENSG00000124383",0.512332440880809,5.23656529277114,0.000130631512775379,0.000603129858038117
"ENSG00000213860",-0.853278650347254,-1.13442338830518,0.000130692059280226,0.000603309252242476
"ENSG00000103356",0.583713180664648,4.3054550982974,0.000131276486756414,0.000605906559269193
"ENSG00000265692",1.26950578523146,-2.91646147687714,0.000131355411968009,0.00060617024607039
"ENSG00000160703",-0.594781755688297,4.1920096922496,0.000131473745751108,0.000606615675277964
"ENSG00000272574",-1.14849088912184,-2.4522984088792,0.000132254899892282,0.000610118681490136
"ENSG00000131873",-0.570046493660978,4.98616532478467,0.000132309144624319,0.000610267701399033
"ENSG00000130701",1.8808233603827,3.48105910860386,0.000132418360244507,0.000610670179651878
"ENSG00000171453",0.554807092560705,4.66638172155343,0.000132808402753468,0.000612075814882342
"ENSG00000148143",-0.862848756590024,3.54318291396732,0.000132811186956277,0.000612075814882342
"ENSG00000276390",0.91591302837994,-1.05587491589744,0.000133024761297892,0.000612958529817473
"ENSG00000251495",0.832301053762508,-1.33535726735904,0.000133179769544332,0.000613571133068827
"ENSG00000112655",1.01435857139679,6.5909164362198,0.000133688929625683,0.000615814872421185
"ENSG00000255753",1.95102080297178,-3.59815868558683,0.000134137862318525,0.000617780487608071
"ENSG00000235795",1.03286354210447,-2.4374467677184,0.000134210459371214,0.000618012501074764
"ENSG00000270097",3.76843091114026,-3.89216646723144,0.000134306079475701,0.000618326520507165
"ENSG00000135549",1.79259087330842,2.45960186909662,0.000134323116416938,0.000618326520507165
"ENSG00000081692",0.546903568604029,3.62693469777441,0.000134565607630058,0.00061934026890862
"ENSG00000277581",1.83645619825562,-3.70887494480466,0.000134745448186096,0.000620065378954318
"ENSG00000169919",0.694984432512978,6.02314888813181,0.000134932994431702,0.000620825702916281
"ENSG00000254536",1.51286385008881,-3.46468815009779,0.000135212541306825,0.000622008999564462
"ENSG00000265298",1.05538218528765,2.76562229117808,0.000135249087970695,0.000622074232467163
"ENSG00000158716",1.01673352343869,4.95603476521048,0.000135336626261898,0.000622373939520862
"ENSG00000261934",-1.19730181380602,-0.564359473390189,0.00013540089651467,0.000622566562202435
"ENSG00000215769",1.04778442106825,2.24423012895406,0.000135488690906143,0.000622867266144222
"ENSG00000188603",0.694071601787328,4.37841454729083,0.000135528483012317,0.000622947231535541
"ENSG00000232442",0.939137877079026,2.0336754694456,0.00013564329372386,0.000623371931318857
"ENSG00000196811",2.11068894113307,-3.04146829471013,0.000136110134267633,0.000625414036739743
"ENSG00000002822",0.575869188596557,4.82441137413198,0.000136366945770089,0.00062649056205872
"ENSG00000071859",0.673761004212482,6.21324516098952,0.000137065852257835,0.00062952557607598
"ENSG00000102038",-0.779298070418588,5.27510128170289,0.000137072839633126,0.00062952557607598
"ENSG00000264548",1.27899753872735,-2.02678596525915,0.000137251286547471,0.000630137014319051
"ENSG00000188707",1.25035702348333,3.32723292629919,0.000137455123609689,0.000630828192874302
"ENSG00000269904",-0.864707689717883,-2.94336657015197,0.000137469876568912,0.000630828192874302
"ENSG00000203761",0.788418832659752,0.853345196856019,0.000137577804203752,0.000631219311830905
"ENSG00000143416",-1.21056361329541,4.84819286235229,0.000137603052825174,0.000631231025602272
"ENSG00000198691",3.04091196327085,2.79888610536839,0.000137706258938402,0.000631600293511505
"ENSG00000119917",1.77730996546876,5.27126631318754,0.00013791407724435,0.000632449172365559
"ENSG00000231652",-1.37669241041879,-2.89264177579595,0.000137990318214661,0.000632694480795311
"ENSG00000129003",-0.650451072429214,5.26786599758433,0.000138020216804682,0.0006327272605882
"ENSG00000251493",2.79361102731417,1.33416417141185,0.00013824625786547,0.000633659059000051
"ENSG00000160602",0.804849160898341,2.97904091387944,0.00013834948555555,0.000634027721495552
"ENSG00000173338",-1.16351393517144,0.240110952392153,0.000138589208972516,0.000635021691787904
"ENSG00000260136",0.811127410895412,0.0112326274148526,0.00013907598869272,0.000637147170731448
"ENSG00000128626",0.805528186854135,5.3406420082868,0.000139992469996511,0.000641134623417249
"ENSG00000170442",2.80459757656322,2.67034589378021,0.000140129923478679,0.00064165847245843
"ENSG00000090565",-0.505391824915599,4.91231642170196,0.00014035927406664,0.000642602878949049
"ENSG00000204044",2.24458068614195,-1.9998241855657,0.000140601095876578,0.000643498153630948
"ENSG00000150712",-0.56142696033602,4.3478757289745,0.000140715588135481,0.000643916198225098
"ENSG00000272442",1.27287498138982,-2.69317259588741,0.00014083920738397,0.000644375863624011
"ENSG00000213222",0.903501369139709,-0.379866424337574,0.000141204126036262,0.000645939203527395
"ENSG00000170892",0.536276804208286,5.63649445821661,0.000141406352411424,0.000646757914753975
"ENSG00000165553",4.23719852675441,-0.821721014366336,0.00014151759179283,0.000647070441318342
"ENSG00000156531",0.724226369985416,4.54858132652134,0.000141521212905457,0.000647070441318342
"ENSG00000170959",2.3625399705847,-1.43721633127712,0.00014157674195188,0.000647217936210985
"ENSG00000148384",0.575247959030845,3.85639810270868,0.000141784185312066,0.000648059744631797
"ENSG00000122406",-0.511888773487001,9.21482173488475,0.000141828278998154,0.000648112785176125
"ENSG00000229320",0.670412503716958,2.88072676975755,0.000141861406083158,0.000648112785176125
"ENSG00000272783",-1.20200571064571,-3.01357873201065,0.000141865697197435,0.000648112785176125
"ENSG00000224812",-1.24093586939344,-3.66810721250586,0.000141967308004822,0.000648430359853793
"ENSG00000225854",-1.29120831982095,-3.03432554376249,0.000141981839122338,0.000648430359853793
"ENSG00000197826",2.13504489000921,-3.55569352929476,0.000142110693383184,0.000648912282887294
"ENSG00000198466",0.66908980648918,3.99280153788839,0.00014216129682124,0.000649036793908267
"ENSG00000099904",0.689762199458613,5.16293498526071,0.000142251592255133,0.00064934244795536
"ENSG00000103326",0.592246234254354,5.27512271443187,0.000142418536231084,0.000649928742615972
"ENSG00000186354",-1.37793057112846,-1.00611049698635,0.000142426767563526,0.000649928742615972
"ENSG00000132386",-1.19154580940488,6.19171817948028,0.000142500794003679,0.000650159872641784
"ENSG00000270240",2.05267684778343,-3.14326126949973,0.000142643051903492,0.000650702181825787
"ENSG00000153363",0.757503306975852,2.47086341850326,0.000142822540088171,0.000651414120608775
"ENSG00000233469",1.2252062987076,-2.55893177825509,0.000142982390180832,0.000651942743648251
"ENSG00000229404",3.13301181482779,-1.08228491385151,0.000142985321117978,0.000651942743648251
"ENSG00000197930",0.879104221243889,6.74306324490177,0.000143059523501563,0.000652174156228317
"ENSG00000267191",1.35674055902697,-2.15873039250362,0.000143269845211244,0.000653025926722439
"ENSG00000122643",0.542841997372964,4.50660011182423,0.000143321092716684,0.000653152474476344
"ENSG00000272655",0.723384008427513,1.25616705878398,0.000143438277853233,0.000653579426922014
"ENSG00000184361",1.25789294915627,-1.91653695003021,0.000144060577460186,0.000656121516828598
"ENSG00000167971",2.10320214173288,-0.421577725351484,0.000144066950824156,0.000656121516828598
"ENSG00000167807",1.04340574497464,-1.86794157726889,0.000144150895648343,0.000656387758726576
"ENSG00000146090",-1.75349746969008,-2.15228821029623,0.000144172610579968,0.000656387758726576
"ENSG00000138061",-1.5758573368735,4.36901811902908,0.000144274786348715,0.000656637969680382
"ENSG00000225051",-1.00226179067292,-2.58465173148772,0.000144599071383422,0.000658006212759673
"ENSG00000173531",1.2152525317411,2.75249263738139,0.000145281401299404,0.000660786854348377
"ENSG00000075624",-0.585306220039986,11.950589126076,0.000145746018997199,0.000662683345818063
"ENSG00000188735",0.507917767711689,3.45224407986862,0.000145891174254345,0.000663234918198118
"ENSG00000186564",1.46287501908429,0.749321580509541,0.000146329388803157,0.000665118367508124
"ENSG00000154310",-1.10166560574347,2.91204360163722,0.00014637953570393,0.000665237586034872
"ENSG00000246203",0.910200538885089,-1.10840027749869,0.000146817859328738,0.000667120588385916
"ENSG00000159214",0.877606034114734,3.68650164808026,0.000146992348644958,0.00066767335264742
"ENSG00000280165",-2.11287548422036,-4.03307468030988,0.0001470160982794,0.00066767335264742
"ENSG00000144026",0.665043566377507,3.5373469897493,0.000147075354058906,0.00066767335264742
"ENSG00000253304",-1.11653227306009,2.25595944226416,0.000147078060237339,0.00066767335264742
"ENSG00000143641",0.706703388565115,6.37239860810449,0.000147371299348287,0.000668870422450052
"ENSG00000153495",1.54018634536478,-1.21483486761667,0.000147409882878394,0.000668936379914632
"ENSG00000225411",1.3332013602302,-1.81535544498081,0.000147625567322333,0.000669694110194116
"ENSG00000198088",1.33995458732384,0.803707964918415,0.000147649095160907,0.000669694110194116
"ENSG00000144161",0.577443503068351,3.08411815009165,0.000147824584225425,0.00067038075347493
"ENSG00000118507",-0.892411242518471,2.22904205257565,0.000148071210870681,0.000671280291433782
"ENSG00000140650",0.763318741630603,3.56319951847285,0.000148147101889671,0.000671514886710792
"ENSG00000197417",0.676632231748736,1.96431419566952,0.000149176785627416,0.000676072012164792
"ENSG00000139714",1.65067198239138,1.05324935559809,0.000149370156161355,0.000676838082977478
"ENSG00000149577",-0.519590084337686,4.64920632477015,0.000149517173006796,0.000677393896862357
"ENSG00000261572",1.47348685905015,-0.124208243796083,0.000149732632789215,0.000678259562828408
"ENSG00000267355",1.16943291700862,-0.977371987251662,0.000149882764576234,0.000678829072001109
"ENSG00000275454",-0.679525543766255,-2.2102229343585,0.000150469156575011,0.000681373925727902
"ENSG00000165617",-1.19467941889887,2.69745362665674,0.000150623893701485,0.000681963593605634
"ENSG00000156603",0.537428319669505,3.44578523823118,0.000150833179655306,0.000682800004191575
"ENSG00000186976",-1.0639913586071,-0.835561781324869,0.000151517300120003,0.000685785299957306
"ENSG00000198590",1.19348877496071,-0.642108257106788,0.000151662635250012,0.000686252773527297
"ENSG00000275160",-1.1316262038675,-2.09944189753894,0.000151669931286531,0.000686252773527297
"ENSG00000231881",2.49396908022572,-3.83208763330754,0.000152092407571107,0.00068794049955687
"ENSG00000105675",3.68267195696391,-2.02766489356074,0.00015280432106805,0.000691048224693605
"ENSG00000224666",1.3907297199383,-2.72891426820985,0.000152985999670719,0.000691644929915752
"ENSG00000162894",-1.19699962685749,2.36015770560805,0.000153073713371618,0.000691929008614466
"ENSG00000238105",1.16195972009768,2.95095021394305,0.000153189001409436,0.000692337617192177
"ENSG00000137033",-1.54003607341949,3.88966014052642,0.000153279859197065,0.00069263569843184
"ENSG00000233122",1.19156521931717,-1.7457550421758,0.000153321471333989,0.000692711189443184
"ENSG00000274213",1.30624367646631,0.43825430623407,0.000153602482138663,0.000693806299378225
"ENSG00000279457",0.791280304829394,1.43634622568983,0.000153619247888218,0.000693806299378225
"ENSG00000091622",-1.18609185986837,2.50289820480728,0.00015363869405927,0.000693806299378225
"ENSG00000272034",0.958412371086379,-1.03325528905906,0.000153719603125198,0.000694058980798883
"ENSG00000129675",-0.898344257202557,3.75770868500925,0.000154414012459292,0.000697081144056206
"ENSG00000156313",-0.52769718662791,2.44389044982622,0.000154693365339034,0.000698228914341862
"ENSG00000156711",0.827859535900162,6.45941116670705,0.000155086858363099,0.000699838905070119
"ENSG00000240063",-1.37896356392506,-3.84272662099428,0.00015510038510237,0.000699838905070119
"ENSG00000267680",0.738193805573971,2.96933418016556,0.000155163633548744,0.0007000107282873
"ENSG00000160097",-1.17086629364702,0.809530943652852,0.000155211764782267,0.000700114306501654
"ENSG00000200033",3.12541870213604,-3.10099476011204,0.000155738914720998,0.000702378212280709
"ENSG00000131242",1.21478377765454,5.38880887760534,0.000155841686514582,0.000702727760543136
"ENSG00000272702",1.28507059053202,-2.19393986003294,0.000155933644036212,0.000703028439225025
"ENSG00000259342",3.46673438195255,-0.14953952889777,0.000156204659577903,0.0007041361745284
"ENSG00000230630",-1.21043426335508,0.991200654402166,0.000156697419976781,0.000706242965777706
"ENSG00000126457",0.541042234472287,6.97062371218451,0.000156878313420861,0.00070694370239378
"ENSG00000205488",2.72499700796488,2.25861218250716,0.000156946002420756,0.000707134159295075
"ENSG00000228395",-0.558235498638126,-1.04657931905987,0.000156983892717737,0.000707190315542343
"ENSG00000106400",0.628863997764208,6.02560888194066,0.000157378914902937,0.00070885502189399
"ENSG00000196329",-1.12748775656523,-0.56040139701444,0.000157762474307215,0.000710467567666219
"ENSG00000172965",1.249394719149,4.01628141280794,0.00015797586926175,0.000711313396758467
"ENSG00000255026",2.31825472054329,1.32465237897524,0.000158075356820862,0.00071164614750059
"ENSG00000154114",-0.537170158186255,3.23173765129316,0.000158406728363512,0.000713022549923025
"ENSG00000225282",2.58719136538304,-2.62055230204941,0.00015922434128604,0.000716354999059954
"ENSG00000203499",1.2396405622,5.30750626482806,0.000159404475411873,0.000717049437915319
"ENSG00000258446",1.91073184909702,-3.94056991717394,0.00015950112934842,0.000717368193817529
"ENSG00000254485",1.39211346688828,-1.85270364796643,0.000159641884733765,0.000717885164122909
"ENSG00000168517",0.609704930004523,0.992260338034616,0.000159752430158648,0.000718266139670624
"ENSG00000125656",0.568740738660906,5.19218863602025,0.000159780307376065,0.00071827536593672
"ENSG00000141744",3.29967914541555,3.16028786416927,0.000160484387299039,0.000721323895272813
"ENSG00000236859",-0.516213962736772,1.39736098476944,0.000160549732130656,0.000721501001736942
"ENSG00000130590",1.06028180714222,3.64063158835368,0.000160950774849492,0.000723069601177341
"ENSG00000231062",-1.99867624793789,-2.68578153585336,0.000160987450362419,0.00072311064005407
"ENSG00000227827",-1.57482791408501,-0.926210223069497,0.000161011907879583,0.00072311064005407
"ENSG00000040199",-0.622669659403195,2.50132381868276,0.000161136404417298,0.000723552924775316
"ENSG00000130829",2.33567702689432,2.75302166802291,0.000161709264936951,0.000726008036431222
"ENSG00000271584",-1.22865513382313,-2.32214508837039,0.000161749144813548,0.000726069878098647
"ENSG00000268119",1.7706239592143,1.1890511983073,0.000162192178791375,0.00072767377485488
"ENSG00000276672",1.0483617829572,-0.205193573474359,0.000162211102869171,0.00072767377485488
"ENSG00000105171",0.743392807703533,4.8442240893124,0.000162275229685605,0.000727844051482946
"ENSG00000254682",1.00094702369031,1.19941183600833,0.000162305823979537,0.000727863895895336
"ENSG00000113369",-0.707767634654787,5.66503380821134,0.000162496735833341,0.000728602565489718
"ENSG00000223393",1.33605463252938,-2.57772752565234,0.000162524201398919,0.000728608254917492
"ENSG00000248538",3.31158655464179,-1.72987176406788,0.000162842525412567,0.00072980681556973
"ENSG00000179292",2.76678833179001,-1.33802569315261,0.000162851897908298,0.00072980681556973
"ENSG00000214510",-1.92184090196388,-2.98689038085256,0.000162870273046464,0.00072980681556973
"ENSG00000271643",0.703786536209716,0.739460593313559,0.000163092772809942,0.000730686096997894
"ENSG00000164400",2.79348227060265,-0.238283368543751,0.000163174757648741,0.000730935663469871
"ENSG00000224081",1.10477858048591,1.33541566003515,0.000163298594758318,0.000731372595171191
"ENSG00000178033",-1.05973940644238,1.9159278207825,0.000164039440926875,0.000734572366849007
"ENSG00000142609",2.02288124023991,-0.973585607527625,0.000164479909864159,0.00073642622875915
"ENSG00000219529",1.12625191542802,-1.57014087738879,0.000164508890260715,0.000736437431968655
"ENSG00000269246",1.44543173140136,-1.90291523569068,0.000164634393014379,0.000736880652222228
"ENSG00000011260",0.51059346242222,4.85985834956394,0.000165483005708778,0.000740559748636887
"ENSG00000188662",-1.56365222103656,-4.00642540836945,0.000165612302419854,0.000741019138867985
"ENSG00000196155",1.66824362929419,3.41268011809874,0.000166071609473553,0.000742954748960578
"ENSG00000255471",-1.07274983702556,-1.46441980214371,0.000166977628662967,0.000746767773919135
"ENSG00000252690",1.16300923152518,-1.40566154572872,0.000167022124164641,0.000746846678358708
"ENSG00000280424",1.77296484261231,-2.25290861657061,0.000167174152269081,0.00074740631683973
"ENSG00000168528",1.3201959632903,8.51595554876071,0.000167235106883516,0.000747558667269564
"ENSG00000273066",2.07382523407501,1.13370365498232,0.0001674160887024,0.000748247416853584
"ENSG00000262298",1.54574532406275,-3.48474070090304,0.000167492135103028,0.000748467023396611
"ENSG00000259153",1.10654120546438,1.22615365203998,0.000167804122016469,0.000749740730223946
"ENSG00000085998",0.525314811343542,5.96590075630461,0.000167938770734293,0.00075022181664518
"ENSG00000185669",-1.13705583263142,0.153204483087584,0.000168217715040246,0.000751347247216053
"ENSG00000207445",2.59161572254627,-1.69840483305883,0.00016875228427273,0.000753613886075377
"ENSG00000224066",1.02426694122261,-2.60839592125701,0.000169020774252736,0.000754691731303796
"ENSG00000134538",3.70158498130532,-2.65088903405765,0.000169288888342706,0.000755767552403799
"ENSG00000270427",1.62443575634035,-2.57532812212086,0.00016973289709503,0.000757628160312001
"ENSG00000232940",0.695336484466675,-1.40464764187227,0.000170062405460722,0.0007589771635236
"ENSG00000187860",0.763797031053802,1.2862431362591,0.000170220869256446,0.000759440653934798
"ENSG00000201151",1.38818702676894,-3.56436066650526,0.000170909781986661,0.000762391943287089
"ENSG00000228439",-0.586177717665046,-0.217599696838656,0.000170970133062412,0.000762538856777562
"ENSG00000132003",0.734759524212868,4.209958384269,0.000171070560523382,0.000762864438004941
"ENSG00000141485",2.96904592630927,-0.51847120593056,0.000171160072783993,0.000763018930011413
"ENSG00000109861",1.30912401549011,7.4734445431292,0.000171484015056554,0.000764340530571784
"ENSG00000183090",-1.64453471391067,-3.23816163445326,0.000171731498349251,0.000765292302048248
"ENSG00000178882",2.76561868007669,1.46615416566644,0.000171752581504518,0.000765292302048248
"ENSG00000270115",1.41656059274099,-2.96537222675489,0.000171904687225409,0.000765847359570767
"ENSG00000181481",0.502531376748175,4.25782039412465,0.000172008779738233,0.000766188371374033
"ENSG00000272707",0.98608841719036,-2.00654577199603,0.000172043253027918,0.000766219214806321
"ENSG00000206878",2.80836964355387,-2.76294137817318,0.000172321792957983,0.000767336859996859
"ENSG00000272312",1.92602444949842,-3.85777520520696,0.00017241420720566,0.000767625475429969
"ENSG00000227560",2.03963621299929,-2.72551597531122,0.000172957304543454,0.000769708556661856
"ENSG00000235330",1.32858219643334,-2.6071830704149,0.00017296510549515,0.000769708556661856
"ENSG00000274156",1.94724295747426,-3.73503380668335,0.000173104520167921,0.000770205730192029
"ENSG00000183785",1.4869865163422,-2.98495381702828,0.000173759604829596,0.000772996783289436
"ENSG00000175707",1.04810237086934,4.31344817926305,0.00017379181217698,0.000773016419651101
"ENSG00000169738",0.802313031150696,5.56401793811864,0.000173853933146233,0.00077306951987316
"ENSG00000160716",2.87554664598888,-0.925047315666162,0.000173859340840852,0.00077306951987316
"ENSG00000167601",-1.17579658333298,5.19674869101818,0.000174140590200017,0.000774196329161296
"ENSG00000126460",1.01910097583012,3.44280489828784,0.000174192346459248,0.000774302658154236
"ENSG00000178971",-0.5095375917668,3.69513949385249,0.000174228922846649,0.000774305478559895
"ENSG00000172724",-1.78139797428339,2.9114293376157,0.000174248660349706,0.000774305478559895
"ENSG00000250182",-0.845247761401407,1.37527985580939,0.000174307003688188,0.000774441005364148
"ENSG00000165643",5.4454648504415,-0.91790369834046,0.000174448089341984,0.000774944051887655
"ENSG00000078319",0.511593594993457,2.57388582131964,0.000174698973026671,0.000775847366569996
"ENSG00000204745",0.508389578593146,0.414451894143506,0.000174707225284143,0.000775847366569996
"ENSG00000151065",-0.636432086899649,3.28117741219407,0.000175398407144056,0.000778787545259813
"ENSG00000203867",-1.4746473650893,-0.108893665913631,0.000175425303672841,0.000778787545259813
"ENSG00000279198",-0.769622836881,-0.533514684617279,0.000175851364700426,0.000780554421706505
"ENSG00000213281",0.626002350043899,5.6105284014795,0.000176304320878966,0.00078244009519813
"ENSG00000133055",6.50743725524066,1.09535255509003,0.00017649172271127,0.00078311263905762
"ENSG00000166224",0.878549372540636,7.05016795656645,0.000176512175394679,0.00078311263905762
"ENSG00000121413",-0.984151485989136,4.07952553939901,0.000176721892973822,0.000783918023808759
"ENSG00000145425",-0.568603077796661,7.94765989510971,0.000176915033081162,0.000784649627664865
"ENSG00000265912",1.8436657872064,-2.99050231426568,0.000177186662547317,0.000785729056987969
"ENSG00000197540",-1.32190814559791,0.198291219203704,0.000177651777374966,0.000787540466071078
"ENSG00000219410",1.0986608005013,-2.79033149333653,0.000177799653714369,0.000788070401395655
"ENSG00000206532",2.71667331351934,-0.108755280156306,0.000177943475303176,0.000788582198630855
"ENSG00000184786",0.755538520865575,0.787736455358774,0.00017820210594025,0.000789487405279862
"ENSG00000215089",1.53356533358165,-1.69729721944782,0.000178216045129923,0.000789487405279862
"ENSG00000267073",3.40761080755328,-2.44923682914321,0.000178232891732364,0.000789487405279862
"ENSG00000166546",1.91232400316345,1.05593593169316,0.000179194940673269,0.000793622433908541
"ENSG00000261052",1.4152853386474,-3.34355928166254,0.000179550633827896,0.000795016097035405
"ENSG00000225790",4.24643054765201,-3.84846355832663,0.000179566789687427,0.000795016097035405
"ENSG00000197894",-0.588334953382263,6.64756015552425,0.00017977261388665,0.000795800685982715
"ENSG00000100852",-0.611408889581289,5.54321216370768,0.000179804256239926,0.000795814095926332
"ENSG00000280285",-1.38634743387623,-2.3018690123392,0.00017987975334258,0.000796021571951818
"ENSG00000196263",-1.18122353986178,1.79296277477972,0.000180553336356172,0.000798875269499557
"ENSG00000178401",1.89934277395798,0.985894473957727,0.000180706477723995,0.000799425682350479
"ENSG00000225492",1.53557245787219,2.12494352985652,0.000180996736807287,0.000800582417433375
"ENSG00000218073",1.96599111328636,-2.66986938548421,0.000181219446503467,0.000801440048592927
"ENSG00000137270",3.91759543368298,-0.861254513764438,0.000181487591643125,0.000802370749701199
"ENSG00000112561",-0.857567352345484,3.89464479855856,0.000181631382541999,0.000802878837037606
"ENSG00000279573",1.31534279982186,-3.42074046821652,0.000181673591999337,0.000802937806177904
"ENSG00000025708",1.70327150330345,6.87750935567645,0.00018202753347331,0.000804255990460189
"ENSG00000272735",1.26375996439837,-3.11693088788473,0.000182029678925211,0.000804255990460189
"ENSG00000243317",0.506666036870164,5.87871769647575,0.000182072793177163,0.000804318709758011
"ENSG00000122729",-0.654183918714926,5.05501401900301,0.000182141978740341,0.000804496562602048
"ENSG00000258593",1.30094137296633,-2.70755968037122,0.000182177250878594,0.000804524591725362
"ENSG00000236047",1.3007702426016,-2.5200098143505,0.000182721840993752,0.000806801486515197
"ENSG00000275784",1.03592928475654,-1.47034211136337,0.000183438856523746,0.000809838875634118
"ENSG00000179271",0.766743625671606,5.55376432250097,0.000183660742779748,0.000810689769708481
"ENSG00000196611",2.83657073232434,6.38956611604453,0.000183879148338018,0.000811525032168405
"ENSG00000255306",1.15042150928175,-1.72853634693415,0.000184172266686281,0.000812689711779396
"ENSG00000189306",0.711054924079461,5.76274068873137,0.000184241483541375,0.000812750411262482
"ENSG00000105197",0.557384594023184,5.63756818684628,0.000184244466365007,0.000812750411262482
"ENSG00000279712",3.67206284429153,-2.48200973197791,0.000184386938035504,0.000813249906054783
"ENSG00000172725",0.585252771299633,6.72674605500794,0.000185139869018419,0.000816311854313459
"ENSG00000202538",5.04349832032926,2.72917261743048,0.000185302509359918,0.000816899459950451
"ENSG00000144229",-1.72984632855959,-0.969503531490763,0.000185365800344297,0.000816919506413553
"ENSG00000267278",0.981400240469488,0.947993524555512,0.000185690340488279,0.000818157519008834
"ENSG00000166123",1.02670308798952,5.0830100796931,0.000185705548394735,0.000818157519008834
"ENSG00000229422",1.38396000602054,-2.4585959025673,0.000186200657832318,0.000820105901107939
"ENSG00000080371",-0.531383063648633,5.64711348443705,0.000186206765379378,0.000820105901107939
"ENSG00000164038",-0.969621940394025,2.07394311326512,0.000186413130963479,0.000820884802325402
"ENSG00000108474",0.690773692947187,2.72504577960495,0.000186522289919468,0.000821235467710964
"ENSG00000149761",0.547174293033088,4.40575302890051,0.000186640773285022,0.000821627069860133
"ENSG00000278594",2.62991909039797,-2.95124215655911,0.00018679608211006,0.00082208306612782
"ENSG00000234616",0.783062148024009,3.98077103104001,0.000186803472402395,0.00082208306612782
"ENSG00000226777",-1.66770951255997,0.262483254135496,0.000186989812007281,0.000822772922220931
"ENSG00000149548",0.754589221602201,1.17900024578797,0.000187148484023139,0.000823340839312805
"ENSG00000051596",0.679011290526237,3.40697711251967,0.00018719648150541,0.000823421752350146
"ENSG00000118640",0.74000609079419,6.86697174501771,0.000187452584583324,0.000824417889787475
"ENSG00000109089",0.919795612467911,5.18819069912246,0.000187790381303291,0.000825772944693822
"ENSG00000035664",-1.04452972989161,2.13017020251198,0.000188644818041005,0.000829399039547023
"ENSG00000188293",3.94078651736211,5.31786325065224,0.000188727563903349,0.000829631695091488
"ENSG00000119630",1.47246996096209,4.1449546305905,0.000189215405947503,0.000831387797393573
"ENSG00000172379",-1.14845886394614,3.04299822690979,0.000189216724463428,0.000831387797393573
"ENSG00000176597",-0.881233934694672,4.75916187235543,0.000189302922409893,0.000831635157318961
"ENSG00000229237",0.860727868283327,-1.50888796819409,0.000189476318162947,0.000832265451210683
"ENSG00000188060",1.33995476339347,1.33398589799146,0.000189795356890765,0.000833403577708058
"ENSG00000158715",1.2047832930842,3.60626314057492,0.000189891366735155,0.000833693541121528
"ENSG00000171360",8.75029987732841,0.0920181077639185,0.000190678238564377,0.000837016074682927
"ENSG00000228150",0.773763061742425,-2.31866245333618,0.000190772464000229,0.000837297544774871
"ENSG00000277310",1.27889937876612,-2.31202886379445,0.000191349694351877,0.000839698493059127
"ENSG00000100985",3.1573078376956,6.41556277803864,0.000191597251038388,0.000840652207466587
"ENSG00000197608",1.01027610121094,3.40639036754468,0.000191795735000914,0.000841390343466943
"ENSG00000280069",1.83686825957616,-2.10772008988077,0.000192057223214786,0.000842404596952032
"ENSG00000273542",1.78763963306134,-2.76310303342028,0.000192219072527283,0.00084298156168422
"ENSG00000173253",3.34566480510653,0.175566813139887,0.000192286666608484,0.000843145050982462
"ENSG00000223806",-1.39186587590855,-3.99725912396694,0.000192598864294573,0.000844380865798384
"ENSG00000207383",0.780364990529292,-1.04879086375126,0.000193149249970597,0.000846660376585059
"ENSG00000259687",-0.897181379928858,-2.29819727701356,0.000193255973165824,0.000846994702436349
"ENSG00000122679",-0.929776281466109,3.28000473068016,0.000193404051395404,0.000847289705648448
"ENSG00000183684",0.635498803829778,6.03791546017249,0.000193407835325589,0.000847289705648448
"ENSG00000181982",-0.597810054143668,3.00374522571567,0.000193414674474598,0.000847289705648448
"ENSG00000260037",-0.785638458481845,-3.0577280974408,0.000193725227876282,0.000848516498098116
"ENSG00000180914",2.20922787130217,1.48794705666806,0.000194202360416398,0.000850472405961466
"ENSG00000263528",0.771240580329351,4.06063732904203,0.000194817705706385,0.000853032879220984
"ENSG00000141028",1.29189699312175,-1.95408285269062,0.000194879844290747,0.000853170645247685
"ENSG00000259430",-1.59484419212328,-3.255356528897,0.000195304389293583,0.000854894708753925
"ENSG00000105376",1.87210829899788,0.546839896501322,0.000195431092902114,0.000855314710761054
"ENSG00000135723",0.743113575816239,4.30778781959637,0.000195554654113969,0.000855720829904313
"ENSG00000134313",-0.544924830055972,5.61474643581584,0.000195669621227202,0.000856089220574511
"ENSG00000205746",-0.913532887811731,-0.229148787020181,0.000196319259951703,0.00085879641035494
"ENSG00000236242",4.70283903512299,-2.90765570335083,0.000196370589943376,0.000858885865402599
"ENSG00000262484",3.67349159616107,1.50076973098667,0.000196984748982743,0.000861436607461798
"ENSG00000249430",3.57301109809081,-0.767424281162335,0.000197503165113516,0.000863432180336722
"ENSG00000114209",0.518788078859617,4.80167869819732,0.000197625229781239,0.000863830035503001
"ENSG00000216588",2.85717860720651,-3.56728179111505,0.000197799721071318,0.000864456889088086
"ENSG00000197961",0.735672310467952,5.19209039212641,0.000198059655378828,0.00086532095429647
"ENSG00000224269",2.09869011295876,-3.46952252892331,0.000198187834967564,0.000865744974705961
"ENSG00000236714",-1.57961845039103,-3.03176800579732,0.000198226505238692,0.000865777919315915
"ENSG00000170627",3.52537027464442,2.21228751294649,0.000198475802616328,0.000866730648165793
"ENSG00000197562",0.658706956171063,5.01476542003314,0.000198531365308225,0.000866837184194293
"ENSG00000107815",0.605282453483951,3.54551718459997,0.000198606023370329,0.000867027048814779
"ENSG00000261390",-1.15762428534568,-2.43119447488257,0.000198692987843728,0.000867270569820718
"ENSG00000104327",4.47998936743856,3.98123885020705,0.000198843430753343,0.000867791046531105
"ENSG00000196172",1.24132124637137,2.57736181112131,0.000199360490914156,0.000869911097238063
"ENSG00000275481",1.45582086389907,-1.55043079063472,0.000199691189901844,0.000871217421919997
"ENSG00000214106",-0.599226920015901,1.20220829735389,0.000199972944469375,0.000872309834461532
"ENSG00000250413",2.46611284191662,-2.03827491739143,0.000200159096834546,0.000872848065264853
"ENSG00000177788",1.0156991873373,-1.35130018782405,0.000200278707468628,0.000873232746641316
"ENSG00000198881",-1.17048789846222,-2.29875064652969,0.000200653091320837,0.000874727966913236
"ENSG00000237208",3.23308313756097,-3.30066149707494,0.000200797627920281,0.000875220878443313
"ENSG00000142856",0.531775565021167,3.52379924679873,0.000201055343405158,0.000876206873413922
"ENSG00000198883",5.97431717161009,3.18161187518019,0.000201137278181721,0.000876426620408618
"ENSG00000158286",1.0380917138359,3.89347239299687,0.000201406143391897,0.000877460693320618
"ENSG00000233542",1.54028449326433,-2.7723946609308,0.00020149102074459,0.000877692992947421
"ENSG00000241388",3.97334166269003,-2.62578405630809,0.000201909478593894,0.000879378065789537
"ENSG00000263429",-1.78380757808774,2.41735089795272,0.000202809936324921,0.000883023287258145
"ENSG00000111859",-0.930078715616619,5.58078584090377,0.000203066411949957,0.000883863241872324
"ENSG00000123159",0.656926292207554,7.34136312072437,0.000203557579962206,0.000885862458377221
"ENSG00000139515",3.51815659401313,-0.345428559497288,0.000203793170833439,0.000886623417116284
"ENSG00000187954",0.581797163240162,5.94490588259164,0.000203796192630224,0.000886623417116284
"ENSG00000279199",1.43039540937723,-2.55652971810672,0.000203949904604588,0.000887153377661464
"ENSG00000075461",2.90635374163056,3.18229785521734,0.000204121550701086,0.000887717474234222
"ENSG00000164694",2.645654525908,3.80859300254116,0.000204143420889587,0.000887717474234222
"ENSG00000146731",0.645090253329369,7.36939580682717,0.000204277624511568,0.000888162196426486
"ENSG00000164877",0.785237061133839,5.32451664094192,0.000204321517245118,0.00088821418554837
"ENSG00000239569",0.84307622405787,1.59790727715917,0.00020453905873243,0.000889020915850146
"ENSG00000273443",2.04474789221581,-1.51482300316565,0.000204685119706042,0.00088940343361085
"ENSG00000198755",-0.509949606900724,8.67966725397535,0.000204691021412399,0.00088940343361085
"ENSG00000273002",1.09396707573049,-0.951660523986092,0.000204766235703594,0.000889520144031582
"ENSG00000125780",-2.08056403952219,-0.159231986848372,0.00020478184597973,0.000889520144031582
"ENSG00000143674",1.17482569758537,2.42035937409493,0.000205111903092527,0.000890814703421682
"ENSG00000156298",-1.47285512421904,3.54406305486952,0.000205189452248945,0.000891012370866497
"ENSG00000224594",2.27919019646721,0.310714486677993,0.000205335425173256,0.000891507052816697
"ENSG00000102935",-1.05585562459904,2.14923840807094,0.000205381977191417,0.000891569990888855
"ENSG00000164867",-0.82797621047385,2.82656905682165,0.000205547578406776,0.000892149625191583
"ENSG00000164304",2.35790777939882,-2.21020655640586,0.000205786540436793,0.00089304744096872
"ENSG00000099804",0.631842465788254,5.62414187585035,0.00020675027103948,0.000896530291303562
"ENSG00000124203",-1.34060077334083,-0.355635650517566,0.000206822318663039,0.00089670290708887
"ENSG00000257167",0.928680915129969,1.66728820133197,0.000206933892359034,0.000897046812372476
"ENSG00000278238",0.99459450902147,-0.747797131822109,0.000207135335079748,0.000897703508540735
"ENSG00000125991",0.530195134652272,7.78226970588325,0.000207149934124849,0.000897703508540735
"ENSG00000143669",-0.692970726500705,4.28196899277777,0.000208090504926615,0.000901639073613328
"ENSG00000203780",0.910824365647698,1.58935618417303,0.000208122982003599,0.000901639329979145
"ENSG00000133067",-1.51299097764688,1.6668098144314,0.000208309851095031,0.000902308345819357
"ENSG00000253982",-0.617015144923438,2.26458693285917,0.000208836312896557,0.000904447893271871
"ENSG00000272654",0.688476204402392,0.0841237087255328,0.00020891086462538,0.000904629904690282
"ENSG00000135914",-1.13567825289712,-0.685294668701381,0.000208994149096388,0.000904849668246862
"ENSG00000241563",1.05125505307726,-1.80534110973656,0.000209101258891673,0.000905172500164064
"ENSG00000269997",1.53628731880409,-3.00096642915995,0.000209269862154867,0.000905761387505965
"ENSG00000010030",1.28398976487758,3.53110977249308,0.000209817475060701,0.000907897784552496
"ENSG00000157542",2.29268622830715,-2.22063430884484,0.000209828747675671,0.000907897784552496
"ENSG00000163814",1.16502331773668,5.99044644428743,0.000210073574185126,0.00090881572854424
"ENSG00000112304",0.615238229303434,4.24862891307198,0.000210150803098088,0.000909008442700951
"ENSG00000257336",2.61242439352313,-2.8736319395131,0.000210730021598543,0.000911372117978584
"ENSG00000177238",2.76948785797112,-0.942604587353086,0.000210884301319907,0.000911897554821297
"ENSG00000108417",3.80901725661204,-2.6747753167937,0.000211460081226936,0.000914245179413145
"ENSG00000258476",-1.35868012145292,-3.09981000118171,0.000211591062025722,0.000914669289418933
"ENSG00000269855",-1.45548619293338,-2.18721050463211,0.000211829403105078,0.000915557294259755
"ENSG00000259736",0.985108365660887,-2.16500401576683,0.000212037555084233,0.000916314561770939
"ENSG00000126231",1.54177799485119,-2.24283812886629,0.000212213164227975,0.000916930982860442
"ENSG00000167977",0.536037291696037,5.03703129837161,0.000212331148471845,0.000917298265369278
"ENSG00000205076",-2.55952724171492,1.2347674575133,0.000212546867066821,0.000918087593373116
"ENSG00000235162",1.68633865129945,3.83412475624666,0.000212969948909277,0.000919772234318901
"ENSG00000267681",0.92065552188126,-0.713772329686336,0.000213183832930567,0.000920553011224632
"ENSG00000231528",1.81434356895696,-0.912149006382643,0.000213294111886631,0.000920731730713835
"ENSG00000279296",1.78460418518985,-2.38621744516519,0.000213384185744917,0.000920731730713835
"ENSG00000104267",2.24782811733941,4.4762007207679,0.000213385977938567,0.000920731730713835
"ENSG00000047617",-0.98871750300903,-0.6891837762855,0.00021338787721404,0.000920731730713835
"ENSG00000083097",-0.61557524538724,3.47969968812493,0.000213390743040354,0.000920731730713835
"ENSG00000087237",-0.991234856826829,-0.0190709451348423,0.000213662557554223,0.00092174791319433
"ENSG00000216937",0.764165022167466,0.0586828564036149,0.000213692537456478,0.00092174791319433
"ENSG00000260219",0.978040832815341,1.17594259596625,0.000213745757323807,0.000921834508985432
"ENSG00000269640",1.27001002029842,2.30343623797844,0.000213865554471806,0.000922208165352612
"ENSG00000154764",3.07768283764911,2.70525290795424,0.000214148654161708,0.000923285772469321
"ENSG00000166394",1.01917361796709,4.23631018514917,0.000214275743220791,0.000923690521729674
"ENSG00000134278",-0.926844997636933,2.9840386212374,0.000214517547561276,0.000924437737791208
"ENSG00000213412",2.05815060791213,-2.77762670700272,0.000214522614362901,0.000924437737791208
"ENSG00000197362",0.520150461096986,2.83108939548403,0.000214548793637588,0.000924437737791208
"ENSG00000073060",0.964137286799125,5.29957830146684,0.000215795957127363,0.000929667434260124
"ENSG00000146858",1.04369431336825,1.28794797713202,0.000215846574411511,0.000929741485845961
"ENSG00000177875",-1.05838380752309,0.0939340400865163,0.000215922873400846,0.000929926119216126
"ENSG00000102854",3.49772185011983,3.91144545976834,0.00021607161867737,0.00093042265525216
"ENSG00000180730",2.92457005484754,3.39342223064177,0.000216120916993773,0.000930490876834027
"ENSG00000229348",1.08682428466737,-1.48437118522445,0.000216460327544839,0.000931745427931983
"ENSG00000177548",0.684498688428807,5.07672610900254,0.000216479306629866,0.000931745427931983
"ENSG00000086717",1.68159428241421,-1.09440955825123,0.000216906415853855,0.000933439291991842
"ENSG00000226245",1.21151311228732,-2.30003842578684,0.000217021097417949,0.000933788332686482
"ENSG00000137265",-1.30451568524201,1.42405837405969,0.000217372437181809,0.000935045936321116
"ENSG00000185917",0.509487833408189,3.71861002613182,0.00021738061425421,0.000935045936321116
"ENSG00000257194",2.26527826886417,-0.861869605013877,0.000217721259333732,0.000936310514286443
"ENSG00000276449",0.942869569891291,-0.693155874283739,0.000217741933858437,0.000936310514286443
"ENSG00000106588",0.510782676508861,3.96779045242518,0.000218052681516473,0.000937501813420571
"ENSG00000197506",2.52426610149526,2.38972285452357,0.000218421299158605,0.000938941513678251
"ENSG00000166908",0.56308993269723,5.4450769214143,0.000219167556772594,0.000942003903031397
"ENSG00000227815",2.4319364136375,-3.70500808118573,0.000219347410783891,0.000942631263308461
"ENSG00000224877",0.738220843316951,4.28665564548577,0.000219404647653767,0.00094273157194411
"ENSG00000228697",3.82242190537934,-2.58777800752918,0.000219604674037821,0.000943445288695382
"ENSG00000187601",-0.791466933704474,3.14131104828799,0.000219990756939288,0.000944812063426872
"ENSG00000211450",0.601975149952678,5.82333329001938,0.000220721513589805,0.000947804146591516
"ENSG00000114166",-0.740793035239098,4.13801648468233,0.00022096608282164,0.000948707882296737
"ENSG00000123576",5.31112718104976,-2.5008555208329,0.000221403347529249,0.000950438540643771
"ENSG00000263655",4.20656743884525,-3.55467551370048,0.000221984728525042,0.000952787230627622
"ENSG00000125869",2.28775654642903,1.24205448562535,0.000222022463793021,0.000952802157919348
"ENSG00000176933",1.26078734772304,-1.55102051590254,0.000222149287690165,0.000953199342568123
"ENSG00000099341",0.60552069950882,6.92225046513127,0.000222432376951848,0.000954266805516234
"ENSG00000214193",0.97637980825779,2.52456211298447,0.000222580523724164,0.000954755105851354
"ENSG00000145192",6.2641318502154,-1.55391062888881,0.000222754378469925,0.000955353512472479
"ENSG00000267049",0.808006649545257,0.0112428969533571,0.000223261916877245,0.000957359504268354
"ENSG00000149311",-0.574614883664577,4.55209818898629,0.000223290946830217,0.000957359504268354
"ENSG00000108511",1.80770490218027,3.31193559554373,0.000223513845999071,0.000958167478232453
"ENSG00000120833",-1.02484086808964,3.90178334239969,0.000224056663635019,0.000960346430217413
"ENSG00000212724",4.92571888628189,-1.97163953833162,0.000224469310559705,0.000961966862033448
"ENSG00000106263",0.540017574128469,7.62770843123215,0.0002248228329669,0.000963333454522937
"ENSG00000167103",1.24736758682933,0.830588568788796,0.000225065506985608,0.000964224729789082
"ENSG00000258691",-1.54596955990044,-3.91616662446808,0.000225191755855948,0.000964617019193207
"ENSG00000120992",0.660176996401396,6.21912309586025,0.000225232984541628,0.000964645056830349
"ENSG00000281706",1.50961693663959,-1.24270941622247,0.000225374367980132,0.000965101970228085
"ENSG00000112096",-0.955014725722711,7.91273261095935,0.000225914688223425,0.000967266813971383
"ENSG00000091317",0.649253177292261,6.85596577972086,0.000226206605222587,0.000968191172848373
"ENSG00000135953",0.706597228336403,3.76583505455049,0.000226257410655173,0.000968191172848373
"ENSG00000270933",1.63216008164838,-0.926338696365885,0.000226269824309295,0.000968191172848373
"ENSG00000196660",3.16579655816495,-2.06912323332794,0.000226697902349717,0.000969724509082235
"ENSG00000242282",-0.702665128043279,0.333707859440898,0.000226748108675172,0.000969790119419123
"ENSG00000227295",-1.15538526210845,-3.84559699799055,0.000227394727706214,0.000972406144171729
"ENSG00000134259",-1.32356144248089,-0.387059751604376,0.00022752636347853,0.000972819484616198
"ENSG00000163479",0.501895516734465,7.51738349282064,0.000228119902634272,0.000975207324310947
"ENSG00000172840",0.540679949186357,3.16914097759554,0.000228379112293862,0.000976165398836512
"ENSG00000260461",-0.791309128551083,1.10630966759046,0.000228494813295635,0.000976509871264829
"ENSG00000042493",1.00237431904055,7.77007233636771,0.00022866037471266,0.000977067291731941
"ENSG00000230091",1.50616790527524,1.39260902795536,0.000229111796491465,0.000978695499280774
"ENSG00000228300",0.775727720378038,5.05766680337803,0.000229253415596187,0.0009791500687925
"ENSG00000186603",2.0825864947114,1.29692845400535,0.000229372075512383,0.000979506454203272
"ENSG00000105559",-0.939769248151214,4.04423227667575,0.00022981324129111,0.000981239742098501
"ENSG00000069998",0.55745241671063,4.83229172608032,0.000230251221886436,0.000982808047011578
"ENSG00000272711",0.954909267648476,0.80637871350243,0.000231615490098884,0.00098832795736733
"ENSG00000157014",0.509740612449751,4.75469773114856,0.000231724285008045,0.000988640518320104
"ENSG00000277218",1.31114784147669,-2.5127906797963,0.00023206402741222,0.000989938158652773
"ENSG00000182747",3.84134447435237,-1.25543715025531,0.000232278066146638,0.000990699256822027
"ENSG00000101745",-0.557664551882042,4.78192699761506,0.000233007198936817,0.000993656734748496
"ENSG00000256806",0.738731581645175,1.27943163465801,0.000233230561699529,0.000994456785612295
"ENSG00000231702",2.73734860859668,-3.00660888618841,0.000234045908480179,0.000997780326879097
"ENSG00000217078",1.83672703038741,-2.55469960687098,0.000234477869488712,0.000999468656565446
"ENSG00000136931",4.58647667298158,-0.952608685249261,0.000235403596526741,0.00100298797086338
"ENSG00000270133",1.5372543366192,-3.66675876012974,0.000235411695027366,0.00100298797086338
"ENSG00000231298",3.18707563410795,-0.0584575111788343,0.000235714116528963,0.00100412264098944
"ENSG00000134253",0.862804350276467,3.09779408738224,0.000236482061350577,0.00100723975074175
"ENSG00000161980",0.561069750129584,3.65056058352569,0.00023674908135749,0.00100814600621198
"ENSG00000160959",0.51892828657815,4.71382482589442,0.000236767328679993,0.00100814600621198
"ENSG00000269920",-1.18881391622964,-3.69986678797453,0.000236879980892487,0.00100847128555989
"ENSG00000225953",1.86388356606915,-2.52383682533119,0.000237456144717752,0.00101076947551804
"ENSG00000229604",3.94448052416846,0.921687193157868,0.000237555521959002,0.00101103775550814
"ENSG00000152117",0.625714924194175,3.99904340855442,0.00023770849782877,0.00101153403459479
"ENSG00000170482",1.70875759016556,-0.357339311480381,0.000238286350022544,0.00101375474762065
"ENSG00000197837",1.40196621017789,0.337082804452929,0.000238303258905684,0.00101375474762065
"ENSG00000135446",0.6969270859204,5.87315814931085,0.000238651052093266,0.00101507902001377
"ENSG00000260288",1.18113129207648,-3.06697630996735,0.000240003254797739,0.00102067439230726
"ENSG00000164011",0.550427101933127,2.98564745474483,0.000240285368965869,0.00102156174977801
"ENSG00000270244",2.01620449528093,-2.6956402489425,0.000240475427432769,0.00102221352027932
"ENSG00000133027",0.69486490073127,3.85317624007044,0.000240534995202661,0.00102228311439045
"ENSG00000277758",-1.21463718624981,-2.42088120471963,0.000240615532660009,0.00102228311439045
"ENSG00000219626",-0.60436944210003,1.9872412184037,0.000240621180315209,0.00102228311439045
"ENSG00000237764",2.58978843438916,-3.86336734545582,0.00024063882177091,0.00102228311439045
"ENSG00000218586",-1.08858880166957,-3.38449666844922,0.000240937884783684,0.00102339728000742
"ENSG00000255690",-1.04331575812569,1.43949445872202,0.000241191388395004,0.00102431761878611
"ENSG00000212607",1.38370184721554,-3.07339583814436,0.000241430354861847,0.00102517594805688
"ENSG00000265178",2.39838636448011,-3.24522978975082,0.00024159958775295,0.00102567445031738
"ENSG00000160117",1.37914378355862,0.0610375010006727,0.000241755716225152,0.00102593099410591
"ENSG00000278952",1.88958703596316,-1.47781140053798,0.000241854004468516,0.00102619152193483
"ENSG00000099399",6.2155273898288,0.770548845358523,0.000241992689758392,0.00102662334964157
"ENSG00000223959",0.574142650363952,3.38116723828687,0.000242269726973833,0.00102764189664835
"ENSG00000182585",-1.86851173933784,0.908358886818301,0.000242618160915523,0.00102896293222681
"ENSG00000160183",2.43817113392929,2.46539408877545,0.000242887221591961,0.0010299469879764
"ENSG00000258344",1.73338279474535,-3.69473371648051,0.00024300409122554,0.00103028548616706
"ENSG00000165272",-1.46774439765957,8.86183260332789,0.000243711644037061,0.00103312787008121
"ENSG00000205336",0.904136432657141,7.39480249250789,0.000244040679791534,0.00103436504526698
"ENSG00000126749",0.566881779154368,4.09691282396286,0.000244136476141033,0.00103445579081513
"ENSG00000165181",1.70310142704829,0.0905753185636798,0.000244414117388935,0.00103547446259535
"ENSG00000174529",0.596656801476767,0.843583674550456,0.000245108798921026,0.00103825937014781
"ENSG00000065485",0.676842201363402,4.55767395844057,0.000245245980759872,0.00103868226935805
"ENSG00000258334",1.4489004141576,-3.69281906162414,0.000245304995752365,0.00103877403271323
"ENSG00000146755",-1.31220928169112,-3.75553547547647,0.000245529179860284,0.00103952812584913
"ENSG00000269814",1.8011874766716,-3.0120292358396,0.000245557825003731,0.00103952812584913
"ENSG00000109321",-1.57811375324141,5.00753646296078,0.000245745677857333,0.00104014461216731
"ENSG00000102871",0.633517877411735,4.68346257942482,0.000245778247264356,0.00104014461216731
"ENSG00000177383",0.552402847620307,5.29272818063815,0.0002458701170158,0.00104037510490802
"ENSG00000258559",1.08974215115078,-1.24310893434328,0.000246013949876627,0.0010408253708425
"ENSG00000158571",0.860316726504988,-1.42344334881281,0.000246375336471745,0.00104219577692603
"ENSG00000004478",0.630829713187457,7.26346955994869,0.000246439486848792,0.00104228582962015
"ENSG00000050165",-0.947864849936167,5.11775862543984,0.000246471574494363,0.00104228582962015
"ENSG00000170099",5.57530928086856,-0.904408722271128,0.00024661292664756,0.00104272504239109
"ENSG00000266976",7.78459733506758,1.92958446943241,0.000246874077842133,0.00104367057714292
"ENSG00000180828",-1.162979745619,-0.117731610638642,0.000247123146830999,0.00104456475422653
"ENSG00000253414",2.13450112939851,-0.46203962692756,0.000247177611404938,0.00104463621121494
"ENSG00000167264",0.609215165438437,3.97151450254779,0.000247515064587711,0.00104590344748982
"ENSG00000128011",1.40709520038434,1.26141394782967,0.000247732147656055,0.00104666173822845
"ENSG00000238795",2.07576805190701,-1.63360680354978,0.000247991378888267,0.00104759784644887
"ENSG00000267493",0.804333990579156,-0.166495719830184,0.00024894190720574,0.00105133565830928
"ENSG00000149927",2.41109120925052,0.43050086402867,0.00024895180834951,0.00105133565830928
"ENSG00000213754",-0.972941763996908,-3.4989189501054,0.000249306447486784,0.0010525136951958
"ENSG00000131477",-0.780988513935159,3.17295231316786,0.000249474687132917,0.00105304891762168
"ENSG00000085662",1.40706133206505,7.21077165160832,0.000249532921867564,0.00105304891762168
"ENSG00000279529",0.828974198420488,-0.755510941784076,0.000249546809622999,0.00105304891762168
"ENSG00000203362",0.810156182658564,-0.880436870179398,0.000249682136736948,0.0010534601439722
"ENSG00000253686",3.00257371135989,-3.28988465241906,0.000249946847579446,0.00105441705926394
"ENSG00000111644",1.13505906393212,0.946704077520169,0.00025039210223871,0.00105613520466564
"ENSG00000139292",3.08004863498998,0.98564034345297,0.000250595183116564,0.00105667128987583
"ENSG00000237054",0.881088632457748,-1.99055122505857,0.00025093131130905,0.00105792823426385
"ENSG00000265625",1.32522440318583,-2.89291627913183,0.000251009715715014,0.001058098396966
"ENSG00000258572",-1.53090716670657,-2.74739526848529,0.000251482723109414,0.00105983177937734
"ENSG00000114439",-0.548157031598919,5.30322276812093,0.000251497132416152,0.00105983177937734
"ENSG00000213337",0.5583622041409,3.09103291303606,0.000251749703657242,0.00106073542006043
"ENSG00000235488",1.21806913954379,-2.76688389699698,0.000252151391093171,0.00106226698583374
"ENSG00000177917",0.58809817788377,3.945630450926,0.000252455310367193,0.00106338627097421
"ENSG00000224786",-1.12147321678191,-3.74449308072764,0.000252908278241357,0.00106513294105495
"ENSG00000214548",-1.30048678599182,4.00647351963462,0.000253905035294827,0.00106916892455034
"ENSG00000279670",2.74165369299136,-2.86976536990272,0.000254291906571005,0.00107047386067192
"ENSG00000102996",0.931595395066648,5.54578922330873,0.000254488459287853,0.0010711391522659
"ENSG00000232850",1.5740407199213,-1.90389013009436,0.000254612169191343,0.00107149769431364
"ENSG00000273783",0.750186582049162,-1.22692347151437,0.00025510632086695,0.00107341484149357
"ENSG00000108179",0.857598439875383,6.61287830030142,0.00025547770001256,0.00107481489494015
"ENSG00000274549",2.25233653931184,-3.37900871937572,0.000255770489101634,0.00107588394031817
"ENSG00000090539",-1.07113800076257,1.42255618690977,0.000255812917594237,0.00107589969409474
"ENSG00000261338",-0.802116006639066,0.90500041657103,0.000256049310310262,0.00107673109580576
"ENSG00000163689",1.77991331487721,1.65654860046371,0.000256507078402464,0.00107849302669807
"ENSG00000233399",4.72083660286077,-3.88127433494029,0.00025660485703504,0.00107874106540441
"ENSG00000280316",-0.702092911624915,-2.53716778387041,0.000256795558918495,0.00107937961012545
"ENSG00000158406",1.91331896299898,0.879225973820233,0.000256995978481299,0.0010800588016773
"ENSG00000164674",-0.870649847351299,2.17380177785637,0.000257052591761678,0.00108013351483118
"ENSG00000105619",0.72760885557151,4.2270665703713,0.000257179685024573,0.00108050431715837
"ENSG00000281386",-2.3084390901849,-4.20384518179917,0.000257253110089954,0.00108064956214045
"ENSG00000281404",1.12204518795896,1.26545280666983,0.000257434862420345,0.00108124974758337
"ENSG00000031691",0.624076676392736,2.39418313495874,0.000257710790956745,0.00108224524065831
"ENSG00000260456",0.719684165183355,-0.0596170610623959,0.000257925929256748,0.0010829851857515
"ENSG00000280537",1.18775306121015,-1.29721216674162,0.000258153177521185,0.00108377574738064
"ENSG00000148835",0.563690097893752,2.0337130058201,0.000259277705990687,0.00108816822645525
"ENSG00000196950",0.753928960372392,4.23370977984037,0.000259844688600172,0.00109038327158066
"ENSG00000204839",1.28732637265225,4.39766340258411,0.000260084709220347,0.00109122582856321
"ENSG00000235505",-0.962947587193009,0.0096943452803437,0.000260326151280479,0.00109190940213602
"ENSG00000109133",0.518432682151438,5.58471430886344,0.000260851568002483,0.00109394822992356
"ENSG00000269924",1.29043663206884,-2.29122040067764,0.000260942310852306,0.00109405685915235
"ENSG00000178814",1.09353940497708,4.05136730521404,0.000260956142940953,0.00109405685915235
"ENSG00000261884",0.847916876453867,1.35233693896204,0.000261058093523285,0.00109431933009241
"ENSG00000279331",1.0140827777875,-1.72884296766509,0.000261805192300239,0.00109728568617338
"ENSG00000109654",-0.876598061229893,4.76011134084508,0.000261983022051829,0.00109786557063847
"ENSG00000230424",-0.66308473296995,-1.64899001896635,0.000262741449334287,0.00110080881156092
"ENSG00000106031",-1.16229775282178,3.52714025256477,0.00026276452378215,0.00110080881156092
"ENSG00000186166",0.753627319481373,3.68000145502027,0.000262886189364743,0.0011011526483135
"ENSG00000275897",2.02619847751907,-0.428503528735043,0.000263493229553858,0.00110352916632758
"ENSG00000112559",1.40991524074493,5.4308925019113,0.000263704882418421,0.00110408307913647
"ENSG00000215845",1.07568453241607,5.3610337802057,0.000264487739446787,0.00110719408447223
"ENSG00000058404",2.488740754847,0.404836080617903,0.000264758345297421,0.00110816009898528
"ENSG00000271745",-1.09232685303494,-2.44695924690889,0.000264805970773415,0.00110819266703596
"ENSG00000139266",0.724824412808034,4.04146733380293,0.000265096907614608,0.00110924331149166
"ENSG00000163251",1.07826593646789,4.03798846373948,0.000265856653403322,0.00111208769756454
"ENSG00000253161",2.03765168860436,0.765519673201185,0.000266186119308915,0.00111329842651712
"ENSG00000061676",-0.514015374486685,6.90198980286365,0.000266585518421762,0.00111480123648541
"ENSG00000114388",0.627734410522549,4.1281863188177,0.00026678912815894,0.00111548497015704
"ENSG00000167595",0.604774402802564,3.29935087649702,0.000267248515199331,0.00111723778043574
"ENSG00000181097",0.993916455375119,-0.513368028778601,0.0002674701991706,0.00111799649076223
"ENSG00000221826",4.62910996993482,-3.93751470931252,0.000267719278724773,0.00111883107929671
"ENSG00000228044",-1.71476941252184,-2.05490855382185,0.000267780187390368,0.00111883107929671
"ENSG00000183091",1.69385933093812,2.373858981972,0.000267813964017982,0.00111883107929671
"ENSG00000129422",-0.726861035775296,5.35457129690442,0.000267830774312641,0.00111883107929671
"ENSG00000157856",2.24911823294507,-2.16807997116452,0.000268324146815535,0.00112072375662719
"ENSG00000108679",0.901188920695515,9.17669861806449,0.000268418327778394,0.00112094879136644
"ENSG00000171119",-1.1779720457809,-0.346633189296194,0.000268595863431411,0.00112152180597775
"ENSG00000272862",1.44744523906279,-3.62845616847436,0.000268971165895487,0.00112275176903065
"ENSG00000134490",0.857787390164788,2.76347506868324,0.000269510566048257,0.00112466577246814
"ENSG00000267197",1.26704150747528,-2.79214540219955,0.000269711850718072,0.00112526654037961
"ENSG00000280033",1.11916092329414,-1.63004974636951,0.000269735448341094,0.00112526654037961
"ENSG00000214128",3.04465371684492,-2.76817724856526,0.00026985302119101,0.00112555250968916
"ENSG00000108439",0.620159871795144,3.92914593437573,0.00026988493463909,0.00112555250968916
"ENSG00000227038",-1.19548843550772,-2.3689368683625,0.000270046684704893,0.00112605823713601
"ENSG00000165084",-1.45251900139588,-1.71602734882004,0.000270419241580036,0.00112744271714369
"ENSG00000129474",1.13652531445626,4.75080652103705,0.000271127053169982,0.0011302243300085
"ENSG00000134851",0.551368290160813,6.38030521786069,0.000272177232706447,0.00113443209549894
"ENSG00000227066",3.17538151998891,2.74988325709848,0.000272374381945995,0.00113508371067785
"ENSG00000240216",2.78445031422469,-0.834193902309675,0.000273771699438715,0.00114073592157138
"ENSG00000271452",-0.610743219339294,-1.62805340296999,0.000274787756609929,0.00114479806389933
"ENSG00000169067",3.66750988262806,-2.06471642989578,0.000275323604529787,0.00114679654482968
"ENSG00000100142",-0.932219300059339,-3.00323188471265,0.00027534992005079,0.00114679654482968
"ENSG00000203747",1.96850945083091,5.18044715463436,0.000276140795091993,0.00114974609788826
"ENSG00000064601",0.653583571850431,7.19958665619887,0.000276307775507711,0.00115009700092726
"ENSG00000122034",0.564983563708169,6.16494133940952,0.000276426465790376,0.00115041886772823
"ENSG00000277945",4.33448320635857,-3.48132126247499,0.000276527013552944,0.00115066514481569
"ENSG00000231638",2.57609682751841,-2.5927678415942,0.000276792122271721,0.00115159600549639
"ENSG00000189227",0.530394079155125,2.18465580781883,0.000277270220992253,0.00115341260192305
"ENSG00000125999",-2.244123055517,4.26871849517924,0.000278636799001685,0.00115892407516582
"ENSG00000105287",0.502569355646824,5.9363329513545,0.000278781064115289,0.00115935073807394
"ENSG00000278071",2.21999354409745,0.612700212281702,0.000278971166543482,0.00115996786591028
"ENSG00000175003",1.96937988664202,-0.47806899135039,0.000279193149287782,0.00116071734845158
"ENSG00000122674",0.583953046669636,2.64687404419539,0.000280575851895535,0.00116625128783747
"ENSG00000105655",1.28362328290179,6.30117763330947,0.000280608119160405,0.00116625128783747
"ENSG00000274736",-1.45537854790543,-1.41990739350312,0.000281525447212007,0.00116988902783618
"ENSG00000154451",2.58918238137235,4.85515265937692,0.000282000695261942,0.00117168887620562
"ENSG00000012211",0.651696191971324,3.84997334005862,0.000282065779747619,0.00117178424676931
"ENSG00000268949",2.10350655531362,-3.09569504807624,0.000282205312772222,0.00117218882379537
"ENSG00000118094",-1.44696781800431,-2.02219816463012,0.000282752993892706,0.00117428834091949
"ENSG00000169926",-0.822104895051305,5.18514095681952,0.000282885532071477,0.00117448802858695
"ENSG00000243537",2.30114317818674,-3.4153910047827,0.000283354369190161,0.00117625896571432
"ENSG00000272941",0.932088257103915,-0.720375445943166,0.000283477486556033,0.00117659443867825
"ENSG00000131401",-1.25411884909043,2.2792252105558,0.000283926460118004,0.00117820410565132
"ENSG00000265203",2.74015450591029,-1.80533021801881,0.000283967303750321,0.00117820410565132
"ENSG00000279312",-1.22804429596278,-1.19364092745858,0.000283992389324649,0.00117820410565132
"ENSG00000272143",-1.17455120850959,-0.467002880363274,0.000285007011200347,0.00118223713684045
"ENSG00000253931",2.7722411256244,-2.98331503038614,0.00028577582598528,0.00118524948525628
"ENSG00000231852",-1.40743553930202,-2.34001694772162,0.000286457540131109,0.00118789974111623
"ENSG00000233384",2.82274214994175,-1.84844239371215,0.000286587701770046,0.00118808522124464
"ENSG00000041988",0.522097311066719,3.43380851230597,0.000287014929113517,0.00118967901988588
"ENSG00000281555",1.38486884392696,-3.36348727347364,0.00028721337178097,0.00119032417066669
"ENSG00000224418",0.880413907946854,-1.17966290462544,0.000287364167237405,0.001190771690014
"ENSG00000085433",-0.550855562722703,3.46611405226118,0.000287443026486039,0.00119092103316791
"ENSG00000188306",2.0534349535959,-1.09783027417123,0.000287541388323071,0.0011911511220479
"ENSG00000272788",1.67181134201977,-2.8358357035153,0.00028784551387336,0.0011922333994579
"ENSG00000187144",3.47626029966379,-2.31572013164717,0.000287963042497825,0.00119254259990947
"ENSG00000177455",-1.70792527713193,1.39157112170761,0.000288291054963294,0.00119368373610048
"ENSG00000277324",1.0567663835596,-2.56942842344127,0.000288324428832669,0.00119368373610048
"ENSG00000149418",0.963191712724367,7.78057871828978,0.00028846586289366,0.00119409153812492
"ENSG00000114739",0.956440719520831,3.71572097627006,0.000289169241674695,0.00119682501766344
"ENSG00000177302",0.550053761097688,4.19294823470584,0.000289666038363003,0.00119870280092103
"ENSG00000224680",0.78871399428208,-2.63845628297939,0.000289906866427714,0.00119952092769325
"ENSG00000106628",0.65416452808026,6.31481180248988,0.000290074337931882,0.00120003533554952
"ENSG00000128487",1.23841745800285,4.32210118198227,0.000290505459200487,0.00120164014526221
"ENSG00000117791",-0.672723284679286,2.63817271754713,0.000291115851369583,0.0012039858995007
"ENSG00000142632",0.982716557237446,4.98968171496213,0.000291212926863389,0.00120420831621342
"ENSG00000076321",-0.503863445375182,3.42681360120362,0.000291462562607383,0.00120506143210928
"ENSG00000250067",1.31710592077277,2.07006653177203,0.000291802423240718,0.00120628727669353
"ENSG00000187953",0.513805803722611,2.00375479305211,0.000292146129392378,0.00120752865162583
"ENSG00000263818",1.22952905002632,-1.81520741723433,0.000292663412424272,0.00120948699699202
"ENSG00000068745",0.625336322080338,5.98589979580009,0.00029275500102706,0.00120968575896087
"ENSG00000236305",1.09922365810397,-1.21934204454807,0.000293040320299798,0.0012106848527181
"ENSG00000266265",2.83707662093379,-1.61347076844198,0.000293549645731078,0.00121260898510596
"ENSG00000172954",0.552517964715661,3.93370310869205,0.000293990501378245,0.00121424974975247
"ENSG00000279225",1.40820204100644,-3.26147996403897,0.000294717272257218,0.00121707074881812
"ENSG00000169252",-1.2077380116018,1.76557661522743,0.000294903449660777,0.00121765879534074
"ENSG00000109193",3.65299754072089,2.99911615165446,0.000295153192581563,0.00121850909088185
"ENSG00000134575",0.63386624636656,5.17523125014945,0.000295515324729347,0.00121982305234451
"ENSG00000232040",1.61628766788152,1.17003554691021,0.000295570458267858,0.00121986958833713
"ENSG00000154188",-1.26233645593857,1.77712092902041,0.000296116627272091,0.00122194239678319
"ENSG00000164054",0.688234203829967,8.09058639043343,0.000296492453431942,0.00122331176491657
"ENSG00000104415",2.03691132086884,2.92127705802602,0.000297007722197717,0.00122525597411526
"ENSG00000151025",2.38903551114279,0.941930437541345,0.000297810945558665,0.00122809008977129
"ENSG00000156968",-1.30748199558361,1.73333518089449,0.000297827190720432,0.00122809008977129
"ENSG00000197124",1.30454287772591,2.53855224052554,0.000297905460512324,0.00122823074017629
"ENSG00000142178",-1.60620445370183,2.42433934332703,0.00029819547871797,0.00122924423441276
"ENSG00000230838",2.84868425559663,-0.144976669264746,0.000298598870898333,0.00123072471788609
"ENSG00000107105",2.80471650606418,0.648161300886179,0.000298706517226837,0.00123098597771966
"ENSG00000172478",-1.51480421578245,2.9678566222765,0.000298890642006887,0.00123147931357649
"ENSG00000149633",-1.32624451483522,1.66886956220024,0.000299288252565791,0.00123283533302908
"ENSG00000170293",1.02115676529432,2.45228826664281,0.000299398746957163,0.00123310785563743
"ENSG00000253394",2.9902798043686,-3.6751409901353,0.000300320427647192,0.00123672076608696
"ENSG00000100522",0.586568432210506,4.297346325625,0.000300806133762653,0.00123853752751157
"ENSG00000109424",3.77897001717003,-1.76185319821219,0.000301099042419658,0.00123956004541414
"ENSG00000178175",-0.990952390604225,-0.781709003711826,0.000301282552899001,0.00124013195852892
"ENSG00000228420",5.02111886150102,-2.6462010125813,0.000302115620124994,0.00124300913351131
"ENSG00000182583",3.52360346291923,-0.705796068461096,0.000302405806072538,0.00124397349666376
"ENSG00000269737",1.39706084448862,-0.696767872343215,0.000302744321335077,0.00124498062156888
"ENSG00000123353",0.543836475361752,4.69646704755273,0.000302773844040267,0.00124498062156888
"ENSG00000106266",0.689671417793809,4.70716821980058,0.000303072204902551,0.00124583908290787
"ENSG00000197416",-2.30233302290298,-3.96162371974664,0.000303593711323506,0.00124770450918902
"ENSG00000174992",3.68569208863521,-3.13657254731345,0.000303717506611532,0.00124770450918902
"ENSG00000123297",0.574381265534355,4.45682969749763,0.000303725300772089,0.00124770450918902
"ENSG00000272556",0.898267918865842,0.164773111900931,0.000303790583156476,0.00124770450918902
"ENSG00000272356",1.00750854257052,0.0160172536683749,0.000303795165434439,0.00124770450918902
"ENSG00000129646",1.07079699547555,1.48949624415688,0.000303954955874548,0.00124817646356693
"ENSG00000153048",0.860472311431618,6.02904698080725,0.000304074296463745,0.00124848219774817
"ENSG00000257114",2.62635235059405,-2.49494438399893,0.000306431579605374,0.00125797513262941
"ENSG00000186919",0.828764262201279,-0.821393605005846,0.000306604619074166,0.00125849974473285
"ENSG00000182326",-1.15529187094859,7.63796037573567,0.000307111695374953,0.00126020914480135
"ENSG00000171450",3.3658258814407,-1.76534692789681,0.000307793776106568,0.00126282169860628
"ENSG00000121900",0.80868365978237,6.23952793205495,0.000307971890778036,0.00126336610593061
"ENSG00000123154",0.564177773875436,2.78397626799338,0.000308028682742541,0.00126341273456987
"ENSG00000275956",1.42174460262986,-2.84751923857598,0.000308393530535547,0.00126472268722872
"ENSG00000125798",5.52369652616657,-0.269160981034109,0.000310510722776644,0.00127295100227587
"ENSG00000269227",1.59264687602026,-2.26412821425021,0.000310537250582166,0.00127295100227587
"ENSG00000281350",1.0821477917639,-3.16488368429618,0.000310790801836942,0.00127378768727729
"ENSG00000232709",1.71303192597769,-3.3391702883125,0.000311271321886803,0.0012753961808541
"ENSG00000224969",1.539364547398,-2.28620841737297,0.000312184446289186,0.00127894918318473
"ENSG00000117602",0.699383437105522,4.59949423769546,0.000312250699346609,0.00127903220926763
"ENSG00000124839",1.33284900785119,3.16490897540921,0.00031250932742432,0.00127990309581101
"ENSG00000254486",2.35259446897852,-3.31730360907324,0.000312727769227581,0.00128060916453573
"ENSG00000248508",-0.603746908683051,0.889054662266961,0.000313164586151213,0.00128220913213951
"ENSG00000161677",0.756736074375299,4.55874143761031,0.000313554642902129,0.00128361720386178
"ENSG00000178202",-0.715275991490809,4.93071253824811,0.000314498616893936,0.00128729213122458
"ENSG00000162433",-1.22904488439083,4.23962385569007,0.00031494577860047,0.0012889327457644
"ENSG00000091583",5.79195392222796,-1.47792339539066,0.000315155983923364,0.00128960326333096
"ENSG00000073536",0.574568087788588,4.15760883196399,0.000315880592662855,0.00129225347145915
"ENSG00000163697",-0.621313841642887,4.28009275214566,0.00031589657183514,0.00129225347145915
"ENSG00000229107",2.47316660441864,-2.77622399597758,0.000316209078267888,0.00129326982495096
"ENSG00000169894",2.79752420702293,2.84226785596732,0.000316238021051001,0.00129326982495096
"ENSG00000205293",5.02543268520785,-2.2568411959648,0.000316360660803785,0.00129331542465354
"ENSG00000243243",-1.10089911190042,-2.76399487053513,0.000316388672539556,0.00129331542465354
"ENSG00000255250",-1.16609818382224,-3.8688155646813,0.000317883551961198,0.00129905600644473
"ENSG00000244968",-1.1495642209704,-0.475866494109517,0.000317910340155199,0.00129905600644473
"ENSG00000258099",0.944985155476692,-2.18353462391405,0.000317933133278297,0.00129905600644473
"ENSG00000267053",1.46516695430117,-1.80564740255915,0.000318904178610482,0.00130264090463994
"ENSG00000280161",0.873894746327237,-0.965027531465098,0.000319064038435592,0.0013031025111614
"ENSG00000213599",1.23008608933413,-3.01463905147866,0.00031926594541936,0.0013037356834457
"ENSG00000269961",0.940945644802181,-2.19429963388896,0.000319339291307086,0.00130384376234938
"ENSG00000005020",-0.531094412068028,5.06101643881959,0.000320196647696102,0.00130715240897867
"ENSG00000161011",-0.598953639614046,7.48972279422403,0.000320687732478829,0.00130896505773902
"ENSG00000203727",-1.24186502505246,1.72981027848013,0.000321249619786284,0.00131106612987761
"ENSG00000261840",0.924060418685225,-0.149689673725557,0.000321376844378946,0.00131139292440018
"ENSG00000261757",-1.56953133830957,-3.93597907782886,0.000321524287043396,0.0013118021117116
"ENSG00000116922",0.52085423432183,3.39181472231862,0.000321731344013947,0.00131245436653856
"ENSG00000261286",1.45523416377981,-0.127138360789859,0.000321968957625932,0.00131323106297845
"ENSG00000122432",0.84902124659087,-1.25586108723707,0.000322088244875387,0.00131352497869782
"ENSG00000271857",1.34942532489279,-0.637851936891882,0.000322208557900676,0.00131382299089452
"ENSG00000115306",-0.648320714840505,7.59571479834924,0.000322305986602534,0.00131402761732282
"ENSG00000144591",0.530557393601546,5.0160271314889,0.000322717269582946,0.00131551156659981
"ENSG00000215158",1.0405726850485,0.707820781612697,0.000322885495462729,0.00131600443805757
"ENSG00000258534",1.43834072061508,-0.455273825337587,0.000323233977140753,0.00131723173717447
"ENSG00000248027",1.46289558362863,-2.26074636234255,0.000323527419371322,0.00131823441473404
"ENSG00000089195",0.517408767708444,4.39290325225999,0.000323970223911389,0.00131984529627178
"ENSG00000260276",0.821511916804202,0.561025199765812,0.000324428099251254,0.00132151709497293
"ENSG00000137269",0.691992312395104,5.06563235527052,0.000324642142712603,0.00132201267593828
"ENSG00000146411",-1.38204607546235,1.12579658617262,0.000324692359304441,0.00132201267593828
"ENSG00000253284",1.97743459334255,-1.22166519224796,0.000324799930697616,0.00132225709491991
"ENSG00000200795",5.21618324510647,1.03711444497413,0.000325244679278407,0.00132387388625353
"ENSG00000256443",1.73468468556589,-1.94982425824796,0.000325632873397271,0.00132526003918617
"ENSG00000120963",0.821238228575974,6.15985411314598,0.000326141932846545,0.00132709946219823
"ENSG00000253154",6.0690723484513,-0.681358340221473,0.000326214015104093,0.00132709946219823
"ENSG00000167995",-0.807739108916317,0.35857897364997,0.000326227987741318,0.00132709946219823
"ENSG00000196757",0.664078011281594,3.24869240968565,0.000326906073795875,0.00132966344406035
"ENSG00000101347",-0.834503435207272,6.04264847931926,0.000327050331477103,0.00133005569079875
"ENSG00000090104",-1.14016334888771,5.14738985671481,0.000327107075703419,0.00133009197317824
"ENSG00000205105",0.991095230759008,-3.09679731721318,0.000327270678563088,0.00133056269300909
"ENSG00000160307",-1.2327823202192,1.51575752138919,0.000327495143358066,0.00133128068141156
"ENSG00000272944",1.24742899487707,-0.767541585118989,0.000327844297351591,0.00133250525240973
"ENSG00000254901",0.510468407564187,3.42514926399321,0.000328026612985484,0.00133305145922929
"ENSG00000121904",1.43117891296027,0.421200430804687,0.000328544531172178,0.00133496114616389
"ENSG00000108309",1.80087108938333,1.06371434838682,0.000328744051210551,0.0013355767304001
"ENSG00000065923",1.04830317152622,4.16667479159114,0.00032921067474972,0.00133727712820417
"ENSG00000271334",-1.34640608395371,-3.78709929360281,0.000329775491457213,0.00133904638134641
"ENSG00000198034",-0.507700320322602,9.69102594047566,0.00032979066307924,0.00133904638134641
"ENSG00000165661",0.711267417905227,4.00686421912768,0.000330129633615602,0.00134022704711002
"ENSG00000174842",0.520372750472175,2.9180751811462,0.000330521943976228,0.0013416238802993
"ENSG00000140093",4.45874523477769,-2.3001608793694,0.000331647861666593,0.00134599766183175
"ENSG00000240386",5.23801643108296,-3.11453044269279,0.000331699812501486,0.00134601209295358
"ENSG00000159763",4.72611721902319,-0.290695095424719,0.00033274918025007,0.00134987645132661
"ENSG00000100926",0.503464892297986,2.33234402932739,0.00033285571137292,0.00135011169613753
"ENSG00000231690",-1.30303399313777,-3.72352304542994,0.000332925168672702,0.00135019651739485
"ENSG00000271425",-0.661141950722908,-0.0190255264238117,0.00033322474919117,0.00135121445535122
"ENSG00000228274",0.815402202614074,0.112353745134411,0.000333548856320174,0.00135233153656458
"ENSG00000136197",0.537367476269249,-0.829092710128062,0.000333800741064065,0.00135300166852349
"ENSG00000206567",0.855769086592631,1.44225438948451,0.000333811435278761,0.00135300166852349
"ENSG00000177380",1.01366036201196,3.83444633696622,0.000334268128525224,0.00135465531963748
"ENSG00000129354",1.07659390596445,6.09340436142608,0.000334372390354121,0.00135488043311759
"ENSG00000234380",1.88156624553086,0.0265488792768159,0.000334643437371803,0.0013557811979056
"ENSG00000232775",2.32480065070464,-3.18688806544579,0.000335114200179833,0.00135729303183365
"ENSG00000231465",1.77454487372692,-3.26358414237483,0.00033551359393354,0.00135871281130948
"ENSG00000076356",-0.73698323678786,5.34070407314458,0.000336198532934713,0.00136128836752266
"ENSG00000198216",3.12075323508794,-0.952873933014151,0.000336312291788128,0.00136155076732216
"ENSG00000159128",0.553906975414979,6.40192587613823,0.000336736384987861,0.00136306928768263
"ENSG00000269720",1.9819438394782,-3.02941751132333,0.000336993923307814,0.00136391326963915
"ENSG00000205116",2.74406252948023,-2.65307577709644,0.000337052022315755,0.00136394993404163
"ENSG00000249328",1.84925077451739,-3.78436160892372,0.000337529946933348,0.00136568525080844
"ENSG00000115718",1.68180705510093,0.750479373653784,0.000338283091046475,0.00136833444026696
"ENSG00000030110",0.792006676476756,4.94623998758084,0.000338606510122185,0.0013694434878622
"ENSG00000172594",-0.817264344229404,3.12588517598475,0.000339233111782631,0.00137177821140016
"ENSG00000150337",1.78395982347775,1.41173505751443,0.000339452422401081,0.00137225463666483
"ENSG00000233975",2.21045635012656,-3.86372071982509,0.000339658124539031,0.0013725820613735
"ENSG00000276934",1.21761780088989,-2.75105422380097,0.000339678651293775,0.0013725820613735
"ENSG00000121691",-0.680231790720892,5.81231964067032,0.000340119858797915,0.00137416525751691
"ENSG00000272800",0.774635624282135,-1.50840622176378,0.000340703976236164,0.00137632530008082
"ENSG00000119121",-1.29874514966351,-0.474547118917118,0.000341028248713896,0.00137743518464705
"ENSG00000198931",0.651033493240973,6.46177637763733,0.000342289398384459,0.00138212761865084
"ENSG00000173065",0.551917018375646,4.8480497144099,0.000342439399461741,0.00138253259068506
"ENSG00000141582",0.549076506007798,4.62424886319868,0.000342510672562381,0.001382619642377
"ENSG00000073350",0.978181528618954,6.35792971966557,0.000343323939307216,0.00138570145464397
"ENSG00000106330",0.588487403022486,4.09506547091698,0.000343626102022322,0.00138671978751405
"ENSG00000254907",1.1457360411746,-3.16730165730204,0.000343776953621612,0.00138712729016073
"ENSG00000227777",2.34311181881933,-1.90076013052897,0.00034515262592852,0.00139247606396141
"ENSG00000185485",0.55117538878848,2.89232766365078,0.000345684572635508,0.00139441987218439
"ENSG00000180921",0.876129662079982,7.25473937312523,0.00034591494217221,0.0013950983217254
"ENSG00000147027",-1.06412070816355,5.09506736476506,0.000346457671206649,0.00139690206174784
"ENSG00000161671",0.577733521626091,6.84705428714362,0.000346972853749226,0.00139860231613438
"ENSG00000133398",0.608928322313854,4.50964056909327,0.00034706560833302,0.00139877347696947
"ENSG00000133106",1.49321592671339,4.68256382128332,0.000347457268339285,0.00140014908784708
"ENSG00000256115",2.8182517991373,-3.82300680184354,0.000347816274544545,0.00140139273416014
"ENSG00000185000",0.649249632302485,5.49204586516426,0.00034889047753312,0.00140551721489407
"ENSG00000162836",1.02116087287708,4.77287500427661,0.000349104025333218,0.00140617382427122
"ENSG00000183386",-0.701193650278264,4.172587358161,0.00034951019385722,0.0014076059979367
"ENSG00000196436",2.26237306189409,1.88861002676351,0.000349954026018347,0.00140918942024733
"ENSG00000174177",0.528418676409267,3.82406148671494,0.000350022747137884,0.0014092621114861
"ENSG00000197977",-1.24037068158065,0.285828472857448,0.000350427917122984,0.00141068919654676
"ENSG00000106952",-1.19903636252037,-0.167622136712765,0.000350534852507206,0.0014109154634997
"ENSG00000205930",-0.841178405244271,-1.06427759765952,0.000350603491443977,0.001410918702153
"ENSG00000137692",1.06307173106151,4.72314040326506,0.00035063711463278,0.001410918702153
"ENSG00000228252",-1.10670163276475,-2.00174678378962,0.000351083848917386,0.00141230764968748
"ENSG00000232445",2.18111191164035,0.225582321918607,0.000351606085754825,0.00141419196097375
"ENSG00000253347",1.37938461286762,-3.52765301824976,0.000351653960453546,0.00141419196097375
"ENSG00000177688",1.44689228939754,-2.76349051698651,0.00035180147082565,0.00141441032708839
"ENSG00000223414",-2.06412858369675,-1.28973824579356,0.000351809968101156,0.00141441032708839
"ENSG00000008311",-0.932403154031875,2.01770854353113,0.000351877931668005,0.00141447910297474
"ENSG00000272267",1.54915488493473,-2.35389703640938,0.000351946797091358,0.00141455148374306
"ENSG00000278009",0.929416387963477,-2.77402579016515,0.000352181366603725,0.00141528974849724
"ENSG00000279092",2.00417509830186,-1.78677923263178,0.000352547982351031,0.00141655836942057
"ENSG00000104870",-0.723450551429397,6.08101611517369,0.00035306952244481,0.00141844902899863
"ENSG00000110700",-0.520591079505985,7.87772975371123,0.000354321163980799,0.00142306635867118
"ENSG00000154127",1.20423487001394,4.10618819061011,0.000354433286988721,0.00142331114799557
"ENSG00000133030",-0.539253623242638,6.74791351300633,0.000354602069320182,0.00142378336278363
"ENSG00000133878",-1.42700918146792,-1.80424713613311,0.00035471408586515,0.00142402755054379
"ENSG00000106384",3.60306977395487,-3.45273132366969,0.000355052399157069,0.00142518002276744
"ENSG00000198723",2.10801667586121,0.822834384225497,0.000355394533217174,0.00142634749673438
"ENSG00000203783",5.09487305598748,2.41411616989141,0.000355929959025562,0.00142809053012326
"ENSG00000099889",0.992226918476054,4.0042676834324,0.000355931526797342,0.00142809053012326
"ENSG00000237928",-1.4862528145002,-3.61752238462542,0.000357030074719176,0.00143229157192622
"ENSG00000111554",-0.631032162442225,2.96137385942514,0.000357855642329948,0.00143539644939758
"ENSG00000166104",3.6003175346606,-3.48568325026737,0.000358372969550401,0.0014372642252495
"ENSG00000225218",1.44773366689564,-1.92862416718606,0.000358580902972537,0.00143788563900798
"ENSG00000258791",3.73522457457421,-0.551830460785299,0.000358684175320896,0.00143788563900798
"ENSG00000275485",1.13331694956625,-2.81703165752096,0.000358734708556299,0.00143788563900798
"ENSG00000120896",-0.731872210996088,5.51342248210729,0.000360149988260808,0.00144319240153558
"ENSG00000235180",3.79078778757555,-3.58152892676707,0.000360162458528691,0.00144319240153558
"ENSG00000235092",-1.01035245468016,-1.80905357188619,0.000360575094906742,0.00144442965787717
"ENSG00000237548",2.46689962455586,-3.03323448643605,0.000360651519449045,0.00144448358056265
"ENSG00000274422",1.04164434090161,-0.133893624672805,0.000360692426815073,0.00144448358056265
"ENSG00000279561",1.05104794672936,-0.994219714148148,0.000360887047278619,0.00144505491591711
"ENSG00000261654",1.11881362165748,-1.2629224592157,0.000361189564290457,0.00144605806126536
"ENSG00000056736",1.20411132246728,1.98808416385921,0.000361312162526439,0.00144634069895622
"ENSG00000253873",-0.929329078045396,-1.20692205345562,0.000361485121556951,0.00144656923841572
"ENSG00000187775",1.18057407957048,1.97533301495117,0.000361525285881698,0.00144656923841572
"ENSG00000099994",1.64523692184815,3.63807032752003,0.000361842777836525,0.00144728861869473
"ENSG00000137757",2.33277188658387,-1.84824887470255,0.000361849008136307,0.00144728861869473
"ENSG00000137575",-0.523546534378473,6.60188056573254,0.000361861181979764,0.00144728861869473
"ENSG00000116871",-0.575940550236778,6.65849549134566,0.000363665883982803,0.00145367048450901
"ENSG00000172667",-0.61563943922643,4.27875969638681,0.000364207018602772,0.00145548178445335
"ENSG00000226985",5.28725701810422,-3.05941548789295,0.000364223680286028,0.00145548178445335
"ENSG00000213713",-0.888108917853226,-0.104304642634314,0.000364332791809129,0.00145570865372609
"ENSG00000246082",0.809697305162183,2.43710194763572,0.000364409925972807,0.00145580770914704
"ENSG00000222365",1.29346350832139,-2.60778945656342,0.000365145198051948,0.00145853560152504
"ENSG00000129158",-0.564129287989259,3.13054054860735,0.000365230656926828,0.00145857523339046
"ENSG00000268686",2.62721171323445,-0.054903819611562,0.000365260004334827,0.00145857523339046
"ENSG00000227848",0.872463878646944,-1.85285118895167,0.00036565549718816,0.00145994492438908
"ENSG00000160710",0.510226652686715,7.8101888620389,0.000365786900109297,0.00146025994728576
"ENSG00000248810",3.59723703419084,0.387135066366894,0.000366504947437652,0.00146291649010956
"ENSG00000223508",-0.538815425821612,-0.434058850245972,0.000366582932491399,0.00146301780763141
"ENSG00000175265",1.30027869043248,4.93979030897185,0.000366939468921562,0.00146402057798241
"ENSG00000128253",3.28531937358985,-3.06529085682977,0.000366998687081167,0.00146404682785262
"ENSG00000174945",2.04368225020244,-0.179947923215956,0.00036819400305147,0.00146860459011481
"ENSG00000215414",1.06896636523539,-1.9092941772911,0.000368419398731958,0.00146929290750386
"ENSG00000215853",-2.50403642296118,0.0861169873676463,0.000369004386129905,0.00147141490916574
"ENSG00000228915",1.27998086918813,-2.50138325072153,0.000369469218299546,0.00147305724893424
"ENSG00000115257",1.18157462780491,1.17618835077476,0.000369566003089107,0.00147323193979036
"ENSG00000178826",2.19853471748752,3.11645664123078,0.000369636147461698,0.00147330039686905
"ENSG00000243678",0.594648658673108,5.84437388255317,0.000369986733831785,0.00147448646339926
"ENSG00000070423",0.551657996678271,5.1503920944546,0.000370249557068762,0.00147532248291597
"ENSG00000227540",0.709161540106291,0.520934386032453,0.000370306839693213,0.00147533936862732
"ENSG00000238269",5.33555436549139,-0.485428239316378,0.000370567716680071,0.00147595587913831
"ENSG00000261786",2.49014493236006,0.639072003351477,0.000371066959046542,0.00147773272221671
"ENSG00000142409",0.527472517301445,4.82259784608524,0.00037227178422928,0.00148231855902204
"ENSG00000164935",3.09952759389589,-1.38519043790564,0.000372582668671836,0.00148334408299023
"ENSG00000103202",-0.618093572636772,5.86062374131357,0.000373043127084436,0.00148496471927858
"ENSG00000227210",1.24596291639602,-2.64967021444636,0.000374194434842916,0.00148933454726474
"ENSG00000241472",1.52334005053976,-0.0668764356611734,0.00037463439571751,0.00149087229190029
"ENSG00000258727",0.879438191497118,0.864486412802851,0.000374926146590913,0.00149181987340959
"ENSG00000197858",0.591683799095925,6.50500498451546,0.000375548407941043,0.00149406938417843
"ENSG00000187288",-2.13332376894993,-0.338791581540172,0.000375598933382792,0.00149406938417843
"ENSG00000254204",-1.28382210014204,-2.8808355120794,0.000375747604074277,0.00149430382391857
"ENSG00000257191",2.00819659064287,-4.0384712129005,0.000375765323571224,0.00149430382391857
"ENSG00000088756",-1.13045765720445,2.03947810804175,0.000376110962812535,0.00149527264366446
"ENSG00000145321",9.44637155615795,1.08496459280369,0.000376116471257202,0.00149527264366446
"ENSG00000206531",3.13345433326256,-3.08353719726644,0.000376328795588186,0.00149590292864002
"ENSG00000261221",0.544080669101101,4.02486205034983,0.000377444109834977,0.00149990756205747
"ENSG00000231154",1.04692190498718,-1.75246338507163,0.000378889827762307,0.00150522250814927
"ENSG00000143819",-0.848288131672254,6.41700762313074,0.000378978145913377,0.00150535835079816
"ENSG00000261481",1.78920225730631,-3.68504511687442,0.000379234768363496,0.0015061625892466
"ENSG00000254874",4.12999176274098,-3.86314928062314,0.000379407131872502,0.00150641692487793
"ENSG00000055163",-0.877280617523324,4.46360128070051,0.000379894408038595,0.00150806163456005
"ENSG00000044090",0.542179894894056,5.37891754068263,0.000379955940606858,0.00150806163456005
"ENSG00000130413",-1.33813101437473,0.417794019053246,0.000379984033904894,0.00150806163456005
"ENSG00000264943",1.15612804041684,-2.75644293708009,0.000380418695638597,0.00150957129145332
"ENSG00000171443",0.706190325180628,3.91758468022286,0.000380856582097726,0.001511093312109
"ENSG00000187513",-0.887516377626873,2.90185903436181,0.000381018514498017,0.00151152017454477
"ENSG00000066735",-1.16829046107664,1.47834193468872,0.000381538282212532,0.0015133662640013
"ENSG00000103253",1.18082988301686,1.74851592313894,0.000382001528600824,0.00151498766789886
"ENSG00000273720",2.61052077171543,-3.66083922502033,0.000382492084723618,0.0015167169022552
"ENSG00000274012",2.74537379741726,6.60322848479556,0.000382622020658675,0.001517015860382
"ENSG00000167280",0.962206682312021,5.38657520166941,0.000383036080852834,0.00151822467105029
"ENSG00000134461",0.57268325954504,2.72396595216845,0.00038341664858696,0.00151951656414208
"ENSG00000236358",2.14528109174889,-3.77771080895804,0.000385115480057606,0.00152581436564704
"ENSG00000237821",-0.767657731375375,-3.0664817723241,0.000385990119084463,0.00152884408745317
"ENSG00000156269",6.04187636022597,-0.137749528582127,0.000386669709008418,0.00153131775831569
"ENSG00000135604",-0.977549162127784,1.46680382966398,0.000386879042466939,0.00153166119397845
"ENSG00000272911",-1.10076750893604,-3.32977796965553,0.000386921639121726,0.00153166119397845
"ENSG00000101624",0.569509007830238,2.46537301747657,0.0003870980206057,0.00153212309836853
"ENSG00000260325",1.16751014439022,-1.40306147896344,0.000387148496578365,0.00153212309836853
"ENSG00000101224",1.15994063299457,6.03050134967659,0.000387467207123619,0.00153316623015069
"ENSG00000279206",1.58434028877226,-3.60479969696346,0.000387715674091914,0.00153393115839522
"ENSG00000261335",1.16492354266731,-2.55361219915329,0.000388438941564153,0.00153613710816491
"ENSG00000116833",-0.955019926723061,0.790132998154263,0.000388553503615961,0.00153637170828415
"ENSG00000103472",-0.93522838241157,-0.822445348604271,0.000389344483472876,0.00153928047175993
"ENSG00000223599",1.7073162669037,-3.16659922484862,0.000390193739001472,0.00154233278692271
"ENSG00000167920",0.633633366865425,3.65696099566643,0.000390227441181287,0.00154233278692271
"ENSG00000111412",0.517649574363963,4.7611108204483,0.000391156453294101,0.00154572999054959
"ENSG00000204267",1.07052183377822,5.37011812219434,0.000391198123304878,0.00154572999054959
"ENSG00000226363",1.5097329553756,0.764645383687853,0.000391532156781666,0.00154683009610348
"ENSG00000157653",0.814675773059424,-0.944061377682261,0.000392127270391981,0.00154885793222493
"ENSG00000223855",1.49708053019341,-1.01023359758401,0.000392156817269909,0.00154885793222493
"ENSG00000162482",1.18029393118849,-0.294553118398881,0.000393444672329127,0.00155372379262956
"ENSG00000176101",0.575707699199448,5.51851249370944,0.000394321727795029,0.00155696624292492
"ENSG00000224854",2.98842754505177,-3.03503110999062,0.000394565365577219,0.00155770709904886
"ENSG00000072736",-0.527306807041851,3.73402951829675,0.000394710645809754,0.00155805949360015
"ENSG00000105088",1.56219847715418,3.12258317591926,0.000395551417230368,0.00156113610977444
"ENSG00000174498",3.28134299307918,1.24715288587725,0.000395602319120204,0.00156113610977444
"ENSG00000223907",2.67854844571905,-2.29566842962276,0.000395979344292784,0.00156240225603847
"ENSG00000187689",4.89483490649875,0.263347363803164,0.000396874932044114,0.00156549177208098
"ENSG00000280278",1.46639664436763,-3.77419608637587,0.000397782402975363,0.00156884883351585
"ENSG00000171786",2.80386523097184,-0.371053985700138,0.000398893681375619,0.00157300864314477
"ENSG00000155269",2.4044809702135,2.78858827304209,0.00039934613435786,0.00157434642592419
"ENSG00000139155",-1.0291868606505,-2.40410466801601,0.000399670422786228,0.00157540156872922
"ENSG00000182257",-0.822398297377915,-1.84271817144177,0.000399988556083636,0.00157643215393994
"ENSG00000152669",1.17185049519606,2.80135565932213,0.000400343671293982,0.00157760817932835
"ENSG00000187605",0.754792803057842,5.14223395606212,0.000400520784751785,0.00157808253099609
"ENSG00000266783",0.954433586323512,-1.84826715487357,0.000401358501725259,0.00158115920800066
"ENSG00000262874",2.05268971596506,-2.57511508328025,0.000401595671402815,0.00158186948147946
"ENSG00000136100",-0.531758498138627,4.9464536538748,0.000401873270397549,0.00158273878073733
"ENSG00000224807",3.68616980305998,-2.92145221166811,0.000402266555523787,0.00158406338790643
"ENSG00000273313",2.30533693501023,-4.02287587905667,0.000403185001756149,0.00158745533038559
"ENSG00000160783",0.510351643297035,4.51555930130704,0.0004036144601466,0.00158892129937118
"ENSG00000197251",2.09143095554036,-3.72313555572122,0.000403812337111527,0.00158947530881445
"ENSG00000231851",1.07071754469273,-2.46160243854987,0.000404747242511535,0.00159292982255176
"ENSG00000198478",-0.867006471346004,4.60213158708756,0.00040684874968763,0.00160097400609254
"ENSG00000275236",1.38790236948075,-3.20485440858895,0.000407175122720591,0.00160203164354616
"ENSG00000214114",0.529553033851159,4.58343605535897,0.000407586954330291,0.00160319841052021
"ENSG00000049323",-0.875238871460386,6.22258063754534,0.00040802666353269,0.00160470101708636
"ENSG00000156049",-1.17138227687552,1.942869301372,0.00040879261067592,0.00160725881831062
"ENSG00000259848",5.48382510558657,-2.47121181249195,0.000409484896497567,0.0016097531344575
"ENSG00000259771",-1.0093688718979,-3.4608363056543,0.000409584569945944,0.00160991741717164
"ENSG00000158639",3.91436916658245,-0.293080750355045,0.000410785778154055,0.0016144107457678
"ENSG00000186615",0.759254309819725,1.38519761650363,0.000411366641865768,0.00161646516109248
"ENSG00000276850",1.48100552733902,2.83287235632824,0.000411535451686375,0.00161690005901302
"ENSG00000149571",-1.15811425897273,-0.92907356643366,0.000412486589139325,0.00162017928311426
"ENSG00000279949",2.18491185794431,-3.69903583480451,0.000412587789042096,0.00162034794925555
"ENSG00000163121",2.32075792093357,0.657503840207311,0.000412810095077688,0.00162099211836732
"ENSG00000169093",-0.560885142105687,4.25227129453704,0.000412952364824149,0.00162132186940345
"ENSG00000110848",-1.29367339551833,2.40968992087704,0.000414446391929262,0.00162672840794927
"ENSG00000170049",1.07690406376954,1.01773151044055,0.000414752739889925,0.00162770113652582
"ENSG00000236137",0.904664102431785,-1.43998392155883,0.000415233917570926,0.00162935961475736
"ENSG00000196876",1.80277219040854,1.12129026319986,0.000416276049858205,0.00163321847576615
"ENSG00000260837",-0.839817060429231,-0.508197473618123,0.000416678709107363,0.00163433717901609
"ENSG00000254433",1.12202561692544,-2.56500997988545,0.000418212327760069,0.00163988995798545
"ENSG00000279283",1.64881522193951,-2.40141296420338,0.000418306409309011,0.00164002765183416
"ENSG00000178828",3.90022721323316,-0.162424809839194,0.000418531129960729,0.00164067742319912
"ENSG00000135740",1.06769050631985,0.391979249863149,0.000419269150504418,0.00164333890684602
"ENSG00000148498",-0.51816211095889,5.62915027976605,0.000419373394437661,0.00164351588269616
"ENSG00000164265",3.21726739875144,-2.30168694488052,0.000419828489193251,0.00164506759226992
"ENSG00000257557",-0.673332428769307,-0.794637470138148,0.000420469027994941,0.00164734541141334
"ENSG00000163518",-1.8007641489266,-3.18225651525721,0.000420571260217142,0.0016475138676647
"ENSG00000147535",0.772697370328575,4.78430883603908,0.000420838892289526,0.00164833011001952
"ENSG00000273394",1.36939716998809,-3.42344673414249,0.000421002951913638,0.00164850839104238
"ENSG00000222009",-0.880491362606938,1.6580274849806,0.000421683073131977,0.00165093909248588
"ENSG00000115380",-1.44867884513005,5.49401889598752,0.000421857135616238,0.00165138603221887
"ENSG00000270038",4.86497792520071,-3.2725261571888,0.000421915979755773,0.00165138603221887
"ENSG00000245556",0.533560076302738,1.98154843344879,0.000422193994502074,0.00165224167286987
"ENSG00000272721",0.876095990457027,-1.94245694487485,0.000422482206389989,0.00165294824540056
"ENSG00000137672",-0.885822277652718,0.985370823932102,0.000422493405118204,0.00165294824540056
"ENSG00000164794",5.34889891372547,-3.43731466278304,0.000422980617185822,0.00165462164638386
"ENSG00000232498",2.25801591753507,-1.27631790901225,0.000423167162786059,0.0016551185907142
"ENSG00000213889",1.83622336551475,2.47136974629045,0.000423276206043901,0.00165531230577883
"ENSG00000230269",5.7830101419184,-2.62488850915822,0.000423574744340969,0.00165624692314851
"ENSG00000267640",-1.45870241708602,-1.09697351690581,0.000423650439750192,0.00165631004790162
"ENSG00000110002",-0.926124911303516,4.1643861069442,0.000424575125374393,0.00165969191314659
"ENSG00000130713",0.504045469991465,4.2486530422113,0.000424875961920552,0.00166048491653988
"ENSG00000200534",0.921693408605862,-0.226666031038828,0.000424948069483018,0.00166048491653988
"ENSG00000229043",0.725453726906036,1.44525693208655,0.000424957093299207,0.00166048491653988
"ENSG00000070388",1.7223168167832,-2.49545099159742,0.000425773105467887,0.00166343972220513
"ENSG00000261123",1.64915094711599,-1.40572774094252,0.000426625838934764,0.00166630311168271
"ENSG00000270673",0.938083797553834,-0.0129582584075513,0.000427900388282994,0.00167095112021475
"ENSG00000158164",2.27289134707914,0.862597162312716,0.000427936030967161,0.00167095112021475
"ENSG00000249471",0.554422863197761,2.00314642513431,0.000429385444381001,0.0016763752617306
"ENSG00000251095",3.0192191335944,-0.319630240976215,0.000429781886873675,0.00167768752556035
"ENSG00000237849",2.96532386866976,-3.51972819730396,0.00042987542914124,0.00167776266162033
"ENSG00000274588",5.02287566114677,-1.11860840814172,0.000429921780799197,0.00167776266162033
"ENSG00000198829",2.00321597376436,0.369463341245871,0.000430450132113681,0.00167958887829375
"ENSG00000176853",0.562035265857507,5.46913389865485,0.000430515443495586,0.0016796080838747
"ENSG00000176723",-0.874270101462885,-1.3175373318433,0.00043075807819385,0.00168008335840773
"ENSG00000253392",1.34879088047511,-1.76472898246702,0.000431451129078276,0.00168255051220613
"ENSG00000188523",2.66110957849782,-1.74607518020571,0.000432097753656259,0.00168483594875109
"ENSG00000260081",1.03760196382133,0.219962383840393,0.000432789771314268,0.00168729771650739
"ENSG00000107018",2.00571606430458,-2.0721233731323,0.000432990945799958,0.0016878454345528
"ENSG00000168994",-0.731390924642065,4.73879357311703,0.000433058821797981,0.00168787346001503
"ENSG00000251026",2.28212596034653,-1.5443733369246,0.000433215259086593,0.00168824660235048
"ENSG00000204019",6.82985599116347,-0.817174007574962,0.000433556300477654,0.00168920762745963
"ENSG00000280924",1.5447843627985,-2.47441660433894,0.000433583333420857,0.00168920762745963
"ENSG00000250917",1.57399531123493,-3.18463706303136,0.00043393552573004,0.00169034296598454
"ENSG00000279613",1.36261881417255,-3.33297274661498,0.000434483018313353,0.00169223864841749
"ENSG00000186318",-0.68248603080658,4.08768492874283,0.000434576659417611,0.00169236637193812
"ENSG00000275325",-1.27390913014536,-2.85708698102281,0.000436918742633837,0.00170124891346422
"ENSG00000106927",3.8304850656463,-0.32660357949654,0.000437346899222512,0.00170267767470265
"ENSG00000260160",0.970606474277849,0.11317288542855,0.000438030394699917,0.00170486137248653
"ENSG00000214273",2.33647145918744,-3.96486842636918,0.000439607709996698,0.00171045206743131
"ENSG00000211452",2.66090038653602,-0.555960050948072,0.000439651308023818,0.00171045206743131
"ENSG00000079841",-1.70326921780677,-2.24547376762482,0.000440396451307868,0.00171311139863297
"ENSG00000176014",-1.14892722444749,6.18585517883008,0.000440776097565903,0.00171410872505599
"ENSG00000263120",2.75720935851898,-2.3265989895451,0.000442154768683964,0.00171922977511633
"ENSG00000257084",1.44055789725294,2.43624937557593,0.000442610201928479,0.00172076007076276
"ENSG00000148488",-1.46337769388566,-2.76758394295399,0.000442721588689123,0.00172095255712237
"ENSG00000197110",3.28235118199178,-4.00467557306933,0.000443023673628485,0.00172164558259453
"ENSG00000159625",2.1476571113818,-2.75037676720528,0.000443097400415311,0.00172169153363384
"ENSG00000184156",1.33781384144776,0.223857315607218,0.000443634914762209,0.00172353930497015
"ENSG00000151914",-0.853889904367435,7.14032479513371,0.000443722518533529,0.00172363888379512
"ENSG00000273151",1.18839083810481,1.79636905498867,0.000443968434052689,0.00172435331047444
"ENSG00000237412",10.7343434699373,2.53345471408821,0.000444141588698497,0.00172454418630061
"ENSG00000229108",-1.94713063420047,-4.01251162691535,0.000444868999372961,0.00172688645911517
"ENSG00000033100",0.521347827869427,5.84966254246476,0.000445181691242512,0.00172785910947921
"ENSG00000170946",-0.522688366740086,2.12651577347994,0.00044584263951151,0.00173018296815036
"ENSG00000178307",0.579556628480782,4.40407546633599,0.000447416384616562,0.00173580581745577
"ENSG00000172247",-1.13556954606425,-2.53507969568429,0.000447483462436203,0.00173582392478914
"ENSG00000242477",-0.867197495798878,-2.72325866328466,0.000447663862633718,0.00173628155228442
"ENSG00000242353",-1.57616687017925,-4.14301695038472,0.000448043095872942,0.00173751012625685
"ENSG00000184343",-0.95909517192135,1.08328441859198,0.000448500837744438,0.00173904277153019
"ENSG00000197128",0.833983514321657,2.27033048792436,0.000449595007409912,0.00174279943429852
"ENSG00000115844",2.75770644768801,-1.67176126000199,0.000450168085616592,0.00174464202587296
"ENSG00000231826",2.5568208240377,3.22220335600453,0.000450195801232885,0.00174464202587296
"ENSG00000152782",0.776515068842719,2.4862462229546,0.000451120537763777,0.00174798210042128
"ENSG00000255031",0.919889153178912,0.402058720822999,0.000451325995797098,0.00174853460385913
"ENSG00000176125",0.835107954533837,0.341569108163027,0.000451604597648439,0.0017493702889131
"ENSG00000229591",1.37899837641732,-2.75125118917178,0.000451946099022276,0.00175044935971405
"ENSG00000113916",-0.617733994312705,5.82978119208331,0.00045208978281376,0.00175076206201603
"ENSG00000223573",1.65711046084675,4.13352835833768,0.000452550359071453,0.00175230170358546
"ENSG00000175906",-1.0045522620435,4.56812159457393,0.000453145239906386,0.00175411670946643
"ENSG00000277744",1.04429153999121,-1.29330213902217,0.00045326393396724,0.00175433200604381
"ENSG00000261557",-0.891990408253834,-2.56929978310121,0.000454044321626799,0.0017571079334084
"ENSG00000088808",-0.525238982698198,4.51262309108855,0.000454421662490242,0.0017583235529829
"ENSG00000233665",-1.34763026651157,-3.97471745551452,0.000454909255195432,0.00175996537971214
"ENSG00000134954",-0.686998452883235,6.00743364037516,0.000454999168324463,0.00176006841009851
"ENSG00000213371",-0.751635380221314,-2.96241425296996,0.000455222315070967,0.00176068672633414
"ENSG00000115194",2.5548184987012,-0.25451483556991,0.000456151168941341,0.00176393379627671
"ENSG00000280777",-1.24099418880528,-3.1560616425603,0.000456188681430208,0.00176393379627671
"ENSG00000268916",3.29217128103955,-0.103190742426515,0.000456447742557006,0.00176459209197246
"ENSG00000198010",-1.32973818414634,-3.7673007347888,0.000456485819643398,0.00176459209197246
"ENSG00000143627",2.97815584870939,-2.70955592961032,0.000456782404910605,0.00176549319452177
"ENSG00000179168",0.949210357588834,-0.935784857753339,0.000457744942008311,0.00176896763541436
"ENSG00000103888",1.74111428348813,3.97955648731221,0.000458081910525566,0.00177002392017888
"ENSG00000261167",-0.585574355857987,0.548117151881963,0.000458787144934614,0.00177223717107293
"ENSG00000186153",-0.618959675572499,2.71635632117973,0.000458812568502865,0.00177223717107293
"ENSG00000250546",2.34629401981556,-0.641949822096447,0.00045884585873139,0.00177223717107293
"ENSG00000140830",0.515693547302644,3.19549789049114,0.000459807946969068,0.00177570652999871
"ENSG00000152932",-1.49447212096472,-0.833047219214503,0.000460026273560823,0.00177630303297892
"ENSG00000206828",-1.15758411819904,-2.7462666064598,0.000460411177872188,0.00177754248891715
"ENSG00000278472",1.23964051136738,-3.12841167399474,0.000461045692454663,0.00177974515534234
"ENSG00000171540",2.68024625877702,-3.52031010035978,0.000461134920527194,0.00177984256794655
"ENSG00000163586",8.46710864741263,0.216511227228807,0.000463094968810509,0.00178715975683734
"ENSG00000028277",-0.991644409262588,2.6442381434398,0.000464805902260767,0.00179351367363745
"ENSG00000246095",2.26327631444241,-2.1201788923801,0.000465037000445181,0.00179415648403132
"ENSG00000013275",0.547411788125718,6.44801280591018,0.000465743231003206,0.00179663196725273
"ENSG00000154760",1.61799251773205,3.97107982554319,0.000466255051167241,0.0017982467664166
"ENSG00000180953",0.974526207098341,0.923309031017386,0.00046629114728352,0.0017982467664166
"ENSG00000181074",-1.54024493959163,-3.88535111490037,0.00046681114073269,0.0017999784612254
"ENSG00000223553",3.58085928308693,-0.626691512961019,0.000466998231443934,0.00180003426765211
"ENSG00000111639",0.531049907818283,6.19405808025851,0.000469949962609682,0.00181059957197162
"ENSG00000272918",-0.849059723396084,-1.13650243665453,0.000470498431653102,0.00181246161766866
"ENSG00000149679",0.663278920501805,3.46836882865876,0.000470788821232595,0.00181332910745633
"ENSG00000224984",1.88943834151133,-0.733519215259641,0.000472049462267147,0.00181768125350078
"ENSG00000261801",-0.810601353337824,1.80939788265,0.0004724122541659,0.0018188264154369
"ENSG00000213672",0.543302948722491,4.40090335475421,0.00047324261348182,0.00182177118460483
"ENSG00000182393",2.7499541856473,-3.47267024992709,0.000474192449839787,0.00182492245847433
"ENSG00000063176",0.81442499495683,3.90753322293598,0.000474539930909819,0.00182577965873379
"ENSG00000262877",1.67094547138961,1.10139071126974,0.000474546476575219,0.00182577965873379
"ENSG00000275191",1.19680026210463,-2.69532161183102,0.000475650594121958,0.00182957437364785
"ENSG00000175756",0.628019207927827,6.29792305763735,0.000475664340267055,0.00182957437364785
"ENSG00000207359",1.25336086150035,-3.05021163380168,0.000477605741078772,0.0018365337310416
"ENSG00000257027",0.859418802279319,1.54672536861901,0.000477898210263813,0.00183740432984067
"ENSG00000101489",2.26623768713987,-0.651121617238381,0.000477995843194939,0.00183742986766876
"ENSG00000115705",-1.85059034573915,-1.12712446202773,0.000478036979917705,0.00183742986766876
"ENSG00000214269",-0.841578368115082,-2.38574047140593,0.000478355614192956,0.00183840053855861
"ENSG00000107262",-0.669313484733879,6.26791518950365,0.000478786530248857,0.00183980239925552
"ENSG00000232995",0.874758776566753,0.165231767976147,0.000478889807635771,0.00183989528647117
"ENSG00000253978",1.681803746863,-2.92186166437401,0.000478943007732042,0.00183989528647117
"ENSG00000242372",0.548991594841121,7.27481682391354,0.00047928832349154,0.00184083994712875
"ENSG00000137965",1.46711327681305,5.08936771642237,0.00047932128490657,0.00184083994712875
"ENSG00000230033",3.12914629119404,-3.71867173755755,0.000479850638498108,0.00184238849383574
"ENSG00000196072",0.517110283674708,4.80200201853237,0.000479856982322875,0.00184238849383574
"ENSG00000163655",0.530593473846462,5.96588910556318,0.000480596379223363,0.00184497268396679
"ENSG00000230638",1.54347345350213,0.435476999562456,0.000481112610789254,0.001846699564433
"ENSG00000114248",2.60853762608681,-1.82607619647002,0.000481294936619515,0.00184714448353782
"ENSG00000159086",0.628081483235037,4.64878093429023,0.000483574922838009,0.00185563870431754
"ENSG00000273176",1.18808508296409,-3.05599428536548,0.000483704984392147,0.00185588173967427
"ENSG00000185168",2.29619474634094,1.00435778970196,0.000484102018672057,0.00185714888901047
"ENSG00000220323",1.35953381089696,-2.76656347063521,0.000484665014818386,0.00185865745082442
"ENSG00000163354",1.1251493469936,0.246579804297456,0.000484694213701287,0.00185865745082442
"ENSG00000278709",1.73248697498366,1.0955795203728,0.000484695735477278,0.00185865745082442
"ENSG00000276550",0.941680767122743,3.99573874570827,0.000485009999554142,0.00185960616454361
"ENSG00000225932",1.59345930061228,-2.17952048790225,0.000485404762230368,0.00186086321873373
"ENSG00000132000",1.54673863531213,2.54626608208429,0.000485481829176393,0.0018609021657777
"ENSG00000253239",-2.32038748015718,-1.64380921602709,0.000485738474045049,0.00186162934802466
"ENSG00000240476",5.69270695078349,-1.47918741942402,0.000485910838015985,0.00186196255012946
"ENSG00000178752",1.4363621913156,0.00798497193067867,0.000485959305051226,0.00186196255012946
"ENSG00000124467",5.49100582648854,-3.35093092389103,0.000487721182275861,0.00186845581854525
"ENSG00000241361",2.96736028368957,-1.70130302193775,0.000488066891132768,0.00186952271630295
"ENSG00000255400",-1.60791303006763,-3.95444439943971,0.000488286414525814,0.00187010603789679
"ENSG00000250027",-1.18119204026901,-3.77272773891743,0.00048907096319283,0.00187277434727525
"ENSG00000277558",2.06754349595093,-3.78743646820417,0.000489117781562846,0.00187277434727525
"ENSG00000174332",-1.23315739685279,-0.11562320500813,0.000489254445775252,0.00187303976604915
"ENSG00000065154",-1.01547609115431,5.16332245723482,0.000489372710791388,0.00187323468280221
"ENSG00000167244",3.28936055495658,10.7092502347134,0.000489717079354094,0.00187429491235385
"ENSG00000235142",3.73143103538424,-0.352042344242064,0.000490249486338718,0.00187607443086664
"ENSG00000253102",1.68752182903345,-3.33230340033042,0.000490371211271879,0.00187628208819711
"ENSG00000160870",2.17989538503508,0.193930821267137,0.000490688632774949,0.00187698018750786
"ENSG00000112144",-0.51980491244714,4.07748326812819,0.000490999550373826,0.00187791123412365
"ENSG00000205106",-1.28983625108563,-3.33568690559505,0.000492669839768445,0.00188378144810005
"ENSG00000115386",6.69355449718791,-1.62948066789381,0.000492859855086572,0.00188424895526087
"ENSG00000271788",1.13964670606123,-2.31544263136446,0.000495189002823757,0.00189269131307768
"ENSG00000113580",-0.870818812316667,4.57264221543704,0.000495204209731647,0.00189269131307768
"ENSG00000273186",1.17625451685298,-1.22652547859961,0.000495612227420569,0.00189399050305692
"ENSG00000205138",0.532294233480185,3.41466237262674,0.000495804861862737,0.00189446635842675
"ENSG00000174325",2.57029568284679,-3.28995069976473,0.000496823056072324,0.00189783541526432
"ENSG00000137203",1.3364141144356,5.05782062701575,0.00049746325661044,0.00189975910422987
"ENSG00000280020",1.26842271058729,-2.71845686550403,0.000497818093664684,0.00190085319043051
"ENSG00000080511",4.19924553588965,-3.09670214550433,0.00049805397462161,0.00190149282033642
"ENSG00000130193",1.06747822814428,6.04523072893233,0.000498712390831269,0.00190374522731129
"ENSG00000231468",1.52176362467531,-3.7895971105934,0.000498783010235344,0.00190375351498224
"ENSG00000145431",-0.972598207747378,3.40544789447542,0.000498998962345257,0.00190431642970755
"ENSG00000279691",1.46290175488235,-3.21795647686267,0.000499213521004103,0.00190487387291633
"ENSG00000156504",0.540807524476686,5.14750577273335,0.000499946316753901,0.00190740835498988
"ENSG00000225882",4.28089412501512,-2.00251966322058,0.000500597703016642,0.00190936970844787
"ENSG00000241269",1.01029792778101,-2.1414736463923,0.000500984819861875,0.00191058423074432
"ENSG00000198258",0.521865761466334,6.52857066756604,0.000501293398546861,0.00191149894348558
"ENSG00000186790",2.44268416144178,-2.87307584004659,0.000502272753130709,0.00191497081327271
"ENSG00000108469",0.568989187009821,5.08203545277174,0.000503888602384864,0.00192086810555513
"ENSG00000232882",-0.88162171163316,-3.41190541597665,0.000504370593860601,0.00192244200726941
"ENSG00000228232",1.88290640917057,2.83671828730062,0.000504573028117015,0.0019229500727622
"ENSG00000187051",0.583788668077636,5.62718404301924,0.000506109104031556,0.00192853986990405
"ENSG00000264044",1.92768141714136,-3.56174787150289,0.000506316427117878,0.00192906558731912
"ENSG00000185347",0.766316389756731,4.04493563202591,0.000508719064699979,0.00193768876287326
"ENSG00000273000",0.953780637222206,-0.900769315231224,0.000508934907964654,0.00193824546011515
"ENSG00000162004",1.23690641407509,0.775245630695507,0.000509102534686272,0.00193861840049689
"ENSG00000115290",1.63923362116175,0.262755623367855,0.000510098761431313,0.00194203664154608
"ENSG00000137145",-0.666129309934632,4.87112463104544,0.000510139851980571,0.00194203664154608
"ENSG00000169087",0.547895432228824,2.93662543716998,0.000510245492473747,0.00194217296868377
"ENSG00000186019",1.51483044214278,-2.08609344983311,0.000510335401671421,0.00194224938788824
"ENSG00000225377",-0.555974427310648,0.522740396841802,0.000510467441921368,0.00194248610783404
"ENSG00000148734",-1.23961365810572,-1.81595194730461,0.000511231074964708,0.00194512583967078
"ENSG00000185507",1.1368921672657,4.86582193764217,0.000511596844291619,0.00194625126935888
"ENSG00000226668",3.45099611216246,-4.02286661314738,0.000512404098685535,0.00194905568883216
"ENSG00000236194",-1.29448775475298,-2.90614576554661,0.00051317003795057,0.00195170221051814
"ENSG00000262117",4.8181501080832,-1.28806275587868,0.000513348164229426,0.00195211272787982
"ENSG00000117036",-0.5480317234154,5.13231341152243,0.000513732942373813,0.00195330886209745
"ENSG00000261794",-0.854914300577377,-2.98893366698063,0.000515661113591355,0.00196037213672995
"ENSG00000226468",1.84777803890772,-1.81922562278413,0.000515952668507947,0.00196121245991684
"ENSG00000259895",1.88860069414878,-3.37310500356634,0.000516673224641438,0.00196340773342847
"ENSG00000177613",-0.561850094208976,4.35316146606001,0.000516705692039902,0.00196340773342847
"ENSG00000236663",2.33064532462753,-3.05811044942269,0.000516786827703939,0.00196340773342847
"ENSG00000174799",0.569195983664817,2.89012927137495,0.000516812570252393,0.00196340773342847
"ENSG00000233225",-0.685334537844365,-1.54943806758564,0.00051702454420338,0.00196394477573458
"ENSG00000172717",1.04529848327065,-2.88448701696599,0.00051730278024067,0.00196473333699764
"ENSG00000113328",-0.559950561311014,5.8752325155079,0.000518226034719713,0.00196797115014465
"ENSG00000272701",1.73950703426829,-2.50234285442781,0.000518443998408698,0.00196853009252438
"ENSG00000270277",1.32247334213789,-0.920995733309317,0.000518852763117502,0.00196981325424339
"ENSG00000162522",0.757864511794499,7.71102433766924,0.000519060245291714,0.00197032708860813
"ENSG00000178719",0.536968155679002,7.17428592158334,0.000519129792015259,0.00197032708860813
"ENSG00000197324",-0.522973804036309,7.17085425053338,0.000519233127982734,0.0019704504009529
"ENSG00000244128",3.08486789754257,-1.21914314315496,0.000520524602919854,0.00197508196193859
"ENSG00000168333",-2.00376060154318,-3.81221295687348,0.000520629881509725,0.00197509897037031
"ENSG00000148803",1.22071710280155,3.04188952175363,0.000521059567287071,0.00197630297899295
"ENSG00000279464",0.866698890103819,-0.658738816877467,0.00052130239415132,0.0019769543889461
"ENSG00000268204",1.43569209753446,-1.13869237802098,0.000521789832391461,0.00197825337589737
"ENSG00000234006",1.20404002740386,-3.77106560820179,0.000521858304352605,0.00197825337589737
"ENSG00000265791",1.03238279911128,-2.19889736314918,0.000522048464522644,0.00197859500891503
"ENSG00000278621",-1.38429600708131,-2.36891801389415,0.000522090704721798,0.00197859500891503
"ENSG00000170906",0.691806135587785,5.34528755392932,0.00052248701579452,0.00197982716216526
"ENSG00000179914",5.11261778447948,4.59148237941724,0.000522743862705357,0.00198053058894212
"ENSG00000224750",4.90381788362307,-3.43089161983366,0.00052313645406001,0.00198174805186203
"ENSG00000273216",1.72889575068148,-0.810485331202729,0.000523293512596559,0.00198207305812993
"ENSG00000228452",-0.603025099593689,-1.25347565027401,0.000523834819002047,0.00198385318912091
"ENSG00000149489",-0.631540409951875,1.40884654761433,0.000524197643266276,0.00198495698463784
"ENSG00000152422",0.53838065848187,2.53566503008785,0.000524322175659993,0.00198515827275135
"ENSG00000144481",2.9778984048624,-0.992758124464055,0.00052445010880048,0.00198537238002828
"ENSG00000188242",0.676910008377817,3.21669987859259,0.000524569231254604,0.00198555307959776
"ENSG00000230400",1.88474216266286,-3.9263588747686,0.00052498914355639,0.00198687209820845
"ENSG00000185105",2.2302896530566,-3.25917711417746,0.000527157848327086,0.00199457987867725
"ENSG00000166250",-1.19544839917088,4.08892809166469,0.000527698968521292,0.00199631275999493
"ENSG00000108666",0.57982924251887,3.91449464234455,0.000528773887638686,0.0020001071857602
"ENSG00000265246",2.57437920203179,-0.236144434664612,0.000530468016390019,0.00200596967231211
"ENSG00000232098",0.632006620341839,1.99311877161304,0.000530701204107218,0.00200630591135437
"ENSG00000279673",-1.06604521457154,-0.742315436572311,0.00053084929380797,0.0020065930155859
"ENSG00000213983",0.756952738348805,5.62511762502484,0.000531106125320313,0.00200729102643482
"ENSG00000164088",-0.593725825708058,3.75878199143137,0.000531196282154463,0.00200735899396224
"ENSG00000065809",-0.784189540576248,5.67670309907157,0.000531431863927889,0.00200772476144772
"ENSG00000261496",-1.07225319993198,-1.21824325358047,0.000531437446294112,0.00200772476144772
"ENSG00000137090",3.63556533824018,-3.31929264598026,0.000532196017148312,0.0020103175098392
"ENSG00000139146",0.66358299489698,5.35450709868462,0.000532590191661365,0.00201153327005399
"ENSG00000277639",-1.3306629171319,1.67696196316574,0.000533498140599168,0.0020146889048859
"ENSG00000178685",0.709940955522942,5.91454979349354,0.000533677003023248,0.00201509075279468
"ENSG00000164619",-1.29071268302274,0.172856650841886,0.00053418222484413,0.00201641045606393
"ENSG00000267260",2.13130306991981,-1.66667954148742,0.000534244010021757,0.00201641045606393
"ENSG00000106852",-0.84884205568799,1.10713522426397,0.000534868143584486,0.00201849222218661
"ENSG00000204160",0.51324490047658,5.44066752618889,0.000535297715981324,0.00201956529769243
"ENSG00000070886",3.34638513896298,-2.44479693654561,0.00053579940508965,0.0020211838944471
"ENSG00000240875",-0.961593752965161,-0.181552782139763,0.000538977361130392,0.00203289630392183
"ENSG00000272115",0.988368575991478,-2.63865655516323,0.000539948457231369,0.00203628290725099
"ENSG00000233309",2.58599022021608,-3.21110328292591,0.000540239385999192,0.0020368733349977
"ENSG00000203950",0.5830483921517,5.54327219707142,0.000540251486437206,0.0020368733349977
"ENSG00000251491",-2.02320693983168,-4.36252248789858,0.000541787601490967,0.0020423879859404
"ENSG00000147123",0.615100657697802,6.23405731291862,0.000542285553515714,0.00204398808780764
"ENSG00000082196",-1.06454190849534,2.41193738648275,0.00054279415338019,0.00204562788454786
"ENSG00000005100",0.514654504624255,4.22809563705589,0.000543414654500778,0.00204713419824328
"ENSG00000261526",0.760227585310266,1.10072325605822,0.000543979992676299,0.00204898639440763
"ENSG00000274184",1.4058507148916,-2.59335215646463,0.000544152431448916,0.00204935837181973
"ENSG00000252835",2.81736298468532,-0.871210189380302,0.000546099398976346,0.00205641248087315
"ENSG00000262133",-1.32019308357954,-3.47950338335715,0.000546205749291014,0.00205653452078394
"ENSG00000266805",2.39763633077127,-1.43809575661066,0.000546354661151247,0.0020568167556307
"ENSG00000134709",0.981855740859801,3.9060943176162,0.000546443252366525,0.00205687186061309
"ENSG00000260386",2.83235651039092,-2.24190156887138,0.000546830620770184,0.00205805142834657
"ENSG00000139372",0.534932791800735,4.31849792903167,0.000547818452695151,0.00206149027530919
"ENSG00000184486",4.00511730942238,-0.42688828946124,0.00054851851000984,0.00206357429754139
"ENSG00000279909",1.06179788807182,-3.67780839482185,0.000548520647960433,0.00206357429754139
"ENSG00000224739",2.29039154625125,-1.85717594174585,0.000549618418978415,0.00206742454517807
"ENSG00000160593",-1.05266580961042,2.78598135832562,0.000550805122862269,0.0020716082328828
"ENSG00000174343",4.28938810607447,-1.0419964739022,0.000551087695673737,0.00207239076254376
"ENSG00000167994",-0.996498829533319,2.73302509499774,0.000551325299223848,0.00207300399449951
"ENSG00000254337",6.01542096641322,-1.18797905829602,0.000551485716449905,0.00207332687640189
"ENSG00000165997",-0.560074959233483,4.92446222862301,0.000551798860385479,0.00207422377401018
"ENSG00000267811",1.08123346807642,-2.81953445805073,0.000552125814764155,0.00207517233595074
"ENSG00000242396",1.34185892630862,-2.51830522615748,0.000552852211473603,0.00207762174810368
"ENSG00000236751",1.91060959331237,-2.6345376948766,0.000554498802772585,0.00208324668398135
"ENSG00000120594",-0.960327878185622,4.83365302184589,0.000555361524052392,0.0020862061140558
"ENSG00000226328",0.688217230904741,2.55020397187252,0.000555705431460839,0.00208721609253482
"ENSG00000173825",1.25182534629873,-0.058112968935936,0.000555809843070169,0.00208732637932901
"ENSG00000124602",1.35996894107172,0.793423592066343,0.000558366882563983,0.00209636313509072
"ENSG00000214725",1.88649190327929,-1.62179175741113,0.000558499979649712,0.00209657982642697
"ENSG00000280018",1.73018856465165,-3.66940322838667,0.000559420021939237,0.00209946688303819
"ENSG00000281162",3.18603526627834,-0.482741894461045,0.000560058560451732,0.00210157970073449
"ENSG00000253746",2.35616207699256,-1.47751983411405,0.000560940345615846,0.00210460459093667
"ENSG00000248896",-0.908953160477393,-2.84158723088042,0.000561461919571292,0.00210627736296687
"ENSG00000267117",1.2197590008268,-3.63810857947148,0.000561860789966942,0.00210748943376272
"ENSG00000269378",-0.851149657642822,-1.71182113168683,0.000562085491581835,0.00210776375588049
"ENSG00000233196",1.88130153581583,-3.88813989461171,0.00056351097947597,0.00211259297062234
"ENSG00000118961",0.584888570602235,3.92640462764022,0.000563525230972823,0.00211259297062234
"ENSG00000153233",2.45282641454421,3.60411770588222,0.000563872251779359,0.00211346982313819
"ENSG00000185215",1.21010759791362,8.58793242516246,0.000563911104789434,0.00211346982313819
"ENSG00000235374",-0.804996522556602,0.0205129102333852,0.000564001372582417,0.00211352333274519
"ENSG00000196859",4.17819431768715,-1.58820770609378,0.000564139688624123,0.00211370317744218
"ENSG00000103089",-1.18290062524673,3.53744949498388,0.000564201358693085,0.00211370317744218
"ENSG00000171806",0.599098146729433,2.5695601782798,0.000564611232067504,0.00211495383131225
"ENSG00000225886",2.10107667793394,-2.15523952243059,0.000564834006866852,0.00211550339792456
"ENSG00000226232",1.16076246473759,-1.74078990725441,0.000565117859108885,0.00211628154239874
"ENSG00000278200",2.64235475703792,-3.57115522364123,0.000566009854361992,0.00211933657503636
"ENSG00000137440",-1.90574111896905,5.33509576255926,0.000566601343903222,0.002121265739397
"ENSG00000154864",-1.17284276064661,2.11840366067053,0.000567099376953424,0.00212284454524974
"ENSG00000204889",3.74961036676814,-0.598118781430754,0.000567583994348211,0.00212437271360608
"ENSG00000142149",-1.28515404424047,1.83226796383477,0.000567737245033445,0.00212466038699074
"ENSG00000227855",-0.690132061445463,-0.68228209906969,0.000568313814531375,0.0021265319687288
"ENSG00000101282",2.69015524771041,1.37461115873504,0.000568741207662603,0.00212784492987893
"ENSG00000119698",2.95246304772798,-0.0666711947693539,0.00056891149522036,0.0021281957520597
"ENSG00000260518",4.057413092147,-2.06466046226788,0.000569233397144039,0.00212911356572985
"ENSG00000141198",0.715527861983091,3.96103640489962,0.000569978452641677,0.00213161364842315
"ENSG00000139211",1.22112229107853,6.30601355465351,0.000570154134518088,0.00213198399345948
"ENSG00000111885",-0.825773657439057,5.54337206815317,0.000571525768974705,0.00213653846942117
"ENSG00000204248",1.34830830537268,0.563243920509085,0.000571900040420709,0.00213736305082252
"ENSG00000277999",-1.02224752181023,-3.33629105116055,0.000572419102706009,0.00213901551841492
"ENSG00000171502",-0.935346052344341,0.804997556776624,0.000572583192212183,0.00213934125805984
"ENSG00000269131",0.67356430167299,3.3125860462583,0.000572781219691318,0.00213950632061169
"ENSG00000196220",-0.969106540110277,3.28882488513339,0.000573025537236819,0.0021401314982097
"ENSG00000241634",1.25850012597194,-2.23335699932388,0.000573731504275241,0.00214248044151548
"ENSG00000111335",1.30399129555375,6.27823622090287,0.00057415048671338,0.00214375721398298
"ENSG00000166126",1.48665973271836,2.36959877198813,0.00057430305688554,0.0021440390498198
"ENSG00000230037",-1.22346554212975,-2.06868059543459,0.000575245115988662,0.00214726780445479
"ENSG00000130723",-0.621233191746648,6.05975049992265,0.000576774731203195,0.00215231843006042
"ENSG00000185933",3.03185216776563,-1.79537782266881,0.000576830315955502,0.00215231843006042
"ENSG00000133962",1.43144314298072,0.81379803669242,0.000577369799322817,0.00215363454951681
"ENSG00000144061",-0.619814652181628,1.61050761313024,0.000577802318384092,0.00215478893553456
"ENSG00000184811",-2.25482692128587,-1.06250447426735,0.000578638397221405,0.00215761760851575
"ENSG00000260132",1.76467964171325,-3.46784945196221,0.000580328211609118,0.00216362849188799
"ENSG00000182132",-1.58722930351414,-2.83918623412257,0.000581134370191955,0.0021659965353923
"ENSG00000230565",0.912825887030347,-1.02540030965675,0.00058119699937557,0.0021659965353923
"ENSG00000125354",-0.74467635974988,4.33632686069152,0.00058239177111954,0.00217015840436063
"ENSG00000180209",1.92882641570407,-0.250502638131798,0.000583279727628302,0.00217309103435587
"ENSG00000213761",1.15174198204979,-3.51069865561865,0.000583335047010425,0.00217309103435587
"ENSG00000251138",4.31066448203501,-1.71974288636421,0.000584101617648584,0.00217565532230616
"ENSG00000205629",0.510421152495764,4.67366508010813,0.000585661241618828,0.0021811724843525
"ENSG00000272572",0.804669999253842,-1.36232691640249,0.000587933636010096,0.00218904929295165
"ENSG00000181264",-0.752179395957097,1.57505602095943,0.000589183450736866,0.00219340909052931
"ENSG00000146232",0.752263464439095,4.40233826272822,0.000589416885625975,0.00219398445395011
"ENSG00000270223",-0.630394620958657,-0.32840093704792,0.000590380795236629,0.00219727834309064
"ENSG00000235098",1.40513422361118,5.58471998605648,0.000590690383931369,0.00219813642604806
"ENSG00000174576",-1.93800610146859,-0.825749262499221,0.000591406950779462,0.00220050856481996
"ENSG00000164744",2.14798917012503,-2.2635670116396,0.000591543629921453,0.00220072270987231
"ENSG00000233184",0.624383717332403,1.3925300626263,0.00059202846544815,0.00220223187234311
"ENSG00000088340",1.97787855724853,7.37785595818594,0.000593851823326497,0.0022087190107221
"ENSG00000149136",0.50059760469023,7.30150574495078,0.000593938116330484,0.00220874459546727
"ENSG00000267058",-0.839248691112566,-1.53155484705399,0.000594485891660348,0.0022104861102606
"ENSG00000214706",0.555887051248522,5.19224178511502,0.000594603219142495,0.00221062683251039
"ENSG00000112531",-0.544508785532934,5.58843673393527,0.000594847312673272,0.00221123874731111
"ENSG00000278399",1.6235891983436,-3.11924398358509,0.000594997082452526,0.00221149991370468
"ENSG00000177663",0.533099998310155,4.55394136864909,0.000595282841705334,0.00221226639181594
"ENSG00000173809",2.47659030023999,0.71736562549803,0.000595720268034476,0.00221359623444795
"ENSG00000141429",0.857230761059963,7.34538027269281,0.000595890090310251,0.00221393148300815
"ENSG00000182484",1.8473438426436,4.99495519314396,0.00059693811156409,0.00221752900987472
"ENSG00000281344",1.54123814515217,0.714395806207839,0.00059703483074564,0.00221759211371908
"ENSG00000092051",-1.28669045991301,0.308903925233544,0.000598044732144597,0.00222097821958827
"ENSG00000147896",7.26141624615919,-1.05193333240241,0.000598106168508113,0.00222097821958827
"ENSG00000276957",1.31467593615095,-2.76882693139892,0.000598355572713449,0.00222160773513271
"ENSG00000227543",0.772352549640316,-0.0126955211789784,0.000598871859457769,0.00222322784664962
"ENSG00000234231",1.3132803370704,-1.61055055161533,0.000599406610878154,0.00222491606410705
"ENSG00000140459",2.70278094520584,2.14671725806786,0.000600447288104107,0.00222818417932482
"ENSG00000265660",1.3520728259337,-2.7670952586951,0.000601936832975209,0.00223311579772435
"ENSG00000223821",-0.952487124536919,-3.6633982041055,0.0006021256460496,0.00223333013068654
"ENSG00000277050",1.10841982918781,-1.82695036639886,0.000602580488589287,0.00223460948388451
"ENSG00000253810",2.67939482754706,-4.18884769554584,0.000602906865921619,0.0022355217520168
"ENSG00000164176",-0.991775930903654,3.58271047081016,0.000603351689138618,0.00223648272288276
"ENSG00000233859",-0.858079892789566,-3.00915993411967,0.00060340726827427,0.00223648272288276
"ENSG00000281591",3.555780215678,-2.70101239098508,0.000603585200128035,0.00223684412673698
"ENSG00000196705",0.730357189565538,3.88481659935674,0.000604041300669858,0.00223817154563775
"ENSG00000265010",1.54188229273072,-3.76339823878161,0.000604338149176606,0.00223873960349613
"ENSG00000158813",-1.08266590176105,1.23845628238835,0.000604690078301261,0.00223974499238154
"ENSG00000111913",-1.04537095062553,2.32284420517116,0.00060483354464954,0.00223997807953897
"ENSG00000131096",1.7781601358898,-2.85661202727935,0.000605081377351614,0.00224059757000139
"ENSG00000173157",2.92628534335247,-0.313538434687739,0.000605289700069903,0.00224076220403423
"ENSG00000213694",-1.02296544346485,4.27533520560057,0.00060532771472128,0.00224076220403423
"ENSG00000179406",0.954595547058055,2.77032932592363,0.000605367533207968,0.00224076220403423
"ENSG00000138606",-0.874795244630149,2.16676843923971,0.00060598349995369,0.0022427437237807
"ENSG00000196739",1.22133541067174,4.73926012403466,0.000607854609026492,0.00224936937744197
"ENSG00000278987",1.10495220208077,-2.08743743129008,0.000608465081777488,0.00225132889709688
"ENSG00000129680",-0.841496519965216,2.91978561104673,0.000609929600407677,0.00225614735684782
"ENSG00000218631",1.38671528829755,-2.77895930844562,0.000610047802810762,0.00225628451324145
"ENSG00000112115",-2.05479302019835,-3.70897837780763,0.000610389394648354,0.0022572477374491
"ENSG00000108849",5.11694876403518,-1.21770277394127,0.000612059557476713,0.00226310324849591
"ENSG00000228305",0.788579305988963,-1.80939501913531,0.000612135538720553,0.00226310324849591
"ENSG00000081818",-1.11173785041502,0.991251035682164,0.000612945628567775,0.00226579701852147
"ENSG00000105137",-0.780092198771507,3.60843669476211,0.000614501519982964,0.00227124661465597
"ENSG00000265702",1.98762629615697,-2.48008128246528,0.000614805811099882,0.00227206936275857
"ENSG00000275734",1.1328096314057,-3.32230707528761,0.000615216910953248,0.00227328656095957
"ENSG00000267452",1.9137502391614,-3.35471164535661,0.000615816757289395,0.00227520077982066
"ENSG00000082512",-0.626377155847554,3.62772347276828,0.000616081738982729,0.00227587746132642
"ENSG00000250966",0.822612061643119,-2.42196314263309,0.000616562891640997,0.00227735241769071
"ENSG00000157833",0.984869267953676,2.83106043760836,0.000616708904501052,0.00227758926581965
"ENSG00000224367",1.79944397267442,-2.68011584247216,0.000617032026139299,0.00227812871438898
"ENSG00000123388",2.33557153425157,0.687451079923631,0.000617100698745428,0.00227812871438898
"ENSG00000272121",2.83652041587655,-2.09467400256409,0.000617347269716237,0.00227873651129631
"ENSG00000233589",3.05862701380306,-1.58678377035818,0.000618138702246303,0.00228135505912638
"ENSG00000252061",-0.803508108888521,-3.33797974069084,0.000618366975592421,0.00228189474487886
"ENSG00000118113",2.75079837331106,-3.12706790980359,0.000618699663199812,0.00228281954531392
"ENSG00000248124",-0.906183682292562,0.869624650037383,0.000619970374349301,0.00228629488488161
"ENSG00000149716",1.34061069300065,4.62517483757264,0.000620125584750754,0.00228651737247061
"ENSG00000136535",3.05393617605203,-2.14651469383485,0.000620195126664448,0.00228651737247061
"ENSG00000237485",1.52828106292526,-3.63350009107527,0.000620306739031846,0.00228662575648678
"ENSG00000145476",-0.641020336443085,3.54100958203488,0.000620778169776641,0.00228806032812056
"ENSG00000013725",-1.11944609018277,2.50455900999338,0.000621163127225182,0.00228913607512986
"ENSG00000198822",3.12297247126315,-0.0573333097246792,0.00062123464189696,0.00228913607512986
"ENSG00000271324",0.802917075376797,-0.692788686574524,0.000621732370601521,0.00229066663446021
"ENSG00000273604",1.15484053364965,4.08172953418576,0.000621976466243101,0.00229095900617393
"ENSG00000281398",1.08305003514775,0.944651830144581,0.000622160599108123,0.00229133378482445
"ENSG00000176204",-1.69344943688635,-2.46106987121154,0.000622985253398943,0.00229406710615448
"ENSG00000119705",0.596943933614828,4.84701104387305,0.000623566143178562,0.00229590218959827
"ENSG00000169962",1.90844129328057,1.11630638080407,0.000625535609272208,0.00230284869631872
"ENSG00000125843",0.505945896464277,3.34467893002403,0.000626112443416341,0.00230466720337992
"ENSG00000147100",-0.99052402900287,2.8486014785053,0.000627785773303219,0.00231052080361022
"ENSG00000007312",-1.43663759156804,2.61274538697939,0.000628095393206508,0.00231135448151
"ENSG00000232645",1.00480475744801,-1.49326978646787,0.000628213547212708,0.00231148344868727
"ENSG00000171222",0.76951106093958,5.63860057556446,0.000628704242119693,0.00231298294789352
"ENSG00000264350",0.600069309441301,0.972519547627435,0.000629731188492124,0.00231610731298493
"ENSG00000226472",1.84998573496225,-1.92852932082757,0.000629790116266047,0.00231610731298493
"ENSG00000267023",-0.612870494447569,1.69028630627281,0.000629969863830977,0.00231610731298493
"ENSG00000261254",0.793342576847655,0.539366047622601,0.000630149267137846,0.00231646068819785
"ENSG00000197872",-0.949124407357196,3.38999362852753,0.000630980974950904,0.00231921155759343
"ENSG00000157613",-1.08912463311906,4.55263518589876,0.000631603513508619,0.00232070548695678
"ENSG00000274653",0.859397426046118,-1.10626001922833,0.000631605919254368,0.00232070548695678
"ENSG00000206013",4.03013128650223,-2.82462844101514,0.000631637742647783,0.00232070548695678
"ENSG00000166128",-0.502787747596853,4.38093439940982,0.000634479005192029,0.00233083668886619
"ENSG00000145390",-0.607080822904503,4.36631859557376,0.000635310776917885,0.00233358407797374
"ENSG00000103269",1.15518901678185,0.62435775760123,0.000635610694806339,0.00233392122082691
"ENSG00000271737",0.911572641432901,-1.09514453492969,0.00063561782783316,0.00233392122082691
"ENSG00000243710",1.66486057569191,-0.204259265843035,0.000635654307257895,0.00233392122082691
"ENSG00000184428",0.681543914066947,5.23016836713245,0.000636120644204876,0.00233532516859427
"ENSG00000253859",2.84442618624911,-3.64194884291328,0.000636929171588166,0.00233798482900642
"ENSG00000074855",0.871628146493511,3.60893900534301,0.000638343895978372,0.00234286866968151
"ENSG00000269729",4.0289924066187,-1.81102858376742,0.000638801019659869,0.00234423707082728
"ENSG00000228071",-0.847509466122997,-2.48621719370652,0.000639912759893493,0.00234800707004192
"ENSG00000162344",6.73632218615179,1.05358394093494,0.000640158000637939,0.00234859708108996
"ENSG00000116690",-1.12470421459801,-0.3693248838743,0.000641013170205448,0.00235142433433449
"ENSG00000235021",2.21179064207023,-1.76729033681378,0.000641567608861088,0.00235314781817928
"ENSG00000162437",-0.752025514922389,3.46492223723159,0.000641744579445734,0.00235348654906701
"ENSG00000187867",2.18213172103308,4.25749341871382,0.00064190637563276,0.00235376954851338
"ENSG00000117407",1.41879550793908,2.05011073215933,0.000642171010941339,0.00235442951849611
"ENSG00000279413",0.630028119669132,0.500128446815423,0.000642328803759232,0.00235469764319962
"ENSG00000117154",-1.30399035849287,0.682855277444399,0.000642574294048743,0.00235528714290692
"ENSG00000150201",3.62715081343978,3.38826994847674,0.000643511127532038,0.0023584101976609
"ENSG00000100916",-0.553548031211262,2.5668751637669,0.000644471974418768,0.00236162042483652
"ENSG00000158793",0.581731080363438,4.82590261691738,0.000645666204911994,0.00236568491071233
"ENSG00000154133",-0.725048210669461,3.4705676257941,0.000646918932252236,0.00236965050213769
"ENSG00000117601",2.26305665262843,-1.68846244553778,0.000647193377769547,0.00237034361547332
"ENSG00000267594",-1.57757780807387,-3.22138378456193,0.000647412625461541,0.00237083441105488
"ENSG00000148057",-0.613033847434305,1.36688903718781,0.000648424876118667,0.00237376697172679
"ENSG00000106089",0.826703730368065,2.99435465710828,0.000648469472950784,0.00237376697172679
"ENSG00000236311",3.88721278620902,-4.33431008920453,0.000648833223331775,0.0023747859508523
"ENSG00000167771",1.51401369939054,2.55080036318001,0.000649667073534442,0.00237721225052144
"ENSG00000251151",3.26413690420605,-1.96858690156932,0.00064995920393262,0.00237796834240699
"ENSG00000143418",0.534868885594343,6.55542943771611,0.000651428207259627,0.0023827160347859
"ENSG00000213385",0.886841285758949,-1.53110562714537,0.000652340957004317,0.00238562353731121
"ENSG00000214530",0.92992161928325,5.84482569661612,0.000652504701278032,0.00238562353731121
"ENSG00000171695",2.21738074955869,-2.68870626798613,0.000652521671260749,0.00238562353731121
"ENSG00000214063",-0.847608348253803,4.31980523278895,0.000652616860122825,0.00238562353731121
"ENSG00000064961",0.524676154441737,5.97217858476897,0.000652651979124905,0.00238562353731121
"ENSG00000140522",3.48833636209367,-2.3873938217428,0.000655842409251716,0.00239670275437399
"ENSG00000130313",0.634100239406667,5.64128829234148,0.000655860026762131,0.00239670275437399
"ENSG00000135502",-1.04212872156712,-1.6901911673888,0.000655941515345155,0.00239670275437399
"ENSG00000182687",2.05303556606076,-0.507337962634974,0.000656076746991847,0.00239688198661293
"ENSG00000168077",-1.06150899853601,4.75139431793035,0.000656731661556834,0.00239895950917786
"ENSG00000232871",-0.863336690554877,-2.46658531764894,0.000657520007564845,0.00240120850451694
"ENSG00000196576",0.557975343080585,8.3252629585849,0.000658792376450722,0.0024052234662935
"ENSG00000277156",1.77015931661567,-2.63033011789787,0.000660107609178329,0.00240970900827889
"ENSG00000136305",-1.02450982520236,-1.94213014321953,0.000660268887437009,0.00240998143914508
"ENSG00000214135",0.660324847021942,3.29850634842855,0.000661089115885076,0.0024126586511103
"ENSG00000231856",-0.582322729620177,0.259105474352372,0.000661248919150995,0.00241292524118954
"ENSG00000228626",3.51491077075902,-3.45275744413067,0.000661342194438604,0.00241294902976793
"ENSG00000263146",-2.22898203762797,-3.684388601607,0.000661849026004784,0.00241416484724866
"ENSG00000263272",0.922262377031397,1.47432857919773,0.000662121368256747,0.0024148415441024
"ENSG00000121210",-0.841798940567161,3.31484834715942,0.000662355610822675,0.0024153791272861
"ENSG00000164430",1.06078793234125,3.32074254821711,0.000664464843599902,0.0024227531063246
"ENSG00000228782",0.620136367840419,0.776219929183121,0.00066560510989317,0.00242627456375606
"ENSG00000224126",1.21999881214124,-3.19395010843513,0.000665926263741884,0.00242712713582139
"ENSG00000279844",2.60613102068375,-3.0763971009313,0.00066628530282632,0.00242811754815362
"ENSG00000229728",0.926285091853875,-1.70755947176351,0.00066660746257813,0.0024289733206715
"ENSG00000228192",0.868843900381892,-1.19043629599992,0.000666796238569996,0.0024293429111013
"ENSG00000182541",0.664800665939771,5.9515722423413,0.000667316649442523,0.00243092049390241
"ENSG00000184164",0.54677063773726,4.89593339911944,0.000667553257916055,0.00243146395526706
"ENSG00000222047",1.36073821486689,0.405690830015401,0.000667701304158702,0.00243168474172659
"ENSG00000189423",1.86465711044808,-2.00720668096188,0.000668980186872601,0.002435385593912
"ENSG00000138109",3.99314799044172,0.523013912269736,0.000671718712674679,0.00244439520549795
"ENSG00000144834",3.31683512634351,-0.258377207324717,0.00067517204574398,0.0024558240254802
"ENSG00000099822",1.30831147810207,-0.506618640182104,0.000675212538124155,0.0024558240254802
"ENSG00000248144",-1.80232666548834,3.21190124927218,0.000675891880331508,0.00245797343980913
"ENSG00000227877",-2.09395841746616,-2.0372599046426,0.000676683180864768,0.00246052939069052
"ENSG00000271967",-0.878768212300728,-2.85776102040075,0.000677589686294211,0.00246345194587227
"ENSG00000270010",1.03848178824544,-0.842543395755309,0.000678649889621421,0.00246671319655522
"ENSG00000136960",-1.11041097056326,4.20545158021175,0.000679201261658293,0.0024683947067166
"ENSG00000106804",-0.730013329914415,1.34175392251555,0.00067929911955433,0.00246842780404554
"ENSG00000137825",1.7774004948426,0.731185900080992,0.000680733161407478,0.00247299260948618
"ENSG00000272720",1.37939968793578,0.318171270016576,0.000681245055756383,0.00247452902386735
"ENSG00000178386",0.855909203568606,0.457685354448517,0.000681510551440978,0.00247517014458448
"ENSG00000055609",-0.54537740517397,5.46890801831861,0.000681898774699236,0.00247593350139815
"ENSG00000160200",2.01549946541823,-0.15139425735454,0.000682291316156033,0.00247703542308416
"ENSG00000179674",-1.4401046992443,2.86489606681104,0.00068286657027745,0.00247880030267903
"ENSG00000214353",1.14178656962565,-2.13210452327471,0.00068333943911887,0.0024801931123859
"ENSG00000183853",-0.934240960070969,4.50947369265387,0.000684250953675386,0.00248317742361345
"ENSG00000248632",-1.10054415261304,-2.35576672537052,0.000684503303016126,0.00248376912808708
"ENSG00000234917",0.947775499270132,-2.50315722689087,0.000686017089196314,0.00248861266490376
"ENSG00000135124",0.722769319131874,4.03254452824588,0.00069025373268751,0.00250220319693391
"ENSG00000136944",3.11105764006663,-0.648658281868525,0.000690303280123465,0.00250220319693391
"ENSG00000087884",-0.621639318853363,3.36297628262271,0.000690908309737468,0.00250406995292262
"ENSG00000255508",0.594912680246802,1.40406232998191,0.00069151382368444,0.00250566159432232
"ENSG00000262147",0.971882958880929,-2.02596033124476,0.000691568799365492,0.00250566159432232
"ENSG00000203721",2.09201199978533,-3.09861179202936,0.000691619541894372,0.00250566159432232
"ENSG00000274363",1.24018655094823,-2.73110356006453,0.000691749345496752,0.00250566159432232
"ENSG00000185838",0.716263061956164,2.84007690948636,0.000691797914025854,0.00250566159432232
"ENSG00000188039",-1.39462951298482,-0.609715951259655,0.000692782136045399,0.00250889968096754
"ENSG00000145248",2.32615165022085,-0.446250712745711,0.000694496975739584,0.00251478250048757
"ENSG00000110448",-1.12154314339603,1.83151566659901,0.000695994495713498,0.00251987697335063
"ENSG00000105409",1.937043606288,1.05499784917778,0.000696096778502176,0.00251991926337121
"ENSG00000224957",-1.61236657685289,-2.74432783250825,0.000696964616345644,0.00252273254482319
"ENSG00000204356",0.509229467845429,5.92931066163567,0.000697109122602411,0.0025229272644035
"ENSG00000102271",-1.44210708939668,-0.553334224425411,0.000697415450985142,0.00252370751213242
"ENSG00000234769",0.731356062511302,-0.524616092172142,0.000698265760681553,0.00252645578272877
"ENSG00000274461",1.86298895236852,-3.62386027629793,0.000698759980919932,0.00252774455752184
"ENSG00000069399",-0.683146715955808,5.89997529976622,0.000698803721381564,0.00252774455752184
"ENSG00000144355",2.46012201174993,-0.865705655218317,0.000698988944457908,0.00252808576231571
"ENSG00000101076",3.36566986665547,0.660623279217067,0.000700880378970387,0.00253426754814136
"ENSG00000144959",0.880599565244579,4.55652555038983,0.000701363684378462,0.0025355185073062
"ENSG00000166535",-1.58883645827521,5.52113177296831,0.000701408672031564,0.0025355185073062
"ENSG00000223345",-1.54109472328598,-3.96205527215554,0.000702103848470311,0.00253770166829172
"ENSG00000279467",1.28846161630136,-2.67203939571088,0.000702990187154125,0.0025405751137367
"ENSG00000279140",1.22275809535709,-1.83584981408595,0.000703851387137028,0.00254305712071914
"ENSG00000170421",1.17919838156393,10.2836129658197,0.000703914052713754,0.00254305712071914
"ENSG00000277883",1.96186240590706,-1.7437807791317,0.000703951273592086,0.00254305712071914
"ENSG00000231171",2.88267401357896,-3.90407105712281,0.000705475841847062,0.00254790859286131
"ENSG00000188015",2.8671409519327,4.16370550517208,0.000705477441254986,0.00254790859286131
"ENSG00000280311",1.35091564936444,-3.39649343825612,0.000706021189024795,0.00254900853220502
"ENSG00000260454",4.54909851418463,-2.64876387973142,0.000706056942153219,0.00254900853220502
"ENSG00000132341",0.518553449802602,7.64904020275907,0.000706957616588771,0.0025519289020355
"ENSG00000254233",2.48183647213769,-3.27035169552944,0.000708023055246481,0.00255544319174285
"ENSG00000102385",-0.973599483391214,-0.350849738313206,0.000708498634106497,0.00255682788509199
"ENSG00000217648",0.876091391709728,0.815779378277052,0.000710307111550344,0.00256302175577967
"ENSG00000140983",0.518491042466301,6.01994133674005,0.000710556954981776,0.0025635906847721
"ENSG00000175087",0.573623014341893,3.61097818062856,0.000711055807738743,0.00256497514692798
"ENSG00000133597",0.520397298433749,5.08450375539636,0.000711125134216432,0.00256497514692798
"ENSG00000229312",2.13342084384313,-2.96465532962381,0.000712048279072626,0.00256763889353649
"ENSG00000170523",3.07320736532148,-0.179382541466533,0.00071228538490814,0.00256816092953722
"ENSG00000147669",0.642890216135532,5.39641851051294,0.000712571363775722,0.00256885902018071
"ENSG00000224358",0.981283970577272,-1.85865567776355,0.000713470931553989,0.00257143540486084
"ENSG00000260239",2.3106751402666,-3.68461935749276,0.000714034910357652,0.00257313461541557
"ENSG00000228223",-0.948156135035793,1.85003489614681,0.00071511862291477,0.00257670608357669
"ENSG00000166902",0.553026765404024,5.01601416270894,0.000716427387078722,0.00258108742445862
"ENSG00000169059",4.21121513649467,-0.837728610567656,0.000716612116808282,0.00258141857334397
"ENSG00000070756",0.969389885601903,11.0836324668483,0.000716801879846063,0.0025817677653663
"ENSG00000236404",-1.09767130837279,-1.36435373599991,0.000717009048413491,0.00258190981949721
"ENSG00000235750",-0.695342350598757,4.39486363714049,0.000717026981835705,0.00258190981949721
"ENSG00000260853",1.06561922240407,-0.604018530120307,0.000717528299829006,0.00258338053115134
"ENSG00000240890",2.28272650360549,-3.9160986690921,0.000717625314938665,0.00258339540310498
"ENSG00000256690",0.853676328559256,-0.966843614198017,0.000718358740565759,0.002585701003152
"ENSG00000119599",0.502764493064614,3.39348404401562,0.00071914384021293,0.00258819198082844
"ENSG00000274383",1.27725038708457,0.101629242021921,0.000719539400190273,0.00258928054567112
"ENSG00000274414",1.47945513283965,-1.08368715329736,0.000720796273696862,0.00259346788620062
"ENSG00000070018",-0.500395688022138,4.1866863390256,0.000723127610066876,0.00260036529707158
"ENSG00000224927",5.07824825268912,-3.24052551022323,0.000723152161780445,0.00260036529707158
"ENSG00000197085",3.01086831097426,-2.07758973654433,0.000723156162296376,0.00260036529707158
"ENSG00000272630",0.751754104062223,-1.0837050003206,0.000723366539087857,0.00260069720160943
"ENSG00000267512",1.6173173332401,-3.84225564761196,0.000723598203332526,0.00260119385152999
"ENSG00000145681",2.10102480734674,1.51546726167503,0.000724212628801099,0.00260306614691716
"ENSG00000205359",2.80459555357034,-1.77014712425776,0.000724375793639368,0.00260331618406664
"ENSG00000256802",2.88584574882533,-1.01114878676493,0.000725678625197396,0.0026076614473663
"ENSG00000278177",-1.41534969534156,-3.48238831529182,0.000732215521106077,0.00263036140873718
"ENSG00000172493",-0.524586290293255,5.52890651913164,0.000732230197916157,0.00263036140873718
"ENSG00000159496",-0.783091418591928,-0.454035909874531,0.000732279451618019,0.00263036140873718
"ENSG00000259238",1.14567617671595,-3.26571117622422,0.000734069909893903,0.00263611186622068
"ENSG00000279348",-0.78112679904688,-0.405036051045243,0.000734561657665028,0.00263719677096133
"ENSG00000231770",0.674185829694577,1.4552320704764,0.000735899388918964,0.0026413175511683
"ENSG00000115841",-0.552419788661914,1.38564621154983,0.000736116523607418,0.00264175598336685
"ENSG00000240322",1.59432624907273,-3.31423892216622,0.000736439628133974,0.00264257455519162
"ENSG00000112273",3.0000032790427,-2.84136340890271,0.000737470092575256,0.0026459308158921
"ENSG00000259405",1.35137321558109,-3.80488431235497,0.000737676039702555,0.00264632834931603
"ENSG00000274520",2.91464110034884,-2.04949175465809,0.000739397984341452,0.00265216354636172
"ENSG00000243587",1.93134171826077,0.677922470114289,0.000739912915926477,0.00265347727731042
"ENSG00000264448",1.31990100139856,-3.68262805126853,0.000739955048460059,0.00265347727731042
"ENSG00000171132",-0.521754733575735,3.11139468394513,0.000740670429552479,0.00265570022652354
"ENSG00000233338",3.92382292520026,-3.598455227297,0.000741214970983017,0.00265696764891747
"ENSG00000271743",-1.15233809274284,-3.46550207250377,0.000742930308972486,0.00266243018727635
"ENSG00000259786",3.26315673525213,-1.90709444685544,0.000743630700449827,0.00266459683993958
"ENSG00000100665",5.44845639485855,-1.50501011018972,0.000744843909851905,0.00266860024020495
"ENSG00000164434",7.60121142397575,3.18701825242291,0.000745783508620926,0.00267138390533221
"ENSG00000187808",1.05638494180539,-0.43493242994244,0.000745895756319292,0.00267138390533221
"ENSG00000185176",3.9305189672381,-4.00480817524135,0.000745909014087294,0.00267138390533221
"ENSG00000257464",1.55394238330285,-2.93373162815665,0.000746956524671031,0.00267444668134338
"ENSG00000165071",-1.04974472702457,-0.0102114041784964,0.000747431302027419,0.00267580213712043
"ENSG00000264647",2.31887611002043,-3.77810931899547,0.000749008410060621,0.0026807580631857
"ENSG00000233478",2.62494448862146,-0.777976226866444,0.000749873574947714,0.00268316399588586
"ENSG00000197582",1.51208144199112,0.335875315582271,0.000752045366121997,0.002690588856181
"ENSG00000218891",0.786939309851234,3.57809102693817,0.000752645493820783,0.00269238959738102
"ENSG00000165828",2.8888504829687,2.03538226306084,0.000753768895598984,0.00269606150891133
"ENSG00000205622",-1.08146867133153,-1.01218275857988,0.000753868331404756,0.00269607045150578
"ENSG00000236719",4.28740601132162,-2.63882356919945,0.000754025322097193,0.00269628519972862
"ENSG00000262188",1.86193142406651,-1.80764304923192,0.000754297119380733,0.00269691037168483
"ENSG00000266208",0.838435894137499,3.7053746579539,0.000755029941980991,0.00269880088499236
"ENSG00000250746",1.35388009693704,-3.51036174146244,0.000755087572560482,0.00269880088499236
"ENSG00000175602",-0.772081545648018,4.36809886180256,0.000755116977205284,0.00269880088499236
"ENSG00000113905",4.22066312060556,-2.16844565561606,0.000756369463580005,0.00270292996152521
"ENSG00000169860",-1.10567687501928,2.6552436461033,0.000757608725493727,0.00270666300348838
"ENSG00000236871",1.11284769072321,-0.0576242145052148,0.000758095280496385,0.00270805343391292
"ENSG00000235363",0.803621621553035,-2.05322031692217,0.000758404693482153,0.0027084629866229
"ENSG00000226476",1.27240207052955,0.732284461590974,0.000758727062452893,0.00270926637411764
"ENSG00000058056",-0.676456739819508,3.28628325264839,0.000761858891995056,0.00272010030334512
"ENSG00000142530",1.05909468331843,0.868591518931017,0.000762313409117315,0.00272102449278489
"ENSG00000105738",0.676457328256077,5.45661952302015,0.000762572691751271,0.00272160070264059
"ENSG00000248367",1.00408997013213,-0.893557831179803,0.000762694340524835,0.00272168561624547
"ENSG00000259439",2.62217054015721,1.85335962962371,0.00076315064467391,0.00272296457733361
"ENSG00000187045",1.60006018083298,-0.50072670773741,0.000764163646094294,0.00272622928281434
"ENSG00000039537",-1.68348804972826,-1.78160548319554,0.000766563193647814,0.00273443915671754
"ENSG00000235237",1.51106258447238,-3.81766624560779,0.000767267841165051,0.00273660175254213
"ENSG00000235275",1.43527497106536,-3.64030018116689,0.00076794307798815,0.00273865890858885
"ENSG00000141971",0.507788969309165,4.87055916016489,0.000770185657753483,0.00274630432039713
"ENSG00000240399",1.00998496389936,-1.25224246045696,0.00077047695911576,0.00274699085551681
"ENSG00000228100",3.37455019838424,-2.66101505327196,0.000771884014068163,0.00275144200495733
"ENSG00000110245",7.04793196074932,-1.50473925228149,0.000772021005866253,0.00275144200495733
"ENSG00000067167",0.612439667007384,7.2627776540892,0.000772022198493043,0.00275144200495733
"ENSG00000233124",2.68034794908415,-3.08274671175026,0.000773057651474801,0.00275477930307094
"ENSG00000179046",4.76504082119298,-0.773143731519465,0.000774551659484487,0.00275974959073047
"ENSG00000278867",0.792412552663135,-1.12681743587394,0.000775022402325839,0.00276107314921078
"ENSG00000130948",2.03838476101629,-0.0557643761535457,0.000775640332707934,0.00276292066772615
"ENSG00000145423",-1.64991071195821,6.64549372454028,0.000775896725009493,0.00276348003748099
"ENSG00000274245",-0.982273901104627,-2.2251043942871,0.000776217051497116,0.00276426694664395
"ENSG00000281593",1.41045139138971,-3.3531407695084,0.000776933430824034,0.00276646389854165
"ENSG00000280328",0.918484809909475,-0.523260270981054,0.00077798256844654,0.00276984500463436
"ENSG00000102931",-0.603679717609789,1.63015401159233,0.000778499147410333,0.00277132942364311
"ENSG00000169783",1.25330572308377,1.82461155455353,0.000778683837044228,0.00277163214227171
"ENSG00000236956",5.72697187484655,-2.76777317267648,0.000780213150305085,0.00277636493723584
"ENSG00000274751",1.36432441817179,-2.64251593358742,0.000781050551340852,0.00277849463041153
"ENSG00000171115",-0.836297180234416,2.67344156515974,0.000781060138348947,0.00277849463041153
"ENSG00000199568",5.25061940313703,-0.965368765659874,0.000781474423936926,0.00277907532961996
"ENSG00000124733",0.523809581437775,5.83812604055335,0.000781937202982352,0.00277989599964961
"ENSG00000198331",0.689349199913305,2.38475363426861,0.000781954100223029,0.00277989599964961
"ENSG00000007866",-0.515617974839658,5.98093613087741,0.000782091983519044,0.00277989599964961
"ENSG00000208772",1.39021343535378,-1.57654823911727,0.000782104993968942,0.00277989599964961
"ENSG00000106415",0.950842047202164,3.89863928996566,0.00078278340172676,0.00278195179558221
"ENSG00000125534",0.777567205306218,8.1996279515962,0.000783883683783572,0.00278550618334898
"ENSG00000198087",0.693038985856655,6.22847985184123,0.00078410261901689,0.00278582822336673
"ENSG00000089639",0.579687102226978,4.73739277986739,0.000784174636347683,0.00278582822336673
"ENSG00000120820",-1.01370347925163,2.77493148693247,0.000784956087960403,0.00278824823428387
"ENSG00000279970",1.54079572589423,-0.624532615390114,0.00078546424856021,0.00278934079994958
"ENSG00000182898",5.41044938082568,-1.94713882438035,0.000785965297692185,0.00279076379735896
"ENSG00000254854",1.08417500846861,-1.22958360829603,0.000788059369383994,0.00279784212926692
"ENSG00000226943",2.34243033588213,-3.00081128157533,0.000789113713058861,0.00280122778574424
"ENSG00000179772",1.14271425428719,0.796673835608597,0.000789688164926768,0.00280290925613938
"ENSG00000239374",-0.961817953539731,-3.7415915937588,0.000790365912832644,0.00280474880477889
"ENSG00000258904",1.34086751388999,-3.47425987125981,0.000790408123246574,0.00280474880477889
"ENSG00000104808",1.44366745254531,0.393227250869358,0.000790884768096891,0.00280608216036214
"ENSG00000088053",2.33518951039874,-0.270723114610266,0.000791284827672276,0.00280714348367972
"ENSG00000261327",1.97509193219295,-0.700457417483404,0.000791463713969729,0.00280742000722358
"ENSG00000205838",1.53036043741849,-0.0759660122119331,0.000792107480534513,0.00280898704017677
"ENSG00000134109",0.649082606281763,5.90687146618281,0.000793370881548509,0.00281310865993226
"ENSG00000274877",1.82904552178606,-0.025005594367453,0.000793869489954931,0.00281451779784787
"ENSG00000250767",3.5444267441775,-3.32843078148998,0.000794983403083136,0.00281810774789081
"ENSG00000245067",-1.17159308392283,-3.49410651672867,0.000795352739678329,0.00281887827046231
"ENSG00000101811",0.532836785231739,4.13029816451693,0.000795403468399246,0.00281887827046231
"ENSG00000077942",-1.06308066431259,9.16668370363898,0.000796076622796769,0.00282054510953459
"ENSG00000163464",-1.54974408049201,-0.872224879845378,0.000796394397767468,0.00282131160172036
"ENSG00000260773",1.06440644041066,-2.46106801686449,0.000798537328574604,0.0028281826970133
"ENSG00000164051",0.541954937876301,3.7074234970581,0.000799545087286436,0.00283139133087569
"ENSG00000255150",-0.984469270397389,0.0367777159901771,0.000799942628599636,0.00283243848876406
"ENSG00000212464",3.46554570048884,-1.94178705974573,0.000800139925043711,0.00283277644287688
"ENSG00000124140",1.38325488891478,-0.456564864817737,0.000800969888283497,0.00283535388861256
"ENSG00000153094",0.576979985646689,4.72820604573478,0.00080233945126934,0.0028394792159504
"ENSG00000081760",0.569509289960055,4.62458703904307,0.000804072137684958,0.00284524915590734
"ENSG00000125820",5.86866241990414,-2.0817126519278,0.000805150546177416,0.00284870272749427
"ENSG00000100652",3.64877150468854,0.078690471459472,0.000805886073323931,0.00285057984959411
"ENSG00000169427",2.25516516587105,-0.95758728316673,0.000806517103449691,0.00285244916050944
"ENSG00000246174",0.908959267358419,0.590135376723967,0.000807724984696862,0.00285635791473285
"ENSG00000242797",1.8763053160053,-3.03947795652253,0.000808027291466497,0.00285706369915557
"ENSG00000188315",0.583399977577615,3.29373384464754,0.000808677246721446,0.00285899838096652
"ENSG00000100647",-0.59249283702678,5.25464696433376,0.000809514677599161,0.00286123163401518
"ENSG00000127928",1.52127760318,-0.215552138268822,0.00081174967679997,0.00286876667863247
"ENSG00000149506",2.06319729430303,-0.645696862573617,0.000816136428803199,0.00288338086522251
"ENSG00000198171",0.509112811496757,5.61248890587813,0.00081619593542217,0.00288338086522251
"ENSG00000074317",2.80447682441011,-2.85460097163589,0.000817358467080881,0.00288676475845632
"ENSG00000249242",-0.960765016220746,2.04492324068251,0.000817361394773794,0.00288676475845632
"ENSG00000258613",-1.03362049915026,-3.77181540739843,0.00081809391426887,0.00288898502254445
"ENSG00000263325",1.67795161401382,-2.61985751273337,0.000818674187276254,0.00289066715382943
"ENSG00000234795",4.59791802650315,-3.59463899559626,0.000819527258368254,0.00289331196204573
"ENSG00000260034",3.04224030951094,-0.89443409371786,0.000819960847782611,0.00289436154187958
"ENSG00000205268",0.711531223426616,4.84993571795507,0.000820032680761195,0.00289436154187958
"ENSG00000137842",0.579468109891502,4.18759560531368,0.000821419937099168,0.00289889007873863
"ENSG00000229873",0.886106293856938,-2.77825606712995,0.000824174010488673,0.00290824051683855
"ENSG00000181450",0.51901807329375,2.61095987588461,0.000824403995424555,0.00290831413748205
"ENSG00000255038",1.38016681487448,-3.18989836602991,0.000824902368908182,0.00290970318154005
"ENSG00000225828",0.838570808900326,1.10202278909508,0.000825281477283981,0.00291067128172703
"ENSG00000158796",0.581170501513768,5.26612624963748,0.000825996434916928,0.00291282348730119
"ENSG00000213071",-0.914404457041997,-1.27035374663957,0.000828229205584082,0.0029203269390099
"ENSG00000267374",1.74257149987376,-0.223508281451343,0.000828498978433838,0.00292090785741923
"ENSG00000224430",2.7583624802181,-2.72023048709925,0.000829180888989192,0.00292294145316304
"ENSG00000158786",2.56295244323109,6.14550817174604,0.000829453498847198,0.00292353189246447
"ENSG00000164520",-1.29931991873318,1.81892848585333,0.000829774597630223,0.00292402243004374
"ENSG00000275540",-1.17935962043452,-3.95454561221115,0.000833036898703462,0.00293456722272391
"ENSG00000174370",0.975808893419225,1.11356209929094,0.000835035034228564,0.00294062980676563
"ENSG00000227676",1.69365965214704,-2.63420442080604,0.000835044555202063,0.00294062980676563
"ENSG00000178585",0.52842993254412,5.27550750317668,0.000836085786099635,0.00294392378387
"ENSG00000188290",1.19375779436512,3.96410689482731,0.000836286991582422,0.00294425642082262
"ENSG00000270705",2.8604505115531,-4.03874369163099,0.000836391974289704,0.00294425642082262
"ENSG00000123609",0.719394580079552,4.49336806327796,0.000836796881221331,0.00294530899233218
"ENSG00000239620",5.45352759353971,-2.7821456866924,0.000837096570002904,0.00294590113306846
"ENSG00000138347",3.5567058050043,-0.472866221811607,0.00083717695163316,0.00294590113306846
"ENSG00000166002",0.836427195810743,3.21082540527418,0.000837488217446265,0.00294625092231634
"ENSG00000183822",3.45760772818339,-1.91265936772448,0.00083878386614029,0.00295006267943347
"ENSG00000204389",-1.09038793405151,6.16549880206319,0.000839224834978021,0.00295086729901943
"ENSG00000261188",0.710935134525678,1.31397425862921,0.000840053248878379,0.0029534067767734
"ENSG00000178233",2.25285222056755,-1.92868829192815,0.000840657142119574,0.00295515635664455
"ENSG00000234129",0.87605621375984,-1.80635254248813,0.000842166673096566,0.00296008867418612
"ENSG00000132507",0.569542406425282,8.49150172554156,0.000842410286475414,0.0029605707982993
"ENSG00000139354",0.854003967963959,2.54690389233564,0.000842998038086418,0.00296226208885629
"ENSG00000220008",-1.18289870365933,-2.41900519266401,0.000844177704611434,0.00296565801419197
"ENSG00000254245",-1.11428263277177,-1.74710881683931,0.000844519298964701,0.00296648336222597
"ENSG00000188312",0.619973527021264,2.23102032674772,0.000845402468609795,0.00296921061490646
"ENSG00000235033",1.5772391411373,-0.268600661171154,0.000845884806375243,0.00297018404514839
"ENSG00000263874",-0.814525349858466,-0.0386147649797609,0.000845893208989337,0.00297018404514839
"ENSG00000267783",1.26842195611205,-3.61662178429811,0.000846693416634099,0.00297261853027571
"ENSG00000269202",-0.879768399760987,-2.16748994510186,0.000847170311173196,0.00297391743842738
"ENSG00000224050",2.90016024673684,-3.02484908770183,0.00085077359041772,0.00298581272811206
"ENSG00000128298",1.68859930922511,2.24374514582261,0.000851749543648405,0.00298886071883587
"ENSG00000019505",4.2463576410991,0.376340196038122,0.000852982058066564,0.00299261548518845
"ENSG00000118849",2.27268211826587,6.977043049597,0.000853360035504405,0.00299337907270577
"ENSG00000197753",2.25117432523942,-3.31456169218453,0.000854555074911553,0.00299653649618422
"ENSG00000239377",1.55016215392395,-3.92414262026226,0.0008545833778353,0.00299653649618422
"ENSG00000123901",2.60540169187259,-0.768668104145502,0.00085534308735521,0.00299882229782055
"ENSG00000131400",1.16347663739743,-0.334778163963429,0.00085603108249035,0.00300085612519588
"ENSG00000105989",1.74053004103702,2.35179012990131,0.000856508731260536,0.00300215215407048
"ENSG00000198860",0.510567675309906,4.35338631862227,0.000857131690611038,0.0030039571208373
"ENSG00000272440",1.02103063208887,-1.43992251485577,0.000857452586973879,0.00300458658534122
"ENSG00000168779",2.08210458053797,0.929226753555649,0.000857527354634115,0.00300458658534122
"ENSG00000142621",1.37561095954649,1.8174984423355,0.000857989958560299,0.00300582878415891
"ENSG00000168394",1.27858210751282,7.17752993349899,0.000858459408150658,0.00300709464973479
"ENSG00000148704",4.26155952107551,-1.85657460133929,0.00085939924959947,0.00301000772309659
"ENSG00000146453",2.97130881511902,-0.334831877199091,0.000860182010974111,0.00301202889854198
"ENSG00000231084",0.743321428969895,-1.67794879000425,0.000860192914864235,0.00301202889854198
"ENSG00000272777",-0.664965607124418,-0.458817618158627,0.000860471024598754,0.00301262343997547
"ENSG00000145063",2.3581532420922,-2.23657788758102,0.000863970497043205,0.00302411420013373
"ENSG00000064218",2.85241855653121,-2.19263781059669,0.000867086935829627,0.0030338770846936
"ENSG00000173511",-0.546284017291013,5.5694975789129,0.000867865597794908,0.00303621960647419
"ENSG00000266340",1.73634967861257,-3.90308686647983,0.000868617470002039,0.00303823254532898
"ENSG00000196460",1.66194152636102,-1.02961782687508,0.000868679105412203,0.00303823254532898
"ENSG00000092850",1.75085337775883,-0.825767548422119,0.000868768684895601,0.00303823254532898
"ENSG00000171208",1.21371140722519,4.02344961511627,0.000870135683124227,0.00304263059526454
"ENSG00000214389",-0.787906616448058,-0.0338490031104046,0.000870593804019112,0.00304384983924369
"ENSG00000034152",-0.545533138296614,5.7270723047457,0.000871440722706336,0.00304634152531825
"ENSG00000163424",2.84424346520729,-3.9111934149262,0.000871525528240655,0.00304634152531825
"ENSG00000058335",1.75218930284565,1.36044333102913,0.000873913262830245,0.0030539200375798
"ENSG00000231908",0.982163099324546,-1.47818363003525,0.000874099445197022,0.00305418691824934
"ENSG00000112232",-1.73491805131396,-3.07180425131781,0.000874341744321644,0.00305464978455192
"ENSG00000127530",3.10691146178689,-3.75070919123345,0.000875596964365211,0.00305865088795398
"ENSG00000093010",0.800770856514732,7.1359245411711,0.00087724691502147,0.00306364495824864
"ENSG00000089127",1.04762634855352,6.48599810869518,0.000879929012708742,0.00307224022476378
"ENSG00000186907",1.3486200045972,0.0990539859835003,0.000881146916466799,0.00307610633710193
"ENSG00000271991",1.40518121842674,-3.67626127481536,0.000881892394031072,0.00307793614696777
"ENSG00000278986",1.00970104974048,-2.61164813981213,0.000882826296034563,0.00308080900522074
"ENSG00000181126",2.02135156269983,0.327950948828979,0.000883152967238107,0.00308156234823654
"ENSG00000169856",2.80675951967215,-3.44289432190348,0.000883299581652961,0.00308168731366204
"ENSG00000061938",0.678549343196521,6.16867861681489,0.00088387644943427,0.00308315159333495
"ENSG00000063180",-0.775439935209822,2.38423522495231,0.000883940991811488,0.00308315159333495
"ENSG00000232860",1.00205617745652,-1.2998172311175,0.00088410510180468,0.00308333732871393
"ENSG00000141736",1.35711810863688,8.67985785114114,0.000884627954682982,0.00308477398490444
"ENSG00000175166",0.538558564588596,7.56788667435937,0.000885323355780726,0.00308642498048751
"ENSG00000145949",2.07309331979868,2.19820492320966,0.000885788918473098,0.00308766100883472
"ENSG00000140557",2.73650599519923,-0.794498787443282,0.000886676854518279,0.00309036884144322
"ENSG00000187242",2.37579357509523,-0.904916756898253,0.000886984618957138,0.0030910541544988
"ENSG00000267565",1.06487681718124,-0.812943835006488,0.000887373924390663,0.00309202342258551
"ENSG00000147434",2.83170078884949,-2.07137613907817,0.000887809575061604,0.00309315391596998
"ENSG00000258592",1.63616794034668,-2.50766202666159,0.000887961418826459,0.00309329545864483
"ENSG00000234703",3.49535881062584,-4.23832573593981,0.000888356387568491,0.00309428380807044
"ENSG00000225206",5.07683243167002,-2.37131141027838,0.000888557926507686,0.0030945982481791
"ENSG00000167800",2.9205830796423,-3.63555481701192,0.000891373940692116,0.0031036283691124
"ENSG00000271734",1.06279620200616,-3.12871478760148,0.000891825129248481,0.00310481065462361
"ENSG00000237781",-0.924841598632521,-1.35798677083721,0.000892387500752532,0.00310637966939051
"ENSG00000099999",0.537469696408462,3.59416846948609,0.000892777649050514,0.00310734886159954
"ENSG00000126561",-0.603175742185796,4.79746896524074,0.000894331114109761,0.00311214531724267
"ENSG00000270093",-1.63927042489925,-3.99501882617413,0.000895528403156476,0.00311575324956105
"ENSG00000133112",-0.519928755833778,10.7438413057416,0.000897582667707893,0.00312250991081421
"ENSG00000249803",4.18714735660956,-3.3819255618097,0.000898145089759141,0.00312407571053914
"ENSG00000146857",5.15912873875019,-1.57971561534836,0.000899207068512809,0.00312737854152142
"ENSG00000232818",1.15701672701323,0.303245766605087,0.00089958643134033,0.0031280800957866
"ENSG00000188153",-0.921561957484061,5.62518754750529,0.00089963372114468,0.0031280800957866
"ENSG00000184254",-1.07405439388797,4.57464050547142,0.000900858432375358,0.0031315555030191
"ENSG00000226674",2.08564901217679,0.0331425975042019,0.000903932137089506,0.00314145502047612
"ENSG00000182798",3.13213782825603,-1.89413156179255,0.000905351973665232,0.00314560330337928
"ENSG00000141161",-1.12330149439668,-3.40195304687424,0.000905559112976035,0.00314593000364757
"ENSG00000100060",-0.894473894254926,2.5912786273347,0.000908022866036653,0.00315370129533934
"ENSG00000182162",-1.01424148746555,1.98476732082594,0.000910198067266201,0.00316086138654949
"ENSG00000163687",-1.48507776382528,1.18764924287542,0.000911247510418538,0.00316411073748699
"ENSG00000234832",1.13830141934033,-3.67222706792463,0.000911481591997326,0.00316452846314088
"ENSG00000135372",0.540748697882802,5.63293971316385,0.00091259890928494,0.00316761680568352
"ENSG00000178772",2.79103577390349,-3.46402237817734,0.000914822861475321,0.00317493988597618
"ENSG00000233966",1.19859915773701,-0.609292998778482,0.000915047299053051,0.003174958557453
"ENSG00000234807",-0.860892558394578,-3.17134230929497,0.000915056548971462,0.003174958557453
"ENSG00000244693",1.47697505361031,-2.27054406500778,0.000916256148128605,0.00317872424197342
"ENSG00000070501",0.717416673087441,4.49990844535353,0.000916547323964091,0.00317933783005903
"ENSG00000179144",-0.878838224875974,2.26464942696854,0.000917413860346755,0.00318194683848663
"ENSG00000255909",1.41498216684531,-3.60816539715937,0.000917579669090392,0.00318212510429066
"ENSG00000273181",0.947750522473668,-2.69654087786487,0.000918056231771916,0.00318298404067219
"ENSG00000178562",-1.07134330481951,0.73625083958065,0.000918879246223471,0.00318544041819935
"ENSG00000207635",1.62581598407471,-3.78250295886657,0.000920661364862366,0.00319122065564768
"ENSG00000196275",-0.679333686745708,0.928322475136081,0.000921388468284361,0.00319316407697524
"ENSG00000231407",1.37365005852778,-1.72544252764384,0.000921451655046319,0.00319316407697524
"ENSG00000188770",-1.63739575213863,-4.04430404456447,0.000922121174529915,0.00319508611276947
"ENSG00000122884",0.755499860560959,5.77651837316883,0.000922370091814698,0.00319555049372723
"ENSG00000136824",0.742844109817394,4.51670712958157,0.000923158507652366,0.00319788361854966
"ENSG00000255045",1.51287385953365,-2.07029250593823,0.000923405182376154,0.00319811654664276
"ENSG00000235884",1.86850896852784,0.541947872359038,0.000924267770705399,0.00320044697281399
"ENSG00000111775",0.54088043178714,6.59943533519966,0.000924358772250918,0.00320044697281399
"ENSG00000118292",-0.658866554958936,2.30733975565921,0.000924584270526253,0.00320082926514148
"ENSG00000173198",-1.01518464159019,0.680277473050659,0.000925501192380683,0.00320360481190839
"ENSG00000101040",0.646041229950607,5.84430089984243,0.000925880089997633,0.00320451753896269
"ENSG00000275450",1.2071445634026,-3.05936053268026,0.000926878866755728,0.00320757520481238
"ENSG00000213123",0.877021729453185,1.87841988940552,0.00092902901640649,0.00321461607779469
"ENSG00000135426",-1.04785414295928,0.565410442113596,0.000929616876789355,0.00321625005524846
"ENSG00000128203",0.845870215686563,2.21060106017112,0.000930030807984605,0.00321728194806913
"ENSG00000261842",1.11927577159531,-3.4639609814014,0.000931125224991535,0.00322066731534505
"ENSG00000105948",0.55024101599128,2.5345573410976,0.000931294007171015,0.00322077392342979
"ENSG00000006704",0.50016800841722,5.17960473810984,0.000931387648443022,0.00322077392342979
"ENSG00000218976",2.06872121482542,-3.89053289992505,0.000931776844547192,0.00322148005214042
"ENSG00000206527",0.654414052919652,5.61989656044491,0.000931823500502272,0.00322148005214042
"ENSG00000279328",1.18395529447077,-2.79456038349834,0.000932525709571783,0.00322350702961969
"ENSG00000143590",1.1105536524701,2.09159519408371,0.000934424026737055,0.00322947792784277
"ENSG00000152518",-0.557013655059589,7.44973983924769,0.000934485253776241,0.00322947792784277
"ENSG00000269421",1.57850326215989,-2.75287503686065,0.000934950756260992,0.00323068522597676
"ENSG00000256771",0.823924515695191,2.65201762910867,0.000937628950164103,0.00323913476473906
"ENSG00000151702",-0.809417452158304,3.06649373546457,0.000939345864866829,0.00324466300789135
"ENSG00000246366",1.12447483310373,-2.02463746519482,0.000939814449303124,0.00324587846497799
"ENSG00000127666",-0.512956925884775,4.51772776758818,0.000939985472211136,0.00324606604651208
"ENSG00000198743",0.845568067346671,4.9009562502187,0.000940299065499497,0.0032467458607992
"ENSG00000180938",0.921356942048979,0.905724967308039,0.000941965053571874,0.0032516909563106
"ENSG00000120555",1.18927230106995,-3.14103047983395,0.000942223951735221,0.00325177748723312
"ENSG00000215148",3.87601704896947,-1.77312329929805,0.00094241643092777,0.0032520382373938
"ENSG00000186352",-0.769828271052331,2.19899973229352,0.000943648641217955,0.00325552932602919
"ENSG00000131797",0.64211127064871,3.17137014547906,0.000943662223652512,0.00325552932602919
"ENSG00000144035",2.22889911475515,-2.36150350394005,0.000944554916332321,0.00325820487262196
"ENSG00000179455",2.90083442949016,0.471935474724347,0.000945377352647904,0.00326023314435166
"ENSG00000146243",-0.581937979371801,1.51380493441207,0.000947395228673397,0.00326678694459375
"ENSG00000272269",0.907036555169945,0.23950034531491,0.000947710626715201,0.00326746940136728
"ENSG00000107371",0.575537489214661,3.87850423402268,0.000948444305608662,0.00326959363806318
"ENSG00000237659",3.96726221191,-3.35498805596406,0.000949050555185722,0.00327127811270052
"ENSG00000229912",2.18205599111306,-4.1152242242405,0.000950186563355681,0.00327403939236569
"ENSG00000169692",0.876127116454641,6.1051875300735,0.00095020479542573,0.00327403939236569
"ENSG00000131738",3.16556302548897,-0.0495926358883835,0.000950418540492025,0.00327437022998943
"ENSG00000280426",0.988438076595472,-2.38686856182678,0.000952163287258266,0.00327997492054919
"ENSG00000133561",-0.815952976479172,2.95773003142889,0.000952362910965123,0.0032802563024982
"ENSG00000225778",1.42353671429955,-1.27852158339472,0.000954328161168309,0.00328529153263789
"ENSG00000143184",1.5823936066976,0.8340687360857,0.000954415402283612,0.00328529153263789
"ENSG00000165556",3.28014378576074,0.919436681996629,0.00095457431788928,0.00328543193954394
"ENSG00000279516",5.16212459336125,-2.67077230265272,0.000957021495425681,0.00329275074102918
"ENSG00000196123",0.743526875576372,4.14128188907098,0.000960157581955239,0.00330301333666309
"ENSG00000260841",1.06871259080104,1.14842212731779,0.000960439841738063,0.00330357572573098
"ENSG00000257265",3.49658453357804,-3.83641401966874,0.000961356450490587,0.00330631964356309
"ENSG00000224794",2.47354683981742,-4.03416282551354,0.000963483515803124,0.00331322539874286
"ENSG00000261118",0.919762237649302,-1.734302362097,0.000964568005339748,0.0033165446819773
"ENSG00000275665",1.94297543148907,-3.2912421287823,0.000969671885424971,0.00333285765562589
"ENSG00000103047",-0.500839962263377,3.48694121288903,0.000970300876041752,0.00333460747131462
"ENSG00000167460",-0.542576184903626,8.57216276459252,0.000970830456781934,0.00333601525753347
"ENSG00000234292",-1.06582143134136,-3.54594125126032,0.000972866349850294,0.00334218525054178
"ENSG00000223561",-1.3133980083832,-2.96518368480047,0.000975953826209992,0.00335237788914147
"ENSG00000160392",0.547778394708315,4.09516854703923,0.000977613198922877,0.00335724853705914
"ENSG00000213190",1.09688516300654,4.1429145548064,0.000979217894033429,0.00336234410947553
"ENSG00000258623",-1.00746568741517,-3.64924854211233,0.00097945189407147,0.00336273244411922
"ENSG00000170089",0.866527515589508,3.21913344707052,0.000980790123801589,0.00336691134451908
"ENSG00000168955",5.53218321381723,-1.33579914321125,0.000982120112937431,0.00337106092819064
"ENSG00000256678",3.18484379571615,-3.43434950406058,0.000982785971533885,0.00337293018586771
"ENSG00000250432",1.89259709441762,-3.42907747483813,0.000983034678242542,0.00337325789031075
"ENSG00000225689",2.40115720470524,-3.93886715576762,0.000983124023257431,0.00337325789031075
"ENSG00000265917",0.854535153783932,-2.07237066924591,0.000983673344546158,0.0033747263762011
"ENSG00000229886",1.77973193780258,-3.60574946415947,0.000984190188573552,0.00337608309259943
"ENSG00000100038",0.803271268371702,-1.2408690607782,0.000984632338054609,0.0033768369679763
"ENSG00000101084",0.53454988588706,4.4134837688654,0.000984652781443491,0.0033768369679763
"ENSG00000172927",2.46150443301943,4.36719865751947,0.000984961487078538,0.00337706285011284
"ENSG00000167799",0.947650048141991,3.10486138356248,0.000986260910210281,0.0033811012813606
"ENSG00000091536",1.70459096330946,0.725767192125769,0.000987657139023232,0.00338547054568069
"ENSG00000263105",1.12622239799711,-2.91622578023962,0.000989859676847841,0.00339253354776769
"ENSG00000248329",2.62711124296588,-1.39500311828899,0.000991856984354867,0.00339861011529653
"ENSG00000176753",1.00772865894482,-1.44595565153271,0.000992068339195677,0.0033989155848792
"ENSG00000259728",-0.751422278668473,-0.763196118635514,0.000992634773510409,0.00340043736367102
"ENSG00000155026",1.17763009588879,-3.4168420325963,0.00099368895687021,0.00340362942825507
"ENSG00000213199",1.24840156562249,0.0630352171884973,0.000994037778154529,0.00340440496537519
"ENSG00000226239",-0.926906450541606,-3.63014726135249,0.000994562153603279,0.00340578147970549
"ENSG00000256167",-0.649996313919868,-2.72195446956886,0.000994859237103885,0.00340602112178729
"ENSG00000222345",1.19662871953267,-1.76741368822132,0.000994877057253799,0.00340602112178729
"ENSG00000207181",1.59807579761925,-3.2032787180155,0.000995028908639173,0.00340612172750539
"ENSG00000186777",1.88450309262374,-0.976027343931066,0.000996919188020002,0.00341217245587009
"ENSG00000021461",2.62457052635406,-2.98137917563512,0.000997310867124445,0.00341288093418371
"ENSG00000099326",0.675462376083474,4.1458683615403,0.000997371597204373,0.00341288093418371
"ENSG00000237390",2.14319535973311,-3.30523515463545,0.000997629041388674,0.00341334192743796
"ENSG00000250673",-1.50452871242751,-3.66619988941757,0.000999426221961149,0.00341864979847564
"ENSG00000095066",0.587097547650684,5.03663958011659,0.000999879031665816,0.00341977809981817
"ENSG00000228614",0.961583488961437,-1.64951661481833,0.00100139076729232,0.00342452740817673
"ENSG00000102763",-0.59330372804335,4.2955544223484,0.0010016043471617,0.00342483669874703
"ENSG00000128335",0.87697928134004,6.11093022406368,0.00100277743030352,0.00342814484115191
"ENSG00000138755",2.36450414643914,5.41372187314442,0.00100281833774177,0.00342814484115191
"ENSG00000236921",3.93060306657902,-4.04438306738033,0.00100400832933997,0.00343179103649165
"ENSG00000147383",0.527436416836789,4.64220270858274,0.00100449642573163,0.00343303748941677
"ENSG00000103254",0.709570294265356,2.95514019272538,0.00100504596522914,0.00343449360252096
"ENSG00000147874",0.644833738467131,3.98997064620912,0.0010052034889026,0.00343460990624669
"ENSG00000086289",-1.07777057674131,2.69246877919841,0.00100552078803129,0.00343527203998457
"ENSG00000162927",0.614417074399412,2.86323341101755,0.00100565368264579,0.00343530408688618
"ENSG00000103490",0.938589979394907,4.78082804624931,0.00100890945774485,0.00344498095330448
"ENSG00000255181",2.83885215157555,-4.33275968807093,0.00100898194533557,0.00344498095330448
"ENSG00000171444",-0.802665532868996,4.81667031537102,0.00100958248900358,0.0034466082934401
"ENSG00000255760",-1.54772689585589,-2.90639174745663,0.00101176402125332,0.00345363190023547
"ENSG00000233101",2.02739857885676,0.521035747101492,0.00101198459919931,0.00345396093478102
"ENSG00000179104",-0.672907154354278,4.07367642490354,0.0010121449730045,0.00345408443364099
"ENSG00000074706",-0.86628823409338,1.04122691001173,0.00101282119777549,0.00345554488553662
"ENSG00000269989",-1.50700666409069,-2.8170190930227,0.00101282141109893,0.00345554488553662
"ENSG00000153551",0.878124105590582,5.12753747120072,0.00101549724885089,0.00346424935389304
"ENSG00000162723",2.08681360448357,-1.08772456178185,0.00101572305489883,0.00346459471742716
"ENSG00000156564",2.41692994781771,0.0495245886153384,0.00101668265716592,0.00346744264178488
"ENSG00000146674",1.45942289437851,9.61002895022463,0.00101696043220268,0.00346796474998199
"ENSG00000145494",0.695559516565856,5.92174840159211,0.00101813755989193,0.0034708178900114
"ENSG00000151388",1.60255547992042,3.48076922303609,0.00101958597130898,0.00347478796961361
"ENSG00000213563",0.572575849438627,4.3612198330334,0.00102140117919814,0.00348054778204334
"ENSG00000237080",1.38039115239881,-3.55395163451154,0.00102210152235339,0.00348243184623798
"ENSG00000264080",2.82814929878545,-3.36116113574902,0.00102220449403829,0.00348243184623798
"ENSG00000249948",4.29965327996775,-0.99874816650178,0.00102296597279772,0.00348459921634083
"ENSG00000234902",2.00989014452201,-1.98470956926135,0.00102381637729802,0.0034870689323769
"ENSG00000226097",2.71678794762923,-2.12030888673538,0.00102503357606767,0.00349078717413616
"ENSG00000181638",0.703243122004075,2.83939483807827,0.00102547723981983,0.00349187052780472
"ENSG00000279197",-1.3567563689189,-3.24171251962877,0.00102600531885636,0.00349324102501554
"ENSG00000226688",-0.55611564083757,-0.130836400849871,0.00102862300369494,0.00350043944717576
"ENSG00000276851",2.36865768252733,0.266112564300141,0.00102992320328869,0.00350443528909572
"ENSG00000152503",1.59476765250932,0.0215457249749669,0.00103120778500077,0.00350837701825399
"ENSG00000262728",-0.743673181937889,-3.43461219921909,0.0010326185312549,0.0035127469679296
"ENSG00000262209",-1.0874571612617,-1.61441875659587,0.00103393930544491,0.00351655376119868
"ENSG00000204832",4.54295867143208,0.0448382268034207,0.00103399045982392,0.00351655376119868
"ENSG00000236963",1.97071386906164,-3.81333194364684,0.00103431294904645,0.00351722044893372
"ENSG00000100422",-0.788541689147489,4.14008268958251,0.00103574558829608,0.00352166161947175
"ENSG00000260778",0.832836437911388,-0.205489895546798,0.00103634774583421,0.00352327831009496
"ENSG00000188517",-1.50223039129018,-2.03328652375044,0.00103657717871457,0.003523627605914
"ENSG00000198380",0.583218259091048,6.12061901278392,0.00103685076375665,0.00352410803054594
"ENSG00000235351",1.07930102384049,-2.0373780862931,0.00103842094891631,0.00352860132586552
"ENSG00000272899",1.07026270481028,1.09241649172406,0.00104107326920959,0.00353718187594995
"ENSG00000228549",-1.45668505435949,-2.44027030264988,0.00104290385120193,0.0035428374089604
"ENSG00000155368",0.67320888305138,6.77854596289499,0.00104299258276949,0.0035428374089604
"ENSG00000230673",0.838098360811935,-1.29526831903942,0.00104364752999703,0.00354462922845371
"ENSG00000136930",0.545867946716816,6.47392052771387,0.00104633511231025,0.0035532510968859
"ENSG00000254084",2.01222618144862,-4.00847660392871,0.00104644158251869,0.0035532510968859
"ENSG00000197632",-1.81313432628884,4.08472241624629,0.00104760515740516,0.00355676785191768
"ENSG00000232508",3.02922343081017,-4.07503553890535,0.00104819994461041,0.00355791860623007
"ENSG00000228952",2.00343112668404,-1.20347363725881,0.00105159539117269,0.00356900825072436
"ENSG00000229222",0.756116557701172,-2.60708729564732,0.00105262850601165,0.00357207865272107
"ENSG00000244582",-0.792586572317251,-3.1558694005437,0.00105314204489882,0.00357338534766022
"ENSG00000127561",1.64173566283381,0.782441687501323,0.00105366004775824,0.0035747068685411
"ENSG00000203589",1.48565087757641,-3.66996530697274,0.00105429432078191,0.0035764224837062
"ENSG00000134339",2.94079485746923,2.40596901754257,0.00105468940780328,0.00357732640234543
"ENSG00000281912",0.795152891629345,-0.294404040753865,0.0010552825288467,0.00357890171623135
"ENSG00000110786",-1.21011716544769,-1.67298810161056,0.00105602266632589,0.00358097517904436
"ENSG00000173991",1.79691407046432,1.25008209925762,0.00105644391764664,0.00358196692447959
"ENSG00000271970",-0.964726465477675,-3.45133156766389,0.00105899709318371,0.00359018602544106
"ENSG00000233276",0.682158645819399,7.59662814372323,0.00106096991578172,0.00359555943312256
"ENSG00000260793",0.898864823370359,1.77217681222667,0.00106177646405141,0.00359785438531456
"ENSG00000277969",0.730879047679873,1.66851682721958,0.00106217102363017,0.0035987529151207
"ENSG00000084734",2.27728594816052,-0.271267754479622,0.00106277453441211,0.00360035908959854
"ENSG00000204778",0.954246844679031,-0.95855563126138,0.00106309725639582,0.00360101376106892
"ENSG00000186446",-0.686501395723912,0.855939893282469,0.00106605698097816,0.003610159845604
"ENSG00000130511",0.551336006121433,5.14958325851936,0.00106851819185385,0.00361805411127724
"ENSG00000197905",1.13503131754185,3.57245809362444,0.00106912492779304,0.0036196678778707
"ENSG00000224934",0.803107502445902,-0.158717953883066,0.00107039582308121,0.00362352957976603
"ENSG00000259721",2.29007335795687,-3.41587999576487,0.00107173781243263,0.0036267654761158
"ENSG00000251322",-0.575379258103278,3.7348696946649,0.00107174290613007,0.0036267654761158
"ENSG00000088320",-1.07357585932077,-0.16700595869763,0.00107208024311062,0.00362746566929873
"ENSG00000119547",2.36985648478307,2.56880365309442,0.0010729598415162,0.00363000025204844
"ENSG00000279192",-1.41300929272206,-0.881271018182234,0.00107406010195251,0.00363311506371156
"ENSG00000280334",1.157231434654,-1.59618827273121,0.00107414177431058,0.00363311506371156
"ENSG00000214415",7.58484636525457,0.188086107571398,0.0010750887509217,0.00363587590337855
"ENSG00000138496",0.852284761887985,5.79217912622027,0.00107560330062317,0.00363717381157837
"ENSG00000229334",0.748502573753987,-0.822738755598519,0.00107737094025544,0.00364270823745741
"ENSG00000140986",1.16470118448658,-2.0048233223314,0.00107768786192282,0.00364333687901538
"ENSG00000154124",0.548808541682049,4.46919184549449,0.00107920837899332,0.00364803386545227
"ENSG00000196132",3.08035014181988,1.97853387375686,0.00108175414120983,0.00365619491183243
"ENSG00000225205",-0.700282846890635,-0.138493358198284,0.00108288959182601,0.00365958787575418
"ENSG00000179899",-0.81893390028564,-1.37877557827594,0.00108414176884703,0.00366337444015823
"ENSG00000271778",1.13514177102981,-1.70510698135448,0.00108489253058321,0.00366546598069859
"ENSG00000231651",1.72471856183564,-3.55705658371079,0.00108597014955327,0.00366866121335178
"ENSG00000147996",0.538451199604201,1.92523114893905,0.00108695465567032,0.00367154115110014
"ENSG00000213730",2.2423046556547,-2.87358890295997,0.00108806417632441,0.00367439642254866
"ENSG00000238151",1.26806618499688,-3.44622635403764,0.00108869232111923,0.00367597330569553
"ENSG00000203878",3.83346575235238,-3.84715350137095,0.00109153919269537,0.00368478936356795
"ENSG00000227868",1.40957550647887,-3.70846415215435,0.00109336716358195,0.00369006442430588
"ENSG00000249685",-0.92001582760537,-2.79772686371696,0.0010957513353205,0.00369721362237888
"ENSG00000280054",-0.770735209033506,-2.47621059267195,0.00109622753823772,0.00369752365366991
"ENSG00000135638",2.43581079502055,-0.0851733966447325,0.00109624204681847,0.00369752365366991
"ENSG00000272138",1.43767380078451,-1.74293237152068,0.00109951460251161,0.00370721295183119
"ENSG00000276698",0.685479703456578,-0.994292873789058,0.00110186480710998,0.0037146867733515
"ENSG00000257270",0.90710737587216,-0.112558690850746,0.00110232514422599,0.00371578829673465
"ENSG00000029153",1.10835395076736,5.05211716155323,0.00110253899261257,0.00371605877381644
"ENSG00000177984",5.33451126796935,-0.290173992777037,0.00110289805880746,0.00371681857622826
"ENSG00000273143",1.86338714937446,-2.48947652704242,0.00110519140540292,0.00372409602113779
"ENSG00000223714",1.15651016019288,-2.69702743360579,0.00110566423030478,0.00372482923769191
"ENSG00000229314",4.65739320648803,-0.668933684410747,0.00110800612489489,0.0037322240949136
"ENSG00000163462",1.01059765730686,1.0241897952474,0.00110837901591889,0.00373302804186876
"ENSG00000238125",3.92058954050636,-1.22281444367057,0.00110870028676101,0.00373365795806804
"ENSG00000131737",3.92940818262004,0.219177421455094,0.00110893002468241,0.00373397951289248
"ENSG00000278301",3.54848279656336,-4.2466989921373,0.00111057746786881,0.00373907409682064
"ENSG00000139133",0.584142555598062,1.49225109195626,0.00111082597269906,0.0037394580947324
"ENSG00000224728",1.19464684549781,-2.38938710387594,0.00111192030660759,0.00374190323931121
"ENSG00000267235",3.41800704215268,-3.62918400775288,0.00111195592970579,0.00374190323931121
"ENSG00000268288",1.43656974539482,-3.77004720023829,0.00111241321167319,0.00374298919141865
"ENSG00000121454",1.18177794665893,0.32963423383428,0.00111307235604418,0.00374475401459499
"ENSG00000144476",-0.972425959137007,5.54283295522785,0.00111449793393236,0.00374909664204896
"ENSG00000228903",-0.71956397166533,0.6507892093239,0.00111541029847649,0.00375171201251983
"ENSG00000184945",3.90494609908986,-4.33038305459274,0.00111585486428742,0.003752753487355
"ENSG00000275936",1.5267260958302,-3.17557723717794,0.00111654853620023,0.00375463238270306
"ENSG00000251211",0.836830860721729,-1.85187767594656,0.00111754143061961,0.00375751690157439
"ENSG00000260306",-1.04496830127756,-2.67031838076723,0.0011176785532426,0.00375752370377571
"ENSG00000256061",0.748303688020964,-0.571707222147627,0.00111805114943348,0.00375826471235204
"ENSG00000224713",-0.988501673575519,-1.80874921305635,0.00111816921923968,0.00375826471235204
"ENSG00000266933",1.14171809492817,-3.19798948847437,0.0011184320065093,0.00375835683115649
"ENSG00000280247",1.40216072157932,-3.90623435814645,0.00112020620784883,0.00376370889473183
"ENSG00000259471",3.10353714178861,-2.54114636243877,0.00112033027503271,0.00376370889473183
"ENSG00000204362",2.16497487128393,-1.49842129792559,0.00112048297761224,0.00376376727733444
"ENSG00000006015",0.704787737799,4.71777267708289,0.00112247760894613,0.00377001204415151
"ENSG00000273331",1.86272338768161,-3.74208821276914,0.0011246767807989,0.00377694220047813
"ENSG00000165171",1.24785973019371,1.44786762160677,0.00112704830119649,0.00378444940253266
"ENSG00000143942",0.795644555209873,1.31380935738015,0.00112831970768051,0.00378756753021339
"ENSG00000175634",0.5092286267279,5.33185416749113,0.00112838545124036,0.00378756753021339
"ENSG00000172638",-0.82255079531151,5.14668422110992,0.00112976149056854,0.00379172072960385
"ENSG00000102901",0.547111185506299,4.93944966161388,0.00112998946961632,0.00379172072960385
"ENSG00000268649",2.20987562987301,-2.84676069206426,0.00113003175233475,0.00379172072960385
"ENSG00000105875",0.726646489403846,4.47679447801309,0.00113128338254377,0.00379546257161517
"ENSG00000080200",-0.891450694024997,3.40034485084735,0.00113199512900454,0.00379739241623486
"ENSG00000248599",2.58459206297415,-1.91908996746076,0.00113216075264175,0.00379744091436061
"ENSG00000275457",0.618162693943395,-0.455034759610962,0.00113228265569311,0.00379744091436061
"ENSG00000233708",3.57176728793723,-2.63885269568488,0.00113308085276047,0.00379965972484048
"ENSG00000233080",2.53103735666581,-4.05817224078245,0.00113377171300934,0.00380151810173945
"ENSG00000279518",1.18936349021823,-1.1225800925286,0.0011347679325856,0.003804082330209
"ENSG00000139734",0.999490224738171,3.08364619488969,0.00113481002026909,0.003804082330209
"ENSG00000267567",1.4315018872887,-3.45195006322266,0.00113649341924613,0.00380880726225962
"ENSG00000168243",2.34250770385746,2.70187728377712,0.0011367255451974,0.003809126215491
"ENSG00000165511",-0.617177124657141,0.395899728926809,0.00113940617483849,0.0038171891039247
"ENSG00000197122",0.740675326866908,7.17724216348041,0.00114019702477832,0.00381937851983131
"ENSG00000075420",0.644320063369883,6.27809158273095,0.00114067118312101,0.0038205066975126
"ENSG00000279302",-1.31448091749193,-3.70261749746729,0.00114233825306292,0.00382516901425946
"ENSG00000160352",0.871898058056326,2.60665931887607,0.00114325683870323,0.00382778409231406
"ENSG00000096088",4.08229200565576,-0.195306433295357,0.00114384397202273,0.00382903503439368
"ENSG00000263080",1.17502397926815,-2.35266391013994,0.00114390580306968,0.00382903503439368
"ENSG00000186715",1.3694371008349,-0.623790888559458,0.0011445583852833,0.00383075840792834
"ENSG00000122863",-0.893995982631961,3.93405435265359,0.00114572366146699,0.00383373582728362
"ENSG00000100473",1.70606833179348,2.12679550607652,0.00114686901413568,0.00383664516359822
"ENSG00000137976",2.01160436224845,-3.2228031261769,0.0011472454000499,0.00383744273139963
"ENSG00000163207",-1.42876592975221,6.21396804156509,0.00114748226544952,0.00383777347870942
"ENSG00000196636",0.585569949187083,3.2632886889146,0.00114861970061375,0.00384111575485994
"ENSG00000185070",-1.25298876840712,2.79421968592935,0.00114901588304719,0.00384174696663051
"ENSG00000238273",-0.93446636422838,-0.854032696249737,0.00114908470914318,0.00384174696663051
"ENSG00000180998",1.2207402887118,0.591718002290905,0.00114960075418179,0.00384276070211484
"ENSG00000259459",-1.32035725015139,-1.75988935653899,0.00115004436059123,0.003843569310397
"ENSG00000273015",-0.507736746752732,3.16727651067247,0.00115129294264377,0.00384727591771596
"ENSG00000212296",1.28733886521065,-3.51750174890498,0.00115143007726846,0.00384727591771596
"ENSG00000259488",0.801003570030041,-1.59118001508455,0.00115181159301494,0.0038480883887717
"ENSG00000145990",-0.834229299962544,3.59940289938065,0.00115212557354942,0.00384867506331131
"ENSG00000276368",2.16004333211028,-2.51016468263395,0.00115238023402405,0.0038490634621005
"ENSG00000268573",0.789210617926956,0.0243319705874231,0.00115283307203359,0.00385011362061361
"ENSG00000145335",-1.09127425581866,1.40706495108263,0.00115349219404015,0.00385185237037324
"ENSG00000254967",-1.78934091526094,-3.04273417473905,0.00115528499488222,0.00385737593789425
"ENSG00000260876",-1.12709706530585,-3.68851130668943,0.00115554897650791,0.00385779422441656
"ENSG00000227028",2.09436129547468,-1.63056287976871,0.00115645889341011,0.00386036860326636
"ENSG00000163682",-0.525249960979222,8.27442421310964,0.00115723692764762,0.00386250218032681
"ENSG00000213085",1.35465430298472,1.62228985335188,0.00115764220713132,0.00386339125353294
"ENSG00000105866",-0.507497600643507,2.41033103093655,0.00115974429152624,0.00386994216919249
"ENSG00000184508",0.509680621423342,2.87645119639216,0.00116051970214042,0.00387206507625136
"ENSG00000236377",1.50503277110913,-2.61428336705674,0.00116177760231556,0.00387579710365873
"ENSG00000159588",0.859143518660132,0.508868746411478,0.00116341182664922,0.00388078353737045
"ENSG00000103355",4.54225779143077,-0.678288641414293,0.00116398157877853,0.00388221844952239
"ENSG00000131844",0.679592603046886,6.13304480861364,0.00116537722737969,0.00388640729317882
"ENSG00000266920",-0.943736594506223,-3.57716864385132,0.00116596751726195,0.00388790967001638
"ENSG00000151689",-0.716977346277758,4.54768757305075,0.00116696680767454,0.00389077533227667
"ENSG00000271327",1.11539415641305,-1.17514810534362,0.00116813471633776,0.00389420242904257
"ENSG00000204539",4.5776061976482,-1.31124041360132,0.00116842476489817,0.00389444125373744
"ENSG00000188029",3.9060101317957,-2.64137900889963,0.00116848640069172,0.00389444125373744
"ENSG00000140105",1.47633707381251,7.76601510627521,0.00116899768614765,0.00389567848608012
"ENSG00000270951",1.40786827567495,-3.05727019634341,0.00117121222429936,0.0039025144732791
"ENSG00000080618",2.09777972611555,-2.70627541411453,0.00117150425384197,0.0039025144732791
"ENSG00000181751",0.723995876417071,2.7570482941589,0.00117153264642717,0.0039025144732791
"ENSG00000129946",-0.953182439279108,2.74525700724206,0.00117166164325601,0.0039025144732791
"ENSG00000063015",3.16807262470237,-0.992937932442741,0.00117507235405719,0.00391310912157478
"ENSG00000188873",-0.7833698194263,-2.21311233369446,0.00117593293124468,0.00391550611956282
"ENSG00000226174",0.982750085329237,-1.38764386289665,0.00117768449481784,0.00392086890763329
"ENSG00000132854",2.83252043356566,1.26907099194336,0.0011819077263275,0.00393398750506783
"ENSG00000110057",0.764227495119834,5.86122089756793,0.00118441617391625,0.00394186514839449
"ENSG00000170231",2.01761709250397,3.21634626277737,0.00118458332418866,0.00394194974822436
"ENSG00000228470",1.45787820800016,-3.53331828976356,0.00118556886765967,0.00394475737722437
"ENSG00000238741",3.05298605231915,-0.233612249956621,0.00118598006698269,0.00394565354102744
"ENSG00000165821",-0.927096867984778,2.6464640962008,0.00118629695960163,0.00394623577770603
"ENSG00000169083",-1.28224586243827,3.64884680931874,0.00118811282331175,0.00395180363008489
"ENSG00000276058",1.04153840324096,-3.17881972261303,0.00118912929107964,0.00395471158349851
"ENSG00000204791",1.25245313520786,-1.87602738311854,0.00119099914531393,0.00396045662704643
"ENSG00000254910",-1.01915207553498,-1.75738501680667,0.00119261120860864,0.00396534316139056
"ENSG00000010818",-0.52747221170879,4.90887008789341,0.00119321498072962,0.00396687643545696
"ENSG00000223476",1.24245899194759,-3.08014237505903,0.00119547883515554,0.00397392767326175
"ENSG00000145975",1.72855350002455,-3.63750375369521,0.00119917299249171,0.00398573117114865
"ENSG00000197721",1.9223740097716,-2.39281646364592,0.00120236270354269,0.00399585540370806
"ENSG00000196361",4.50362525204334,-0.280258683381363,0.00120263184890115,0.00399627235525541
"ENSG00000005243",-0.947815265732276,3.25519608552635,0.00120414487905001,0.00400082206678029
"ENSG00000230316",2.55667671482493,0.660533243004696,0.00120454018968736,0.00400165746485602
"ENSG00000123009",0.919984421038342,-1.2743770723635,0.00120542249315109,0.00400411033106548
"ENSG00000249593",1.32555490848064,-2.49167574682048,0.00120587403905836,0.00400465368935287
"ENSG00000074657",-0.636599319227927,4.8033661634241,0.00120622329504793,0.0040053353038644
"ENSG00000229754",2.42293930769908,0.12400562486895,0.0012072016045817,0.00400810531553429
"ENSG00000261723",1.26999868254985,-3.61186726053014,0.00120915766474001,0.00401412056927834
"ENSG00000255142",1.10012819583607,-1.92303798945796,0.00120977964175546,0.00401570607186355
"ENSG00000272145",0.835057906886714,-0.337361328470034,0.00121221888566853,0.00402332265717171
"ENSG00000135547",-0.715715941622175,0.43747769631785,0.00121741724914534,0.00404009377764937
"ENSG00000158714",1.48740826772089,3.25652360845439,0.00121895856604709,0.00404472615097442
"ENSG00000279878",2.12813618200513,-2.74686770464971,0.00121999819103324,0.00404680179358848
"ENSG00000243759",-0.793930029608922,-3.22264379160485,0.00122002060328765,0.00404680179358848
"ENSG00000133110",1.92424131096276,7.2270705933608,0.00122157382275759,0.00405098756794525
"ENSG00000052795",-0.585911562071268,4.00177407385906,0.00122227210530035,0.00405281998864075
"ENSG00000237862",3.90798996303758,-2.59368704986331,0.00122269822446981,0.004053266474038
"ENSG00000278811",1.29021370606067,-1.71543492109014,0.00122565010063487,0.0040622732320606
"ENSG00000230570",3.66060385649982,-2.57945876060781,0.00122570729383571,0.0040622732320606
"ENSG00000179958",0.58129788241738,5.02768305283707,0.00122628461728391,0.00406370237823395
"ENSG00000182612",1.12940740656883,1.14338277774164,0.00122676163240754,0.00406474053724224
"ENSG00000211752",-1.50401110037213,-3.69468673444769,0.00122689018840645,0.00406474053724224
"ENSG00000231964",1.44125778308104,-0.130123005120447,0.00122901651926529,0.00407079820827053
"ENSG00000250061",1.49216165302378,-3.68634012125672,0.00122915770873534,0.00407079820827053
"ENSG00000119922",1.45359126934191,3.84484969983749,0.00123011607478938,0.00407348712800536
"ENSG00000250451",2.29069793885377,-1.38736711375943,0.00123071931020106,0.00407499954459785
"ENSG00000105963",1.04924142114473,3.22666271977749,0.00123144075950097,0.00407690296917038
"ENSG00000185101",0.958603795083877,4.50270466442773,0.00123339017122837,0.00408287084412933
"ENSG00000230105",2.80973426984839,-1.83296072834189,0.00123425881478406,0.00408526007563836
"ENSG00000236699",1.57020489078755,-0.858456144413137,0.00123444261089182,0.00408538223902121
"ENSG00000119636",-0.557638000031849,1.72310305545842,0.00123533166976358,0.00408783815956387
"ENSG00000271843",-0.698778565203713,-2.2360700102124,0.00123644954702269,0.00409105058902475
"ENSG00000139364",-1.14024009864693,-1.15171803156408,0.00123738898943737,0.00409333773113543
"ENSG00000272894",1.05703015283184,0.587012297633671,0.00123743514340009,0.00409333773113543
"ENSG00000279880",1.1854203284409,-2.38950190009304,0.00124038170137525,0.00410259677254725
"ENSG00000279010",-0.619116957125092,2.34816169475545,0.00124199294934462,0.00410694922127238
"ENSG00000259529",0.878766629345709,-0.906552523477655,0.00124455975410805,0.0041148026081104
"ENSG00000258927",3.92493915146109,-3.312598700328,0.00124466380261147,0.0041148026081104
"ENSG00000260418",1.1796734843285,1.10996673459898,0.00124548936659062,0.00411704251877643
"ENSG00000281420",1.12279337292899,-2.31630387311165,0.00124613947201371,0.00411870197684105
"ENSG00000017427",-1.4268704851814,0.61849490600263,0.00124643584852458,0.00411919204551022
"ENSG00000065371",3.67205957141299,-4.1288191759012,0.00124700925161986,0.00412021494774288
"ENSG00000172551",3.46053065400389,1.27742527226951,0.00124704165067053,0.00412021494774288
"ENSG00000240893",3.63013841735606,-2.93475541414201,0.00124772310564426,0.00412184938017541
"ENSG00000148965",3.04133667406808,-2.79066011100539,0.00124783273221432,0.00412184938017541
"ENSG00000228393",0.762809121944694,0.556880556160995,0.0012481502281725,0.00412240853772257
"ENSG00000126243",0.561795558734057,3.89734610030478,0.00125056351526588,0.00412939843880919
"ENSG00000204052",1.09909575049731,-0.279737301092089,0.00125261206721004,0.00413547215773881
"ENSG00000104081",0.843168024435548,4.20410315527258,0.00125270028148526,0.00413547215773881
"ENSG00000169271",-1.8019190749259,-1.65981838220921,0.0012566229546354,0.00414792953207625
"ENSG00000168135",3.40123596102842,-3.58035676181278,0.00125699387920676,0.00414816928836942
"ENSG00000260469",-2.18070664182901,-3.14716871338527,0.00125761087692643,0.00414971305255129
"ENSG00000273096",0.95587230844148,-1.68287817237061,0.0012604150853501,0.00415797945307109
"ENSG00000013563",0.509396302312522,3.95136451080294,0.00126187545943458,0.00416230338629673
"ENSG00000266094",-0.64560965880295,4.76314739449825,0.00126544755688329,0.00417301539635842
"ENSG00000248773",1.44696632424645,-3.25683041170327,0.00126677849385254,0.00417649481383604
"ENSG00000131446",0.704950009177385,7.71545416956472,0.00126825089397908,0.00417986279348741
"ENSG00000087245",-1.00409850359811,8.25455755871442,0.00127153334500131,0.00419018446973003
"ENSG00000070882",0.730352960657829,4.64466122377894,0.00127323154254289,0.00419478664922357
"ENSG00000125743",0.518128677600684,7.14322814480061,0.00127410860624374,0.00419717904364055
"ENSG00000225546",5.62649385992276,-2.82375258297996,0.00127539131463631,0.00420090699123398
"ENSG00000246228",1.59574344678193,0.284276194663372,0.00127739622327876,0.00420701257052128
"ENSG00000248498",4.35156372890944,-1.78480589543162,0.0012778515843503,0.00420801398478984
"ENSG00000099139",-1.04028944584889,2.58759364493845,0.00127856049958945,0.0042098500266463
"ENSG00000227234",7.67188617087775,-0.0223179566803026,0.00128553774699198,0.00423153835663284
"ENSG00000230102",2.72418405468367,-0.677823067594131,0.00128560382244086,0.00423153835663284
"ENSG00000187634",-1.10114385001159,1.70325657973429,0.00128695509884076,0.00423529651595027
"ENSG00000152760",-0.92371177814081,-1.47481832021391,0.00128737054221245,0.00423584962623387
"ENSG00000255200",0.880814881090656,0.0309374676027733,0.00128934826898797,0.00424185514612757
"ENSG00000234264",1.52039884272504,-3.70818870359638,0.00129241056455503,0.00425005987799183
"ENSG00000167749",3.6230333539231,-0.0734664239390974,0.00129245340121723,0.00425005987799183
"ENSG00000223552",1.38615486890489,-1.3827867457311,0.00129314965594938,0.00425161136315961
"ENSG00000226644",1.69194836882141,-2.51218191381973,0.00129398480979922,0.00425358698912016
"ENSG00000272250",-0.761462660187016,-1.79418381744853,0.00129817854042542,0.0042661627824729
"ENSG00000116661",1.71936946294651,3.38589510930268,0.00129827065727719,0.0042661627824729
"ENSG00000198915",1.51603167091167,2.6543202726413,0.00129857559090615,0.00426666070996724
"ENSG00000139572",1.48121751908146,0.347338006568224,0.00130073008974147,0.00427323481998342
"ENSG00000204706",-0.853794035428201,-1.600684922399,0.00130173654045013,0.00427603618749727
"ENSG00000165948",0.782414980120416,2.52971259550335,0.00130455334035845,0.00428427701681303
"ENSG00000005961",1.42664485449163,-0.0925305343679848,0.00130504607058824,0.00428538918078758
"ENSG00000184897",0.529534416823287,6.62019019911805,0.00130765317025981,0.00429344323272767
"ENSG00000264808",1.26583647567456,-2.87770029375711,0.00130859422947409,0.00429501195472774
"ENSG00000267549",1.01044331398156,-2.92017545520855,0.0013095560060839,0.00429766149819605
"ENSG00000228509",2.17534535454116,-3.09627612992852,0.00130994188086412,0.00429842066216067
"ENSG00000215252",1.10005605286543,3.90793672667438,0.00131120986652855,0.00430207384897471
"ENSG00000165195",-0.544046443283572,3.78230914636771,0.00131574666509059,0.00431543183917035
"ENSG00000224074",1.81229109372171,-3.69669545895878,0.00131659726210777,0.0043177124927489
"ENSG00000276030",1.46207925756335,-2.42934591322473,0.00131850790280136,0.00432346855701654
"ENSG00000095596",2.99319650405535,-0.267782976294291,0.00132342103486144,0.00433855601633677
"ENSG00000155849",-0.814639801382648,3.18696628381767,0.00132602198059437,0.00434657034134017
"ENSG00000112394",1.4927130266847,1.64351220135748,0.00132642405529834,0.00434687009206547
"ENSG00000276968",1.1639772320332,-3.16863477699617,0.00132896649768108,0.00435468251649432
"ENSG00000174837",2.149997890691,0.8298248673804,0.00132972254902293,0.00435648688746334
"ENSG00000243663",-0.882049324101913,-3.05629294816076,0.00132983042730248,0.00435648688746334
"ENSG00000224376",-0.847133619852162,-1.09976079568319,0.00133033588940505,0.00435762950088597
"ENSG00000163958",1.63241064493036,-1.78579583857349,0.00133141813333717,0.0043601474793956
"ENSG00000213033",1.3249020198565,-3.47585651178681,0.00133180875689396,0.00436039987704435
"ENSG00000134107",-0.758726309894647,7.83394387406771,0.0013326052711459,0.00436249416270962
"ENSG00000214784",-0.69247422736424,-1.80652233687438,0.001333882454697,0.00436616131722817
"ENSG00000197408",5.30271833516525,0.317603169831505,0.00133545569005741,0.00437079655302033
"ENSG00000250999",0.777813777178551,-2.09594987573282,0.00133571022159031,0.00437111523627385
"ENSG00000237840",0.734135525791864,-1.74035724179891,0.00133626359551262,0.00437241169199911
"ENSG00000184502",3.52658641747835,-2.98536773317318,0.00133803175571215,0.00437768229874392
"ENSG00000273340",1.47746506168319,-1.45019780603915,0.00133891594376817,0.00438005988520631
"ENSG00000260676",6.77450152624531,0.365085301386963,0.00134093809294278,0.00438615914136393
"ENSG00000259635",-0.844744126359475,-3.09221104279525,0.0013413438780543,0.0043868893657029
"ENSG00000237248",-0.90662033212521,0.477495007188641,0.00134147679341686,0.0043868893657029
"ENSG00000279191",1.53171930044168,-2.43733282393422,0.00134183043863236,0.00438752997762543
"ENSG00000157766",1.44857734158719,1.89674260497135,0.00134248755696579,0.00438868024246946
"ENSG00000238290",-0.937363075935581,-2.63206435351141,0.00134249780688635,0.00438868024246946
"ENSG00000204764",1.26161608039079,1.34426608176698,0.00134356519585231,0.00439165340136801
"ENSG00000277135",-1.17900108106369,-3.63840302057378,0.0013438773363174,0.00439215750352478
"ENSG00000258590",2.65480482809308,-1.23072691769193,0.00134464839106718,0.00439416116798867
"ENSG00000174943",0.550583692174315,3.74453769130719,0.00134509887532855,0.00439511689608939
"ENSG00000261775",1.11964923764908,-3.36250847326604,0.00134833478750928,0.00440362088363029
"ENSG00000166823",2.08776539222371,1.86755156368366,0.00134972897412552,0.00440765668161946
"ENSG00000275152",-1.26609147602749,-3.55163395360507,0.00135036966078612,0.0044092312016253
"ENSG00000129951",2.77660623522539,-1.93398000729456,0.0013535978955793,0.0044187345387027
"ENSG00000128309",0.686921400388644,5.7649142645866,0.00135437401425548,0.00441971189234867
"ENSG00000272864",-1.09216499297556,-2.23065326877031,0.00135924328457173,0.00443456111129542
"ENSG00000269978",2.14646351413725,-2.81542046724874,0.00135966958130395,0.00443543162852531
"ENSG00000213700",0.833004318851161,-0.301136614761687,0.00136291120863203,0.00444548486521433
"ENSG00000106348",0.778807531603216,5.76772158050047,0.00136337087798563,0.00444646273797073
"ENSG00000280241",-1.39102185789889,-3.49072911587791,0.00136543632780857,0.00445164052428329
"ENSG00000244627",0.694176381550184,0.7018353017941,0.00136543865504119,0.00445164052428329
"ENSG00000231924",6.49254770140281,-1.04768997898141,0.0013666719701776,0.00445513918267108
"ENSG00000122735",2.36733310502575,-2.86543648367962,0.00136905874018338,0.0044623966647979
"ENSG00000150722",1.32354001629614,0.34069460638689,0.00137065570704465,0.00446707841340905
"ENSG00000249087",0.851954533364357,1.78745231628206,0.00137285148950515,0.00447346211033267
"ENSG00000273350",1.27123962999117,-3.15131902324723,0.0013729361296444,0.00447346211033267
"ENSG00000184735",4.98885400836685,-2.20715164368251,0.00137375918901383,0.00447561957643687
"ENSG00000154099",-0.884928290720323,-1.10576293140061,0.00137439822764363,0.0044771770795798
"ENSG00000231310",2.6378034849894,-2.87365676568719,0.00137846429798339,0.00448974152779015
"ENSG00000104881",0.821262517699069,6.4307479355334,0.00137857809827519,0.00448974152779015
"ENSG00000183668",4.09420780674845,-2.57258757623951,0.00138337825956628,0.00450484715294659
"ENSG00000126522",0.530695674221612,4.39940742321144,0.00138568112600698,0.00451138299821902
"ENSG00000065911",0.822687390120403,5.54124056289798,0.00138570973838799,0.00451138299821902
"ENSG00000271220",6.41868869739115,-2.10180300518967,0.00138866555711962,0.00452047695928934
"ENSG00000077327",2.46387131986512,-1.41840954571084,0.0013922514365308,0.00453161956749341
"ENSG00000213859",-0.691690523729579,5.03549500220386,0.00139279263583366,0.00453285064128733
"ENSG00000131055",-0.910262100382292,0.838025265112003,0.00140161485297024,0.00456102888799125
"ENSG00000182742",0.924581956093497,2.65097988205566,0.00140377106272323,0.00456751106311665
"ENSG00000277586",4.75287632935046,2.78391005075982,0.00140771237131806,0.00457979929622986
"ENSG00000120458",0.59823873100116,2.80228368620937,0.00140833316300053,0.00458074731172186
"ENSG00000189060",0.812771861837988,7.5822038057042,0.00141072405185603,0.00458798737772122
"ENSG00000168004",-1.58016000144906,0.247169034277521,0.00141109436674528,0.00458865516453719
"ENSG00000189167",1.86931560943101,-3.75585873450024,0.00141195348872687,0.00459091213256493
"ENSG00000178104",0.588310532978139,5.03547189381924,0.00141256891537675,0.00459237629963454
"ENSG00000102243",1.8127890310507,5.5128735605672,0.00141467167976996,0.00459867501512879
"ENSG00000233806",-1.00572974098524,-2.73167984582063,0.00141485358581145,0.00459872885148696
"ENSG00000203585",1.94013323589364,-2.63945740361256,0.00141641719498782,0.00460327312972613
"ENSG00000132832",1.76940223253643,-1.16298544152155,0.00141759508817992,0.00460656293814093
"ENSG00000128039",0.751908052804655,4.8187323836235,0.00142008883318829,0.00461358844965144
"ENSG00000243806",-1.23833340536735,-3.8376922215717,0.00142080286692269,0.00461522181353228
"ENSG00000101695",-0.783429388544217,1.78595845915959,0.00142092346705774,0.00461522181353228
"ENSG00000138079",1.77297771294187,-2.03370162569655,0.00142261969010046,0.00461984192372676
"ENSG00000198064",1.82854727409273,-1.72757614631286,0.0014226781029274,0.00461984192372676
"ENSG00000232884",1.61805864173987,-3.72928322004466,0.001423690781067,0.00462211211346828
"ENSG00000279924",4.72972023999114,-3.88508915058152,0.00142370957739484,0.00462211211346828
"ENSG00000248363",3.26644091455775,-3.89983158477702,0.00142405033523418,0.00462267880180536
"ENSG00000180383",-1.41259641733019,-3.95687660040349,0.00142497333647974,0.0046251351858456
"ENSG00000203668",0.782946959822646,3.60314470838516,0.0014263228353442,0.00462843507402034
"ENSG00000169676",2.3322204541668,-3.80555197131044,0.00142863509934579,0.00463500124473855
"ENSG00000132821",2.4054427640632,2.42887112519446,0.00142867959843036,0.00463500124473855
"ENSG00000270372",2.96178500182646,-1.30247481619014,0.00143090659272011,0.00464127357968572
"ENSG00000279759",0.996114558222263,-0.178547557313604,0.00143119408925038,0.00464127357968572
"ENSG00000181625",1.47454538662653,-3.8217606798445,0.00143123563484923,0.00464127357968572
"ENSG00000118939",0.574928376254693,3.38534431678077,0.00143128046212075,0.00464127357968572
"ENSG00000067113",-0.724414300513236,5.47083030867837,0.00143188647458006,0.00464269742568141
"ENSG00000112164",2.99191393933817,-1.2606896153848,0.00143258519416038,0.00464442149495077
"ENSG00000261222",-1.22052047219281,-3.44352179671305,0.00143374522826496,0.0046476405633722
"ENSG00000179133",2.23090825903626,-1.09394677904708,0.00143467831266956,0.00465012328519737
"ENSG00000139187",-0.824512128457312,-0.693858909650872,0.00143784009795734,0.00465982832026187
"ENSG00000198003",1.38430080827419,-0.407386783583675,0.00143834170478732,0.0046609108511301
"ENSG00000004777",0.851531109185869,3.16921793742566,0.00144014212968745,0.00466609820294706
"ENSG00000102043",-0.781359451726236,-0.338763920471892,0.00144027803805057,0.00466609820294706
"ENSG00000232479",1.13711792634999,-3.40634109257337,0.00144183968812621,0.00467061346911882
"ENSG00000178921",0.529138467238908,4.15595268897367,0.00144269201454701,0.00467269418691543
"ENSG00000251259",1.01162683998415,-1.59050037696363,0.00144281802312694,0.00467269418691543
"ENSG00000189409",-1.0413020213231,-2.30121950422938,0.00144400511073225,0.00467599419545884
"ENSG00000133488",2.51701053984444,-0.245404807324736,0.00144460899005459,0.00467740510365406
"ENSG00000078898",5.55765428416303,-1.61926306219194,0.00144700672333064,0.00468407797904971
"ENSG00000216809",-1.06564928916877,-3.64929453513346,0.00144823636410126,0.00468751285869293
"ENSG00000183828",0.755249796830402,3.85014829173812,0.00145157825481634,0.00469723630031495
"ENSG00000161513",0.672144498421285,4.79335882760673,0.00145222417193955,0.00469768677531456
"ENSG00000278095",-1.23435971291499,-3.69096767654274,0.00145415374338516,0.00470338156352732
"ENSG00000176720",-0.632609032187133,4.78964824027262,0.00145439015760718,0.00470359923878239
"ENSG00000234664",0.77194092049456,-0.981600040156976,0.0014568650924215,0.00471050788369206
"ENSG00000100280",0.504578560749375,7.3125095219725,0.00145830066785201,0.00471460147331954
"ENSG00000250510",-0.883820858922337,0.72372679613332,0.00145911762545399,0.00471669438827891
"ENSG00000078814",2.17061544995465,2.59905723549249,0.00145943170511377,0.00471716141944557
"ENSG00000158488",-1.16321290851766,-0.679533930214569,0.00146007662261751,0.00471869754878698
"ENSG00000181284",0.687810130135953,3.61905215194699,0.0014607316060668,0.00471971749065241
"ENSG00000146070",1.24087505133881,2.52825325273764,0.00146169908302026,0.00472179387548754
"ENSG00000250284",4.23236045166091,-3.59032963261554,0.00146171377657742,0.00472179387548754
"ENSG00000005884",1.16917580819493,8.3985084075397,0.00146529638769336,0.00473281714445655
"ENSG00000136327",2.74834830589973,-0.630559450455523,0.00146631424454505,0.00473500500215159
"ENSG00000256053",0.509178994288933,4.07394295049471,0.00146653606260601,0.00473517152417704
"ENSG00000226025",3.25896689305487,-0.240133256747821,0.00146705093704453,0.00473628412211486
"ENSG00000131620",1.44135411318668,5.68114841601121,0.00146781998475304,0.00473821694938909
"ENSG00000258952",1.66369527592326,-3.09884740995993,0.00146853763796568,0.0047399834425832
"ENSG00000259146",0.910930767888443,-0.920769557418943,0.00147157419933067,0.00474923337270641
"ENSG00000124097",-0.931378737136435,-1.65785476014968,0.0014757148373423,0.00476093919162526
"ENSG00000226434",4.05210411719514,-2.58879692338504,0.00147647020537452,0.00476272749719118
"ENSG00000154898",1.74915493108284,-3.2003655008028,0.00147673519455456,0.00476272749719118
"ENSG00000102172",0.646173136031456,6.14558625811421,0.00147678286901006,0.00476272749719118
"ENSG00000110484",6.2719738682124,-2.20132411198951,0.00147739742570385,0.00476415705520015
"ENSG00000161860",0.946231145973134,-0.506394283684315,0.00147896236152541,0.0047686506099126
"ENSG00000225422",-0.777510040000037,-2.03218214951036,0.00147938058476765,0.00476944618107601
"ENSG00000132801",0.529578765961211,1.6823653991824,0.00148238955933991,0.00477803926456379
"ENSG00000171956",3.47146164061363,-1.52975130337014,0.00148376637427425,0.00478192284677748
"ENSG00000226149",1.3931429956143,-3.14170992924411,0.00148553916778933,0.00478708155181609
"ENSG00000267026",1.52105235835558,-2.81456605135673,0.00148653352390272,0.00478933975482525
"ENSG00000154914",0.837832701463046,2.86952326043756,0.00148949324905288,0.00479759996941606
"ENSG00000099869",2.54342247008275,0.21888366096851,0.0014902842466461,0.0047993842227806
"ENSG00000281903",1.48285750397895,-1.5010159883306,0.00149072019429373,0.00479988432089504
"ENSG00000138759",1.55951993666714,3.71784813277448,0.00149439492456842,0.0048111593977337
"ENSG00000242021",3.06799202501509,-2.96274750443093,0.00149487900542069,0.00481216085390805
"ENSG00000112578",0.529650488077471,4.56910500677857,0.00149611246244185,0.00481557411386358
"ENSG00000260233",0.53467867212849,0.195602904151845,0.00149822567695099,0.00482181795337165
"ENSG00000141837",1.52834646677267,0.932234220427007,0.00149893740907774,0.00482355040595618
"ENSG00000184224",1.36787707168915,-3.7541376825368,0.00149961152197378,0.00482460326901756
"ENSG00000241429",-0.866715639096628,-2.48879061836698,0.00150056391019989,0.0048271089560941
"ENSG00000253740",2.97098269943103,-2.99408882983318,0.0015011524508234,0.00482844375098314
"ENSG00000198496",0.651430997058021,2.418079418141,0.00150509720790014,0.00484057222980188
"ENSG00000260316",1.23492709026304,-3.28233467543978,0.0015054279078638,0.00484107600895085
"ENSG00000157077",-0.509154907978242,4.27288570727383,0.00151033120069349,0.00485628227570959
"ENSG00000215859",1.01520761082508,-1.80661913393193,0.00151179858795374,0.00486043857666829
"ENSG00000043355",2.24795641414323,1.85902093561688,0.00151511183959222,0.00487052769239232
"ENSG00000165383",-1.35939502475026,-3.55405862386474,0.001517079068257,0.00487628800709949
"ENSG00000156284",-1.77523328759344,1.14517915883723,0.00151735595094244,0.00487661440531108
"ENSG00000229967",4.29957147040812,-0.235705603078416,0.00151792186381287,0.00487786138383301
"ENSG00000168621",-1.19700549569315,-0.746395730199322,0.00151809470889363,0.00487786138383301
"ENSG00000144791",0.729809783124308,5.07596398754899,0.00152028679714548,0.00488434061326177
"ENSG00000147162",0.661310999441803,6.629967146006,0.00152332259593333,0.00489244597616855
"ENSG00000243071",-0.681052776385793,-2.65868973930886,0.00152333736575054,0.00489244597616855
"ENSG00000151117",0.784713615635497,2.49402382272678,0.00152470306965334,0.0048962667678407
"ENSG00000183798",-1.18976535270624,-0.661584946888505,0.00152573401487603,0.00489901179355196
"ENSG00000273084",0.947758255404116,1.09802247924313,0.00152941452519357,0.00490969600521801
"ENSG00000233799",1.02675826325503,-2.66146064540084,0.00153487041717731,0.00492662674755536
"ENSG00000224152",-0.542731492191226,0.729411263534565,0.00153504287183384,0.00492662674755536
"ENSG00000214417",1.48292366616604,-2.91450316789693,0.00153630152935962,0.00493009743118484
"ENSG00000177699",1.7180550318716,-2.30699529780131,0.00153653184764928,0.00493026768327981
"ENSG00000163132",-1.10187326605783,2.22380133760661,0.00154173416298763,0.00494533246732194
"ENSG00000068985",6.5722229899426,-1.39744359714201,0.00154176024967276,0.00494533246732194
"ENSG00000180447",-1.26920693376972,3.33175198944739,0.00154213731507862,0.00494597153416532
"ENSG00000171812",-1.03886304383273,3.78000395418957,0.00154276069686504,0.00494740035303903
"ENSG00000226686",1.21161320636959,0.151605713571967,0.0015434799187686,0.00494913615179975
"ENSG00000251361",2.11512271990059,-3.00450922002411,0.00154409743242892,0.00495054546261045
"ENSG00000180432",2.34217215053381,-0.716108468538968,0.00154737615870123,0.00495991392208796
"ENSG00000228413",1.06587784943985,-3.11164820367661,0.00154768567696611,0.00496033437813532
"ENSG00000242114",0.710548416033161,2.30224648365869,0.00154975480353553,0.00496639363414376
"ENSG00000211454",0.955068288692877,-1.62537376404609,0.00155131251015767,0.00497081277016306
"ENSG00000168334",-1.48042693612646,0.444015107458199,0.00155360968425326,0.00497760006314202
"ENSG00000187164",0.925734402648107,3.85948909710813,0.00155725838583994,0.00498814090583511
"ENSG00000258914",1.18546996764162,-2.66846690216383,0.00156020795512099,0.00499701334129206
"ENSG00000250130",1.29096864157327,-2.87575552548992,0.00156436500748036,0.00500975059908478
"ENSG00000259306",1.47426355004717,-1.50950944221663,0.00156460693426773,0.0050099426992926
"ENSG00000244701",0.739576533729183,0.418787592359044,0.00156483534383449,0.0050099426992926
"ENSG00000172831",-0.612825355857416,5.07485955403266,0.00156496538206788,0.0050099426992926
"ENSG00000254180",2.34155027699879,-3.65104202947056,0.00156583716504714,0.00501215664304938
"ENSG00000187607",0.572696522194986,1.94634193102444,0.00156624520045337,0.00501288581820595
"ENSG00000147394",-0.860630418954058,5.72445441083463,0.00156683942334695,0.00501373724645224
"ENSG00000181652",1.44018723106484,2.48800956751508,0.00156687175587541,0.00501373724645224
"ENSG00000224511",-1.3330534820281,-1.44522922525213,0.00156771075547792,0.00501584484552023
"ENSG00000183723",0.831950241195525,4.57153987506875,0.00157151732818818,0.00502724607067429
"ENSG00000260342",1.16264453844648,-2.60045624185605,0.00157175986853706,0.00502724607067429
"ENSG00000213397",0.731043901045891,1.48938297486365,0.00157181648260107,0.00502724607067429
"ENSG00000157335",3.20739353884316,-2.38286912043658,0.00157294702662213,0.00503028350597234
"ENSG00000170684",0.994894281426748,2.587547911088,0.00157325575842697,0.00503069239010454
"ENSG00000158683",1.73594304050658,1.61675953357081,0.00157419136519194,0.00503310546500557
"ENSG00000261150",-0.942075865262858,4.45781016037491,0.00157513133109131,0.00503508714417488
"ENSG00000100558",1.16946075421932,4.56053448042475,0.00157517323702821,0.00503508714417488
"ENSG00000113924",2.22397132592594,-1.04341520071038,0.00157818490881448,0.00504413432186361
"ENSG00000258458",1.02536826979136,-2.53719984632955,0.00158116920978961,0.00505251140072131
"ENSG00000064102",0.598677557594416,4.38589077567949,0.00158220264704592,0.0050552328802169
"ENSG00000162782",2.00749564338077,1.70102764526037,0.0015825581304564,0.00505578787989706
"ENSG00000163755",0.506743949520087,4.41893882084543,0.00158295557223715,0.00505647678082369
"ENSG00000129932",0.560442634763367,3.83676062219301,0.00158534999672342,0.00506354380556598
"ENSG00000242578",1.29054324686159,-3.30766108022126,0.00158976853494643,0.00507686724166652
"ENSG00000121653",-0.810524375044288,2.34813212995727,0.00158988651619442,0.00507686724166652
"ENSG00000129152",5.01029312750581,-3.6667059670807,0.00159114846664242,0.00508031366120144
"ENSG00000171951",1.98992543230916,1.10867894326106,0.00159202206885828,0.00508251949049074
"ENSG00000013588",-1.01295815541256,7.5059315508196,0.00159435912765462,0.00508939635228486
"ENSG00000266236",0.97955673189832,-1.91439390180574,0.00159461221550888,0.00508962009983342
"ENSG00000267041",0.90859126896811,1.59132085746406,0.00159537451668476,0.00509146889644903
"ENSG00000136573",-1.67309930695401,0.819638492759192,0.00159646676474983,0.0050943701385942
"ENSG00000076604",0.709334103409253,6.8892449032624,0.00159771708992336,0.00509746150832189
"ENSG00000162877",3.33350879222005,5.62154174673578,0.00159798536263828,0.00509746150832189
"ENSG00000106780",-0.601195264051983,4.56466791742861,0.00160003605727063,0.00510341775927387
"ENSG00000137166",0.51165433145329,5.45643805258576,0.00160169113674658,0.00510752529079714
"ENSG00000205702",0.857252634775467,-0.513093981700824,0.0016051410906613,0.00511761331076462
"ENSG00000198246",0.894116889026933,4.32484364361135,0.00160522268446807,0.00511761331076462
"ENSG00000055813",-1.20297706729598,-1.98411338068123,0.00160610668119709,0.00511984471336788
"ENSG00000161912",1.11180211586814,2.20151822971404,0.00160792704823988,0.00512506016418701
"ENSG00000137462",1.16156265844255,3.63516321903151,0.001608357082272,0.00512584342033128
"ENSG00000258711",1.43585111707099,0.234252933459511,0.00160979382349594,0.00512983451110135
"ENSG00000239590",2.00538881899329,-4.10698369487381,0.00161138060185228,0.00513430274708643
"ENSG00000181562",3.19331534819647,-4.09393081854811,0.00161241314081458,0.00513641583844646
"ENSG00000230836",2.16742730860629,-1.73181085848434,0.00161590931398617,0.00514564180208546
"ENSG00000259933",1.32898140294429,-1.27493822638805,0.00161591377789962,0.00514564180208546
"ENSG00000064199",0.59242345058875,2.23642307544687,0.00161604937048202,0.00514564180208546
"ENSG00000228974",1.16149091796699,-2.91952809497774,0.00161792603269089,0.00515102755806223
"ENSG00000115523",1.95603830917916,3.18900588998515,0.00162049287786369,0.00515716763538102
"ENSG00000163581",3.89691285791305,-3.41894498933088,0.00162059630867688,0.00515716763538102
"ENSG00000188991",3.55295956610754,-3.00016880722311,0.00162352556981062,0.00516589825799597
"ENSG00000254271",1.47375019904673,-3.04639284625213,0.00162435700012014,0.00516736145994983
"ENSG00000177410",0.666977683185411,6.17962208314323,0.00162650787247038,0.00517361201475511
"ENSG00000264812",1.03684449637858,-3.02935562434791,0.00162761219834041,0.00517653265551079
"ENSG00000087299",0.595181006326749,2.8894309576254,0.00162828656063223,0.00517808530881137
"ENSG00000204065",-1.69078695417312,-1.58607495141006,0.00163019457485465,0.00518356027328597
"ENSG00000247137",0.718633415650611,0.04880219322085,0.00163282782098473,0.00519074639216463
"ENSG00000268438",1.60090241971508,-3.14446821558684,0.00163536363095349,0.00519709272794915
"ENSG00000166226",0.973297455604828,7.44873825383086,0.00163567621941857,0.00519709272794915
"ENSG00000256196",1.61063803514599,-3.80634540141875,0.00163581225522039,0.00519709272794915
"ENSG00000261594",1.69568977006143,0.254698420186204,0.0016359453073453,0.00519709272794915
"ENSG00000101194",1.31188255896665,2.70004807937914,0.00163794710484858,0.00520226365503639
"ENSG00000198521",0.955163848258898,3.80472923382929,0.00163839803122721,0.00520310167190254
"ENSG00000168096",0.535792407303437,3.71670957055919,0.00164296941284169,0.00521642788577238
"ENSG00000224843",0.956866111975291,0.102191323232892,0.00164418608040239,0.00521969494968973
"ENSG00000188536",-1.16103255861012,2.34452723639353,0.00164508717497753,0.00522195955234537
"ENSG00000073711",-0.692236611305874,3.57417029316895,0.00164574162167874,0.00522270344728581
"ENSG00000109758",1.56150171462377,-1.95076971754615,0.00164588486374933,0.00522270344728581
"ENSG00000225028",-1.41820534940398,-3.95572714893668,0.00164729865011612,0.00522659335565589
"ENSG00000180610",1.29238367670607,-2.89737990267197,0.00164912792746546,0.00523180050719708
"ENSG00000271590",2.08092352776677,-3.52153850037706,0.00164990103416964,0.00523365618879563
"ENSG00000174977",0.528283607702158,1.13446376269964,0.00165115567847396,0.00523648666955118
"ENSG00000114786",0.895485286483819,-1.98552258737092,0.00165309678766448,0.00524140229768719
"ENSG00000250041",1.47895158745479,0.172341841614175,0.00165462710037156,0.00524565639378026
"ENSG00000186469",-0.861949520282588,2.74787856360615,0.00165666354863546,0.00525091547329891
"ENSG00000143867",-1.13052651684088,4.18922470387326,0.00165809340521403,0.00525448715225457
"ENSG00000258815",1.87375625970688,-0.732550958620315,0.00165816825712215,0.00525448715225457
"ENSG00000235703",0.970204556856716,0.847949335693479,0.00165885785882534,0.00525607355063901
"ENSG00000274444",1.47759598086348,-2.6851739292256,0.00165933751122281,0.00525699444123931
"ENSG00000135409",-1.12059168517687,-3.97485122465115,0.00166042744600707,0.00525984835487409
"ENSG00000197860",-0.673338059437944,2.10507056479207,0.00166287448534987,0.0052658416666006
"ENSG00000158470",-0.531582938351526,6.34884719400741,0.00166288740365128,0.0052658416666006
"ENSG00000224080",-0.685543218746109,-1.64799119645828,0.00166394448208873,0.00526858923956443
"ENSG00000263535",-0.940665108601956,-2.45777077633298,0.00166528175057991,0.00527222325883653
"ENSG00000236459",1.81973019207666,-3.45648591398774,0.0016660006932521,0.0052738990759641
"ENSG00000240540",-0.891846972335498,-3.45359040843551,0.00166741437212401,0.00527709785266069
"ENSG00000136688",3.29927044583799,1.30253151130872,0.00166792842594749,0.00527729230951907
"ENSG00000165282",0.508821473457507,4.79018796815244,0.00166926559198295,0.00528062828819628
"ENSG00000021355",-0.94044089182442,6.53007000814904,0.0016696185236694,0.00528114409175673
"ENSG00000251136",0.642104071545412,2.2395981228244,0.00167049492219286,0.00528331535944393
"ENSG00000166173",-0.679884582032346,3.15124825117994,0.00167343503651482,0.00529141071743823
"ENSG00000238287",1.00128355726552,-1.2280365676183,0.00167404740476227,0.00529274530733806
"ENSG00000142959",1.07355480998999,-0.28839496465591,0.00167425004576406,0.00529278432857876
"ENSG00000130528",-1.11551386946152,-0.0170548630077816,0.00167483229438108,0.00529402325305386
"ENSG00000266578",2.1237907050376,-2.66955880889787,0.00167797347594591,0.00530274699312391
"ENSG00000274943",0.8806794728321,-1.6433208668832,0.0016791705135596,0.00530592700450274
"ENSG00000113889",4.32120581513982,-2.18871018491626,0.00168300283473165,0.00531682846914939
"ENSG00000139648",3.51254935715812,-2.48515109853528,0.00168558145942031,0.00532436991832561
"ENSG00000259699",0.859594031359383,-2.85488593051612,0.00168879767358331,0.00533392342668324
"ENSG00000205129",1.05487808728122,-0.970906553523553,0.0016911705687515,0.0053406624774027
"ENSG00000230679",1.04527214203204,-2.74052173088946,0.00169164859350799,0.00534110822241319
"ENSG00000266869",1.85063384716783,-1.39052593148985,0.00169249060361439,0.0053431601768816
"ENSG00000100302",-1.05930206343693,2.51117576365229,0.00169524800230748,0.00535065055471832
"ENSG00000121743",2.07376243431717,0.11624587038233,0.00169712220694396,0.00535595823689236
"ENSG00000196670",0.54619991266588,4.22142185805537,0.00169927032937313,0.00536212907543167
"ENSG00000268747",2.02386891958667,-4.07338738475088,0.00170033496864991,0.00536487991866817
"ENSG00000268496",1.73303650619472,-3.92897170794591,0.00170277127036482,0.00537134822985785
"ENSG00000145451",2.18866548359703,-0.930994750718719,0.00170306849099511,0.00537167656385201
"ENSG00000227925",2.60259193139764,-3.53656403953444,0.00170443780022475,0.00537538593237905
"ENSG00000269919",-1.09255181087754,-2.72273785931033,0.00170591169226349,0.00537820470380009
"ENSG00000070669",0.74793712354257,4.71791111673113,0.00170636716023885,0.00537903092233063
"ENSG00000198574",-0.999665825980184,-1.81613268385599,0.00170830886527612,0.00538454153104315
"ENSG00000127954",-1.15477830153782,4.13448214854549,0.00170863763447338,0.00538496753853916
"ENSG00000186086",2.81890134856118,-2.34896608723148,0.00171004943450188,0.00538880635869032
"ENSG00000238283",2.39659395962224,-4.10904516774615,0.00171028115954563,0.00538892601001954
"ENSG00000275426",1.10796941800217,-1.72646571812061,0.00171306173616504,0.00539707590257795
"ENSG00000258136",1.02194970197272,-2.21609259153929,0.00171486577552072,0.00540214767409193
"ENSG00000123977",3.58841391695759,-2.38270104385771,0.00171709726034348,0.00540856467745564
"ENSG00000160999",0.772380987462628,2.5359838557891,0.00171799545026726,0.00541051601266975
"ENSG00000265102",1.17784775669755,-3.70978561754881,0.00171830036097911,0.00541051601266975
"ENSG00000229618",2.67896736453773,-1.71893698082999,0.00172484138560666,0.00542988267774512
"ENSG00000117266",0.84202336242019,4.5432574972719,0.00172529757646251,0.00543070410753188
"ENSG00000169499",-0.53738123828695,5.25412348306567,0.00172599001246509,0.00543226889404681
"ENSG00000277566",1.17559612759524,-2.3120632407735,0.00172623311860966,0.00543241929485069
"ENSG00000258183",3.22401256302406,-3.37346643474551,0.00172896688160192,0.00544003547405275
"ENSG00000132846",-0.671055664349598,2.55452042188399,0.00172904446088614,0.00544003547405275
"ENSG00000228933",2.71520561863816,-2.21789902285079,0.00173495137832841,0.00545800279215563
"ENSG00000139973",1.85664884110378,1.23799001229982,0.00173709057908171,0.00546411448495811
"ENSG00000206199",2.52061554372214,-2.41463881651346,0.00173769457383203,0.00546539626619816
"ENSG00000229676",2.28270508346439,-0.723105247576317,0.00173789786288453,0.00546541760067926
"ENSG00000228709",2.82874806581703,0.184285175720205,0.00173893029874093,0.00546804617285262
"ENSG00000204613",2.96120368056341,-3.50451079206818,0.00174210791282187,0.00547741887625081
"ENSG00000273344",0.685182871633774,2.91532311500858,0.00174771583753522,0.00549320424798915
"ENSG00000237133",1.13315208403602,-2.55875661294273,0.0017478784210992,0.00549320424798915
"ENSG00000238837",-1.58555980571422,-3.47593200449151,0.0017479185127352,0.00549320424798915
"ENSG00000164932",1.51951995388822,5.19394649148043,0.0017485949171778,0.00549470912116893
"ENSG00000254285",1.30476473010422,1.31412962471687,0.00175280644999632,0.00550669894880241
"ENSG00000281376",0.98566741603377,-0.76699051160037,0.00175367726363543,0.00550881248401765
"ENSG00000179611",0.553154540304148,-0.559046435180299,0.00175866185165425,0.00552229750134162
"ENSG00000261040",2.2437222370989,4.62366296407803,0.00175876429248496,0.00552229750134162
"ENSG00000222030",5.21930707251926,-3.08900196214319,0.00175964721545208,0.00552382257374365
"ENSG00000227407",1.91761072087893,-4.0346236622844,0.001761062273508,0.00552701704051885
"ENSG00000073008",0.714258228449263,5.10286640151188,0.00176631996665034,0.00554132504997607
"ENSG00000248103",2.79279980279861,-2.82988540833389,0.00176634138685816,0.00554132504997607
"ENSG00000185269",3.51420903270134,4.55029985943633,0.00176641814594211,0.00554132504997607
"ENSG00000245954",-1.23019392772962,-2.37679319405522,0.00176680840262098,0.00554192422488974
"ENSG00000177910",4.4685446253822,-2.33520580369153,0.00177307409153148,0.00555969669760597
"ENSG00000251615",-0.817515431322586,2.38526008342334,0.0017742930341461,0.00556289168737522
"ENSG00000083290",-0.570035363792307,3.8084763741159,0.00178012084271002,0.00557983201283037
"ENSG00000100079",-1.08285524604311,0.23706348692222,0.00178029803623689,0.00557983201283037
"ENSG00000179862",1.17542312262713,4.38454230026514,0.00178343496387292,0.00558903398875464
"ENSG00000229191",2.08665319415341,-3.76451490822403,0.00178381707334233,0.00558960165174293
"ENSG00000234353",1.06786908201819,-1.28573253444536,0.00179824097718878,0.00563289517947421
"ENSG00000269949",0.916060536028697,-1.82542755156065,0.0018124435385811,0.00567482743876573
"ENSG00000211895",-1.42366679330969,8.61866597836317,0.00181449842891744,0.00568062188242691
"ENSG00000237440",1.62485222627971,3.51762090138754,0.00181619823872622,0.00568530350182245
"ENSG00000233125",3.68108695976124,-0.645246287878505,0.00181651137366258,0.00568564380324977
"ENSG00000127588",2.05573093531763,-3.07484212261877,0.00181844370617687,0.00569105151343504
"ENSG00000234800",1.5537553086608,-3.39028011656868,0.00181920335250588,0.00569264507237051
"ENSG00000228495",-1.29030924949832,-3.00735629195751,0.00181936224241547,0.00569264507237051
"ENSG00000204272",0.580668362132018,5.12523888997297,0.00181989188552172,0.00569366175613223
"ENSG00000279696",0.666113743551479,-0.18117431024519,0.00182085062269581,0.00569602051164531
"ENSG00000173889",-0.527298602788477,4.63909624157107,0.00182152539577724,0.00569749053449757
"ENSG00000187554",-0.77248777720095,2.12782467250411,0.00182307434683135,0.00570169423236482
"ENSG00000267150",1.24047890095836,-2.90001471863181,0.00182455796832696,0.00570569268867526
"ENSG00000232656",1.15133601528286,-2.95259792251582,0.00182640000278575,0.00571081093619786
"ENSG00000232485",0.931077160966593,-2.19733354202877,0.00183180879035494,0.00572707934871199
"ENSG00000275401",1.36093279226076,-3.47867803360624,0.00183477881105194,0.00573572025084722
"ENSG00000083307",0.969432945843215,5.86177468827332,0.00183604238661265,0.0057390252752144
"ENSG00000269560",1.16945629373001,-3.15762706104565,0.0018384608171482,0.00574593894902156
"ENSG00000186897",2.24347138662583,-2.23497586184708,0.00184168891210403,0.00575473471658797
"ENSG00000163611",0.501467273688104,3.88789255098852,0.00184253203682775,0.00575672248262078
"ENSG00000026025",-0.923616453289851,8.45047379461864,0.00184477663856528,0.00576217920483151
"ENSG00000261314",2.54811797065289,-4.24943337570541,0.00184490007618828,0.00576217920483151
"ENSG00000113263",-1.10277260533895,1.44363933954608,0.00184757271435847,0.00576987872270966
"ENSG00000183439",-1.1492385187048,-3.21412616974471,0.00184878668826505,0.00577252181893999
"ENSG00000272945",0.897874637076622,-2.35140507472748,0.00184883415536323,0.00577252181893999
"ENSG00000163701",1.05058387176772,3.81765326723043,0.00184914335145433,0.0057728391552362
"ENSG00000226002",0.902057708104762,-1.99106933486227,0.0018494199310128,0.00577305460620192
"ENSG00000173597",2.27613015634907,1.27734394145809,0.00184965846930467,0.00577315127446647
"ENSG00000148408",3.01251544850011,-0.533563310360729,0.00185059841566363,0.00577543690920699
"ENSG00000253802",5.75676008210392,-3.15300966835534,0.0018516491588724,0.00577679147242221
"ENSG00000179111",1.78871192062663,-2.30967628083577,0.00185165555591428,0.00577679147242221
"ENSG00000214433",1.52718401713149,-3.08598854570973,0.00185213910938176,0.00577765197950145
"ENSG00000273287",1.38581244655677,-2.65388437821268,0.00185434617448868,0.00578333026192775
"ENSG00000244280",2.94903790088783,-2.11546067157986,0.00185437526609397,0.00578333026192775
"ENSG00000236333",2.60716861434334,2.96258934628707,0.00185520018097976,0.00578525424751542
"ENSG00000165259",-0.755919249333693,0.943337616367815,0.001856832102433,0.00578969408800102
"ENSG00000272950",-0.88641725606305,-2.77362624758926,0.00185710212915045,0.00578988695416002
"ENSG00000136950",0.541132265230177,5.58931184789817,0.00185913625216076,0.0057955790833162
"ENSG00000226235",2.11093391080003,-4.18728138128171,0.00186480811182282,0.00581153947297247
"ENSG00000198555",3.72988072893273,-2.53914645067098,0.00186652392856622,0.00581600157127632
"ENSG00000261971",0.778389347871845,2.01920589144203,0.00186687461670488,0.00581644266992415
"ENSG00000271394",3.89308192970082,-1.09773016478786,0.00186979120053283,0.00582422473517971
"ENSG00000259803",2.47960810331358,-1.62683107062469,0.00187139239528352,0.0058282552097743
"ENSG00000269834",1.01923126925266,2.5386784498494,0.00187150423465625,0.0058282552097743
"ENSG00000236481",1.9741254602693,-1.74862874800809,0.00187467994369367,0.00583683793506683
"ENSG00000177519",-1.338598451543,0.635728407954696,0.00187743267981772,0.00584410018173144
"ENSG00000180015",-0.829206316916281,-2.12823378568017,0.00187804248344004,0.00584490308209456
"ENSG00000125458",0.614451377490264,4.66362690122773,0.00187812508735027,0.00584490308209456
"ENSG00000261367",1.85481167500017,-3.71888383835497,0.00187832106381049,0.00584490308209456
"ENSG00000163530",6.05141868269049,-1.57450437428242,0.00187916703639458,0.00584688139425466
"ENSG00000214336",4.65463107610306,-2.1659375185008,0.00188132795728623,0.0058528565805663
"ENSG00000261319",4.985556189101,-2.52594253560692,0.00188150831218651,0.0058528565805663
"ENSG00000139974",0.514008129622273,2.4820000255819,0.00188228812921771,0.00585397291042516
"ENSG00000237418",1.50793567609538,-3.86080028209264,0.00188315144545264,0.00585600303582001
"ENSG00000205111",1.63578317913422,-2.85053463244859,0.0018873827529414,0.00586850491979419
"ENSG00000242208",-0.736773443559151,-3.43042593895579,0.00188867374505747,0.00587186260577726
"ENSG00000252915",1.16909609786525,-3.46387936831849,0.00188925330513373,0.00587300795525701
"ENSG00000171621",-0.578821798019564,4.9470488232616,0.00189160587331447,0.00587966407627351
"ENSG00000280114",3.03724554933109,-3.56388861978009,0.00189483792548859,0.00588849852646452
"ENSG00000224950",0.891956033211067,-0.905142640451739,0.0018948715281292,0.00588849852646452
"ENSG00000227932",4.90118542844287,-2.28056697748922,0.00189950395043832,0.00590223476410915
"ENSG00000163359",-1.02793601623966,8.60284351029146,0.00190149604981094,0.00590714197793986
"ENSG00000117054",-0.564599896892815,4.85019064955392,0.00190150800447616,0.00590714197793986
"ENSG00000130529",0.698676288986269,5.61166855582016,0.00190221023772077,0.00590866354051014
"ENSG00000081985",1.89016308002096,0.77475606746561,0.00190368955060593,0.00591259826588529
"ENSG00000199024",-0.683201354079411,-2.54643702355099,0.00190425937774386,0.00591370769017305
"ENSG00000242110",1.29079164597714,2.96608296845069,0.0019051612288002,0.00591584785716424
"ENSG00000091947",0.516960509571089,4.82257365067421,0.00190608008658587,0.00591804034920883
"ENSG00000259717",1.49363936269819,-3.56098126076558,0.00190707115843475,0.00592045653862547
"ENSG00000269516",2.33313112999818,2.57422552564165,0.00190881228336037,0.00592453922967325
"ENSG00000144792",-0.868009903479922,0.440699743357953,0.00190986913410356,0.00592715802575566
"ENSG00000151131",0.528930578931266,2.97258908491885,0.001910163123809,0.00592740901065487
"ENSG00000268650",-0.978359607539989,-3.67571897083799,0.00191200485224823,0.00593246217710621
"ENSG00000272264",0.974857536869036,-2.23480801365094,0.00191618133819484,0.00594358959144975
"ENSG00000281517",1.05288605748721,-3.06217678426495,0.00191623226068852,0.00594358959144975
"ENSG00000227885",0.968144133655032,-0.90853239546758,0.00191922147096041,0.00595153381333725
"ENSG00000279031",0.734970793709864,-2.18668043477658,0.00191956477933313,0.00595178797302513
"ENSG00000225826",3.25503785874899,-3.72991085988048,0.00192053814195823,0.00595330960864154
"ENSG00000186281",2.0148152834708,2.63984778276257,0.00192214107108544,0.00595726650435697
"ENSG00000064201",-0.990830233274648,-0.599283531008897,0.00192620532188825,0.00596786773060911
"ENSG00000273108",-1.27633189377911,-1.28150352305739,0.00192898529681533,0.00597581511030571
"ENSG00000233610",3.47499364713562,-2.21545230454165,0.0019355242217512,0.00599540429664397
"ENSG00000254503",1.17697351293436,-1.86402575294371,0.00193794024769326,0.00600155128706075
"ENSG00000158764",3.13710765154643,-0.350480892791611,0.00193830879263377,0.00600202432081085
"ENSG00000179456",-0.675012173530118,3.71242244174047,0.00193919006640618,0.00600408475085775
"ENSG00000105664",2.51073062530407,5.73998061141887,0.00194016334610127,0.00600642955755952
"ENSG00000111640",0.618731085485516,11.1522213876612,0.00194286188125423,0.00601411435763204
"ENSG00000120262",-0.84519418399081,-0.324118912988953,0.00194472451438604,0.00601921020683496
"ENSG00000280670",0.76953069331645,0.924244647862496,0.00194581703391401,0.0060219215716313
"ENSG00000179859",0.58566894544555,1.77893705487919,0.00194646323410695,0.00602325121608997
"ENSG00000231170",-1.12796942941861,-3.13185235501456,0.00194672083503447,0.00602337819388294
"ENSG00000264859",1.01071687647631,-1.52119128651483,0.00195176007268473,0.00603695539385904
"ENSG00000272812",0.746107996548959,-1.71419139565184,0.00195320135204048,0.00604050689869445
"ENSG00000161664",-0.588083509774573,-0.224099490186837,0.00195334264721022,0.00604050689869445
"ENSG00000251023",-0.63639976537266,-1.51431679421486,0.0019555066486807,0.00604601503810652
"ENSG00000105609",-1.15550278535857,1.861931790749,0.00195555859787891,0.00604601503810652
"ENSG00000231896",2.57431790760871,-4.27708962927506,0.00195714401568574,0.00604957173908286
"ENSG00000232224",1.41755435883541,-1.25930414205714,0.00196043247074824,0.00605838981210231
"ENSG00000231437",-1.22731512886615,-2.58452781006344,0.00196098590031783,0.00605942682430172
"ENSG00000179059",5.13297327847539,0.0132606424393432,0.00196554089841256,0.00607147812167355
"ENSG00000257513",1.82904172863279,-3.46435685219715,0.00196808571933812,0.00607798890872209
"ENSG00000280183",1.72151792484158,-3.51299609038751,0.00196899415310606,0.00608011928281769
"ENSG00000242950",3.21633024362441,-0.934081617755177,0.00197346293535264,0.00609324207603941
"ENSG00000204632",1.28031103632426,2.26983782464644,0.00197394702450748,0.00609406022784177
"ENSG00000144815",-0.708253719628855,3.38163631381205,0.00197983910425218,0.0061115721427931
"ENSG00000080293",2.57277261607752,-1.68943798574191,0.00198159899571705,0.00611632592030611
"ENSG00000158769",0.74786066931819,7.67741796077675,0.00198417533233334,0.00612359837085964
"ENSG00000117009",1.31098048836933,0.411010173394015,0.00198877962919476,0.00613708204659501
"ENSG00000205885",0.709944937447643,1.73546119829872,0.00198913343000867,0.00613708204659501
"ENSG00000175697",-1.16568297591887,-0.109529417424641,0.00198920629382138,0.00613708204659501
"ENSG00000274956",-1.62978795340093,-2.00825328118251,0.00199246333902807,0.006146448851862
"ENSG00000235076",1.17395944166086,-3.61649597002468,0.00199487222396087,0.00615319742320326
"ENSG00000180745",2.8151249359026,-2.50611498195674,0.00199748764503232,0.0061605814893861
"ENSG00000259321",0.724909806068558,-1.48686612875123,0.00199793515624215,0.00616127846774176
"ENSG00000263235",0.97445663129512,-1.44482843806484,0.00199823379492839,0.00616151624593606
"ENSG00000250490",-1.1997949212189,-3.28171021516632,0.00199877079697492,0.00616248887886746
"ENSG00000251003",1.7017102856709,1.45519010475614,0.00200114282993836,0.00616911832510258
"ENSG00000179431",1.07537490402357,3.24387757243561,0.00200169670895149,0.006170141922428
"ENSG00000254941",-0.81790195423435,-1.90808975650987,0.00200361141987425,0.00617467528210111
"ENSG00000272787",1.03874396338126,-1.23254173107761,0.00200427836170773,0.00617604631887626
"ENSG00000273654",1.040466602851,-1.69583259627656,0.00200570228051656,0.00617974936612464
"ENSG00000263551",2.64384463341356,-3.04416231409671,0.00200891046106107,0.00618746654173155
"ENSG00000135480",1.62245940272728,10.5333895271469,0.00201001934151229,0.00618962222602759
"ENSG00000171365",0.64250963254895,3.11352778942025,0.00201501052715981,0.0062039244182235
"ENSG00000078098",1.58519072711393,3.43498105491418,0.00201524768513798,0.0062039244182235
"ENSG00000280269",1.40766928930476,-2.54873797668134,0.00201533301400961,0.0062039244182235
"ENSG00000227973",0.916814091086175,-3.1460076059804,0.00202190228230551,0.00622276952282428
"ENSG00000161847",0.541949805853261,4.19778585625474,0.00202248202251582,0.00622386506884625
"ENSG00000277363",1.37875927883408,3.82805877473121,0.00202441229966226,0.00622911597416821
"ENSG00000189120",1.36579982710578,4.94894772922401,0.00202560627315719,0.00623170733117893
"ENSG00000101210",2.34918949450544,5.37105183168434,0.00202570258444571,0.00623170733117893
"ENSG00000247402",2.17049234907652,-3.25036405014029,0.00202693059532924,0.00623479547090158
"ENSG00000108641",0.680656538604218,2.61268957734403,0.00202749791258887,0.00623585087281149
"ENSG00000142484",3.009985190338,-3.3355643411772,0.00203143816998468,0.00624658815055654
"ENSG00000136848",-0.559008496429126,5.79551058384952,0.00203428196375699,0.00625421545560392
"ENSG00000272769",1.40664698217156,-3.74835183358453,0.0020349433898834,0.00625517232890561
"ENSG00000240846",3.30629392136429,-4.35937397293998,0.00203512941445608,0.00625517232890561
"ENSG00000224842",3.2796622501256,-4.07612799022298,0.00203692028458821,0.00625952238711357
"ENSG00000197119",0.698625745588982,4.69651697289737,0.00203699482708679,0.00625952238711357
"ENSG00000196659",0.52505538672002,2.25306301840541,0.00204300076809858,0.00627659122535355
"ENSG00000224853",3.46691135685801,-1.98421149020693,0.00204387374581235,0.00627857968768266
"ENSG00000271806",1.23785682366991,-3.26699614912562,0.00204598638990547,0.00628395471993454
"ENSG00000258092",1.44072178504504,-3.55579659768208,0.00204615530200346,0.00628395471993454
"ENSG00000169495",1.8673843080833,-0.6953046559731,0.00204794945450878,0.00628832172424959
"ENSG00000143199",1.79393982996951,-1.23527340502167,0.00206080339602306,0.00632592422424029
"ENSG00000203711",0.986038536793865,-1.25733396469111,0.00206087798496535,0.00632592422424029
"ENSG00000181322",0.948203293587615,-1.74248506525244,0.00206177360999449,0.00632797499611307
"ENSG00000204386",0.578404022152518,6.03024017334558,0.00206257466653605,0.0063297350987937
"ENSG00000243978",3.63638410439714,0.358566796036543,0.0020639654517104,0.0063333044029591
"ENSG00000112245",-0.646805398011013,6.43217635932104,0.00206558102745471,0.00633756261628218
"ENSG00000239969",0.851499094680996,-1.69109456267853,0.00206747497364915,0.00634267388507653
"ENSG00000228201",1.02145999930761,-2.86400319509891,0.00206864724695876,0.00634557029664323
"ENSG00000059728",-0.760167413861305,5.08903383403565,0.0020692630193995,0.00634675919260678
"ENSG00000269662",2.35880834591972,-3.59119018458864,0.00206988215736167,0.00634795814783331
"ENSG00000169246",0.904724776069083,-0.253956051692718,0.00207312189583282,0.00635719286535813
"ENSG00000145244",-0.951204039635344,0.365662814032673,0.00207430407074226,0.00635941568778159
"ENSG00000132470",1.01424555620607,8.68334639503222,0.0020747506054757,0.00636008360962148
"ENSG00000064195",1.98516909315305,2.2386989622739,0.00208173601307439,0.00637875473348518
"ENSG00000115464",-0.609511860529954,5.20807744535208,0.00208175877164797,0.00637875473348518
"ENSG00000180210",3.0823857392378,-0.831148064462639,0.00208435985001222,0.00638531782227005
"ENSG00000280195",0.600833455504021,-0.0532713251405695,0.00208678144214881,0.00639132829539532
"ENSG00000279144",1.20648129993875,-3.6041245311888,0.00209044204044004,0.00640122177041558
"ENSG00000187258",4.0958003031492,-1.07296298398009,0.00209047198578667,0.00640122177041558
"ENSG00000099840",0.917390160971067,1.14724860539916,0.00209467411553503,0.00641338300037162
"ENSG00000215374",-0.908205514875919,-2.23458155410335,0.0020972550595296,0.00642057842275142
"ENSG00000118137",2.61570266782737,-0.20197761899576,0.00209982080237962,0.0064277257293181
"ENSG00000226167",0.864431039337519,-1.88869606126519,0.00210627553209386,0.00644606529204736
"ENSG00000258604",2.23899192476522,-2.14786676969803,0.00210796778499216,0.00645053449268202
"ENSG00000227579",2.84202783271203,-3.66137484509274,0.00210854825712364,0.00645103119042301
"ENSG00000279786",1.32654234807164,-2.4486861040721,0.00210859398670174,0.00645103119042301
"ENSG00000160472",1.29106163878029,-2.78414590020357,0.00210966724517538,0.00645289509403528
"ENSG00000137868",1.56008786015077,3.51217190851858,0.00211092065444677,0.00645601893139742
"ENSG00000222004",2.82731243451286,-2.89139296583553,0.00211434894660405,0.00646508215170386
"ENSG00000249042",0.691154940554155,2.30412589897581,0.00211494375524494,0.00646619002579175
"ENSG00000226053",4.34076017358205,-3.83461303698133,0.00212459174607838,0.00649243746435643
"ENSG00000231940",0.849752324459232,-2.53797210764926,0.00212674593995311,0.00649798800702142
"ENSG00000183185",3.11022069846134,-2.19334063519638,0.00213347777074131,0.00651784020624208
"ENSG00000163568",1.98017691490961,3.93556648505654,0.00213486681504714,0.00652136746039605
"ENSG00000250584",3.36445060794851,-3.38922465881086,0.00213580218869004,0.0065235082664217
"ENSG00000251369",0.540529887380616,2.68047502347715,0.00213900962810195,0.00653187031032054
"ENSG00000102144",0.662055084107732,8.40948334563523,0.00214189542531235,0.00653933505386434
"ENSG00000259577",-0.666551118747541,-1.29227311953301,0.00214252662616903,0.00654045582851928
"ENSG00000239291",1.32151301993662,-3.61589252454913,0.00214453938308648,0.00654588167930029
"ENSG00000177058",0.526335457337014,3.06245038026851,0.0021488119149966,0.00655768272635117
"ENSG00000126878",-0.988268607167886,3.53279095394577,0.00214891415442185,0.00655768272635117
"ENSG00000160224",3.95222134890056,0.563392900960927,0.00214911293462377,0.00655768272635117
"ENSG00000231327",1.08407763707812,-1.2282950914823,0.00214992943499808,0.0065588131798647
"ENSG00000157870",0.637141130949605,4.88669964284344,0.0021499550483884,0.0065588131798647
"ENSG00000235621",-1.52950374874316,-2.63286782292277,0.00215380252423051,0.00656899093200338
"ENSG00000139278",-0.840460717093768,3.766618899199,0.00215399983100963,0.00656899093200338
"ENSG00000213601",1.34307795862643,-3.79232428406234,0.00215481310184362,0.00657044841256508
"ENSG00000261455",0.607546913998103,1.64752794219511,0.00215495021822237,0.00657044841256508
"ENSG00000106689",2.39676324274686,-0.623766037443728,0.00215629545273268,0.0065738293792452
"ENSG00000235277",3.14951497209804,-0.595017066504276,0.00215753315554877,0.00657688181228386
"ENSG00000135299",-0.594675955687086,2.37777269348659,0.00215859806031043,0.00657899270350246
"ENSG00000139200",-1.10725399046235,-0.00808762182128163,0.00216086601411168,0.00658487635044243
"ENSG00000242615",0.787611662821701,0.510504924993967,0.00216207957537115,0.00658713103623594
"ENSG00000242571",-0.704695643026795,-2.82884462991689,0.00216378087616005,0.00659159227915
"ENSG00000267852",-0.863037613113972,-3.49338918597729,0.00216526892487755,0.0065946807498488
"ENSG00000081870",0.515062889236021,4.14146247308376,0.00216740128854354,0.00660045242946037
"ENSG00000242338",0.705773839001839,-1.35133879601847,0.00216939657172366,0.00660580543566346
"ENSG00000196381",-0.946323104951484,0.227334219809823,0.00217160668533986,0.0066118113562515
"ENSG00000102104",1.86594521140536,-2.34840910357272,0.00217205869278885,0.00661246370649478
"ENSG00000124549",0.532241159672742,1.31306193756666,0.00217488795365428,0.0066203522660596
"ENSG00000242276",-0.832035902856145,-3.55533412870117,0.00217579651416572,0.00662239313290559
"ENSG00000218996",1.29227382758404,-3.65774284657217,0.0021805160259493,0.00663603153843178
"ENSG00000124143",1.59811200730626,3.52799385204259,0.0021809718283154,0.00663669250119653
"ENSG00000278727",-0.804566742163696,-1.30932874911789,0.00218165463614191,0.00663804402089649
"ENSG00000198563",0.561060452542743,5.89505068362092,0.00218372732419668,0.00664362372214857
"ENSG00000134250",-0.606659405375401,6.0670973339682,0.00218778805423755,0.00665524982527716
"ENSG00000277311",2.62431492743765,-2.59155172436894,0.00218886767606295,0.0066578058480248
"ENSG00000225163",1.17759705430975,-3.6807420196643,0.00219177278252458,0.00666591322037794
"ENSG00000154743",0.683710494452902,3.56642998728119,0.00219378218227249,0.00667129497436526
"ENSG00000214772",1.32673189433921,-1.83786782370767,0.00219705383203039,0.00667978336579155
"ENSG00000220804",-0.512841663560344,-0.676537086517536,0.00219837349442373,0.00668306503447449
"ENSG00000074181",0.724486694597832,7.5253745765856,0.00219880871208655,0.0066836575638539
"ENSG00000097021",0.717076986535102,5.2156891659025,0.00220001175480242,0.00668658364510105
"ENSG00000146067",0.569180751171505,4.99533001414991,0.00220027183593547,0.00668664341923878
"ENSG00000271815",1.057275487478,-3.02960368295794,0.00220226836560424,0.0066919796845352
"ENSG00000227467",-1.11858329649893,-1.16003870069954,0.00220775493892781,0.00670645348584527
"ENSG00000101812",2.92540000822118,-2.99882452303005,0.00221222988226275,0.00671931306272511
"ENSG00000233217",1.7810446900685,0.315994880041516,0.00221311708830698,0.00672127381274101
"ENSG00000256007",3.30817754386702,-3.73870411883765,0.00221794933580719,0.00673521398371061
"ENSG00000235319",0.918330708780018,-3.50962712359967,0.0022218710419111,0.00674638638522635
"ENSG00000273448",0.840349181162446,-1.74892329806958,0.0022254814581275,0.00675661126458903
"ENSG00000236449",2.06429216181361,0.781314994586522,0.00222661911518432,0.00675932737946099
"ENSG00000250021",-0.720448719270074,-2.6883796027766,0.00222734742591559,0.0067601966039079
"ENSG00000261101",-0.788781157491395,-2.81775349497162,0.00222739156790753,0.0067601966039079
"ENSG00000255650",1.5719399682244,-2.93911538338965,0.00223167109333662,0.00677166128168277
"ENSG00000277901",1.53400814539217,-2.55347459937947,0.00223189943440787,0.00677166128168277
"ENSG00000235499",1.11812571532213,-0.731869019940628,0.00223383980503547,0.00677680917293321
"ENSG00000114902",0.547104534007543,6.41854999427853,0.00223787603019761,0.00678831345052745
"ENSG00000280239",0.759907739130132,0.179097077331641,0.00223837792685823,0.00678890082412061
"ENSG00000252010",4.52554847164469,-0.243780749872477,0.00223855784913566,0.00678890082412061
"ENSG00000229278",1.18735437540979,-2.13677683324976,0.00223944719422067,0.0067908574806868
"ENSG00000118271",5.12640409260551,3.54252173830981,0.0022425407707222,0.00679949705179293
"ENSG00000235530",0.924741758089403,-2.06497512460828,0.00224290095511005,0.0067998478596551
"ENSG00000225399",-0.9350191783369,-3.23120836908889,0.00224382586765807,0.00680116923029359
"ENSG00000227963",0.669610099037422,-1.74768836229493,0.0022460390193759,0.00680677172775462
"ENSG00000277476",0.634010476665344,1.65740725450764,0.00224616369745557,0.00680677172775462
"ENSG00000166922",1.28626772273365,1.6044772021263,0.00225009512858109,0.00681794267471685
"ENSG00000214076",2.14600954128513,-1.11864346690571,0.00225128652841267,0.00682080960944899
"ENSG00000271631",1.13797341450984,-2.67439120916015,0.00225365439878121,0.00682723992956124
"ENSG00000139174",-0.984990945616116,2.02484727080422,0.00225533670355567,0.00683084827790415
"ENSG00000198406",-0.741894038616818,-2.28933038399957,0.00225610536513239,0.00683243233018589
"ENSG00000229759",1.30975303450066,-3.18339994297767,0.00226164482279346,0.00684771690141023
"ENSG00000230450",2.46254042581131,-4.16713335741936,0.00226591161271893,0.00685914232526684
"ENSG00000259868",1.90643184452765,-1.81049515460448,0.00226922647726652,0.00686842921016583
"ENSG00000250251",-0.670521402063957,1.40903035280006,0.00227015627633645,0.00686974828786267
"ENSG00000104825",0.551438344700798,4.8485224905654,0.00227705777623018,0.00688838459106918
"ENSG00000107859",1.78608631920062,-3.89487862426544,0.00228360553804206,0.00690744109076278
"ENSG00000198648",-0.521276352786089,4.99871888835239,0.0022857318441431,0.00691312089834188
"ENSG00000233396",0.952449072632223,-1.07571303392769,0.00229392993824251,0.00693716139744907
"ENSG00000185519",1.46220509664503,-0.168483398489898,0.00229927174577483,0.00695104837665601
"ENSG00000063241",0.561223163759214,5.56747918144294,0.00230007971085223,0.00695273524594425
"ENSG00000184956",2.99875515602899,0.621733037401833,0.0023005447239653,0.00695327104112694
"ENSG00000276250",0.947754403004896,-2.57829980715598,0.00230075696226553,0.00695327104112694
"ENSG00000223825",-0.760171178329773,-1.32087349091309,0.00230235803201667,0.00695735375320291
"ENSG00000042781",2.50946619835486,-0.108005166211021,0.00230278112024777,0.00695787629521469
"ENSG00000069020",-0.660631950758297,5.72547865562491,0.00231048055753715,0.00697962373702408
"ENSG00000271725",-0.95659707398857,-3.97657670422343,0.00231182645395061,0.00698293105600872
"ENSG00000139890",0.837785378116303,-0.871114683653335,0.00231484225140051,0.00699128108787081
"ENSG00000229719",1.83267300235779,-3.09783852150238,0.0023159831985081,0.00699396750272594
"ENSG00000152672",-1.12561355088009,-1.92040743283758,0.00231825557750604,0.00700006974022097
"ENSG00000250539",0.779045624674546,-0.739653218124908,0.00232777153908388,0.00702651506582809
"ENSG00000275383",1.40527129788256,-3.13450279441226,0.00233350230904077,0.00704304934577873
"ENSG00000275092",1.18288454176992,-3.00468159392825,0.00233976053412075,0.00706117184629995
"ENSG00000250590",3.23350765507651,-3.16162206100675,0.00234185028456752,0.00706615915057829
"ENSG00000132703",5.51072027621374,-3.33808936711164,0.00234192122568693,0.00706615915057829
"ENSG00000101323",3.82104483352955,-4.08409704463192,0.00234400757857229,0.00707168703577733
"ENSG00000234263",1.03450392856511,-2.28411673394825,0.00234511961984902,0.00707427461896539
"ENSG00000275029",1.2510235552202,-2.84686250988575,0.00234737852514779,0.00708032088926749
"ENSG00000240006",1.70755361787557,-2.84089394542958,0.00234819666942936,0.00708202059931021
"ENSG00000268070",1.69003250252278,-3.42746587252204,0.00235472753836695,0.00710094730831618
"ENSG00000236617",1.0297636036281,-1.99741021912605,0.00235538797320917,0.00710164025950346
"ENSG00000182492",1.23074842739402,8.13086107613462,0.00235546799676121,0.00710164025950346
"ENSG00000143994",1.05886478018257,-1.11153181603751,0.00235584126341254,0.00710199577924269
"ENSG00000232874",1.10747018152371,-2.28499424998356,0.00235692673083966,0.00710449801287997
"ENSG00000128052",-0.703029775358149,3.75351797708979,0.00236265271222981,0.0071202145286865
"ENSG00000166743",-0.985328439881224,-0.488252720164057,0.00236661999609776,0.00713139782789459
"ENSG00000228651",1.99713077320324,-2.77103498693863,0.00236914845674276,0.00713824353021193
"ENSG00000236651",2.70533325318018,-3.9985945768185,0.00236944021601603,0.00713834929896596
"ENSG00000281468",0.8743946695956,-0.655284423917055,0.00237250826034754,0.0071460442110728
"ENSG00000177335",1.49320851443293,1.27530340248849,0.00237772218357862,0.00715942265799199
"ENSG00000166510",1.14102433328304,1.85236817234979,0.00238101006574658,0.00716854654239116
"ENSG00000233017",1.62021844212777,-2.74928768516826,0.00238170234320601,0.00716925740481754
"ENSG00000269656",-0.67953015453311,-2.99251243257412,0.00238176170929112,0.00716925740481754
"ENSG00000115271",0.584320649900554,3.72684130594874,0.0023839934603201,0.00717519858369038
"ENSG00000155622",6.13412405538128,0.163340858982536,0.00238526813753621,0.00717825824597432
"ENSG00000234142",1.65597526746058,-3.28281145860515,0.00238774250950697,0.00718492723324866
"ENSG00000054277",0.949229582979026,2.26843387219448,0.00238884184871884,0.00718745763072449
"ENSG00000259030",-0.950715283598814,-1.76424250315671,0.00239009969574583,0.00719042587769955
"ENSG00000255874",0.915843494516478,2.26709369935124,0.00239034543793226,0.00719042587769955
"ENSG00000134376",-1.38853785260216,-3.65056106422027,0.00239680002350515,0.00720906229628516
"ENSG00000159224",2.69335241995546,-3.92827458716481,0.00239828933998367,0.00721276183098679
"ENSG00000184434",2.28919985180184,-1.75256444154451,0.00239970976569821,0.00721625340181255
"ENSG00000138315",1.52135514837135,-2.39861436165304,0.00240282219350513,0.00722483174788737
"ENSG00000163810",1.51986439267301,-2.45384259752924,0.00240370302687012,0.00722669898241688
"ENSG00000137693",-0.679765067128212,6.52524720090213,0.00240507368848446,0.00723003831580396
"ENSG00000212789",-0.643982491384336,-2.67384138365452,0.0024077588618872,0.00723732813419095
"ENSG00000267778",1.54411604199333,-3.63399855416542,0.00241431153605994,0.00725545615909617
"ENSG00000147894",-0.527168136390483,2.93981356540493,0.00241794181018733,0.00726558076563746
"ENSG00000151834",-1.71192903673245,-2.53371062015757,0.00241984139677175,0.00727050326978639
"ENSG00000259293",2.11083236094581,-2.7179751403929,0.00242316001266669,0.00727968777622583
"ENSG00000273254",0.823660954295096,-2.92254875902741,0.00242410308480287,0.00728118113279222
"ENSG00000183269",6.38459022490602,-2.30720098326331,0.0024241806813237,0.00728118113279222
"ENSG00000257337",-0.536853832233375,1.7940053364971,0.00242736229314325,0.00728837606166396
"ENSG00000256166",2.85289380337041,-3.86465460903543,0.00243166220449137,0.00730049880111382
"ENSG00000250011",1.26764821111149,-3.45611361646568,0.0024328532834865,0.00730328638679007
"ENSG00000070915",2.79396572892298,0.374594763475021,0.00243322105070669,0.00730360210266621
"ENSG00000174808",-0.890592205045179,2.17101260645624,0.00243453034546839,0.00730674355222967
"ENSG00000275763",-0.875840127530832,-2.70500577248578,0.0024374702098354,0.00731398845033466
"ENSG00000236675",0.805136203678675,0.638757652322605,0.00243803526896765,0.00731489481508062
"ENSG00000179242",-1.10246084664397,-1.26524037077181,0.00243918892354337,0.0073175667706301
"ENSG00000152430",1.88694292102577,-3.50594667469338,0.0024412281915146,0.00732289470347233
"ENSG00000120256",0.640470641726988,6.16139028846068,0.00244789999280258,0.00734211608970324
"ENSG00000267530",1.76793070781076,-1.65947409608963,0.00244894544828401,0.00734324984813117
"ENSG00000171560",5.43441307959168,0.0205682310866859,0.00244931994576346,0.00734324984813117
"ENSG00000265018",1.45885977323063,-1.12248587884323,0.00244933408266325,0.00734324984813117
"ENSG00000261821",1.98762179861616,-1.82927377434487,0.0024526824388726,0.0073517034887772
"ENSG00000140600",-1.65668178311782,-0.30701566650764,0.00245499765548088,0.00735785019309158
"ENSG00000273102",1.61924299278363,-3.83812238075094,0.00245874978132875,0.00736830165586646
"ENSG00000271826",1.26959848467033,-1.85261075195324,0.00245967082643293,0.00737026768967671
"ENSG00000124491",-1.26186790673696,4.82750196758742,0.00246021484840758,0.00737110369263816
"ENSG00000214243",0.988447918476518,-2.05454910585428,0.0024611346632525,0.00737306531549351
"ENSG00000176236",0.650077132515971,-2.1746818403928,0.00246327245013277,0.00737867492251404
"ENSG00000276715",1.92806764162493,-1.05440874948532,0.002463652549759,0.00737901877734731
"ENSG00000158525",1.4981087541325,-1.63740311960244,0.00247370137985252,0.00740592642387925
"ENSG00000131203",2.33848465899354,5.03238588822559,0.00247437623806768,0.00740714953281415
"ENSG00000147044",0.532306144032982,5.37203483189809,0.00247605388420084,0.00741057642109954
"ENSG00000268412",0.929455196529076,-3.10235969233317,0.00247683796935144,0.00741212550479574
"ENSG00000269293",-0.62771985490118,1.7338198465128,0.00247795068855948,0.00741465761171649
"ENSG00000259823",2.74405034686795,-1.0825291562472,0.00247872726820236,0.00741618346713773
"ENSG00000147127",-0.548375734875477,-1.62946267252762,0.00248035009709396,0.00742024064219366
"ENSG00000163393",0.850194278476517,2.04528672293075,0.00248265670956404,0.00742634233847113
"ENSG00000204528",2.0929840643187,0.607868032959798,0.00248923213660461,0.00744441004466496
"ENSG00000223956",1.88093212700373,-1.57709076631629,0.00249052182822998,0.00744666562121698
"ENSG00000147381",4.47515319386207,4.19243641014006,0.00249138138725512,0.0074484349697653
"ENSG00000105976",0.917103521790326,6.02874081545574,0.00249254914540615,0.00745098429513614
"ENSG00000163632",-0.757133314509385,-3.01853084748246,0.00249276988696803,0.00745098429513614
"ENSG00000129595",-0.711235348837182,2.2883034175945,0.00249522308717333,0.00745751555163893
"ENSG00000090661",-0.998167969643559,3.6639677011868,0.00250019152478021,0.00747032659406388
"ENSG00000229689",1.07306041330729,0.641057402982176,0.00250195813645154,0.00747443197090513
"ENSG00000181690",1.14253946831515,2.18725351878926,0.00250560056429588,0.00748450955802397
"ENSG00000199038",1.42403884327556,-3.06675598229469,0.00250688952383845,0.00748755566221207
"ENSG00000226377",0.836281150073474,-2.12008355615278,0.00250930201866314,0.00749315192667791
"ENSG00000257335",2.26315985481962,1.02516072281239,0.00251078274720431,0.00749676871153984
"ENSG00000229413",0.633679789659669,-0.261905352943723,0.00251773041215977,0.00751670630671959
"ENSG00000278385",1.11368224066141,-1.19446505471241,0.00251825427182991,0.00751720479739694
"ENSG00000120437",0.608439155093076,4.48438783908781,0.0025184379355749,0.00751720479739694
"ENSG00000186577",0.521964861004584,4.26135628932399,0.00252200125849976,0.00752622542946931
"ENSG00000161981",0.509941223755684,4.46036079002446,0.00252319419108458,0.00752897758144356
"ENSG00000250343",3.10584767032005,-0.860493142619072,0.0025246348659214,0.00753085258750234
"ENSG00000211753",-1.08989290997057,1.79906303125773,0.00252585784542439,0.00753278261995587
"ENSG00000260877",2.42546935554274,-0.134567295813968,0.00252609439817094,0.00753278261995587
"ENSG00000152670",2.13649974184815,-3.70304719138587,0.00253876408672448,0.00756894045922049
"ENSG00000137872",-0.996418516393393,0.837263367636481,0.00253958684687286,0.00757058188339495
"ENSG00000272710",2.71505525203289,-1.57525960617833,0.00254007512916333,0.00757122597443144
"ENSG00000261122",4.47552574097717,-3.62691192337235,0.00254688438980149,0.00758989558915129
"ENSG00000250072",1.54752938671587,-1.91902839225094,0.00255237070839817,0.00760543030990768
"ENSG00000168748",2.40320032947266,-3.20740250684905,0.00255427856168698,0.00760954656920929
"ENSG00000132855",1.73986741512323,-2.29345697576745,0.00255432066375238,0.00760954656920929
"ENSG00000165905",1.43275253918476,4.43360538532278,0.00255481014664617,0.00760954656920929
"ENSG00000102794",2.72520988057047,-3.59143493148727,0.00255484650570871,0.00760954656920929
"ENSG00000281358",1.02569998410503,-2.24003711697,0.00255593412925956,0.00761197086809038
"ENSG00000182601",-1.8940954578875,-1.4212056580439,0.00255681830063745,0.00761378880038858
"ENSG00000255198",0.956226094648776,1.99743934622809,0.00255831726683284,0.00761743690637209
"ENSG00000256745",0.711340005186761,-1.57607458231659,0.00256072098130189,0.00762310315984495
"ENSG00000019991",-1.31730262777014,2.51824375430304,0.00256076844721646,0.00762310315984495
"ENSG00000125398",1.46964341105629,4.89722249204294,0.00256192378835858,0.00762572627628607
"ENSG00000212766",1.56690911079426,-2.77077616097186,0.00256707527634367,0.00764024233932011
"ENSG00000258450",1.13003899503417,-3.54459715754909,0.00256743571092603,0.00764049747784995
"ENSG00000258900",0.671451740675717,-0.517309412991579,0.00256826972059553,0.00764216173520096
"ENSG00000175894",2.58291396065294,-0.928332728552585,0.00256943498347492,0.00764399349613734
"ENSG00000280106",0.835821512740325,0.65385138829098,0.00257033386885873,0.00764584982829603
"ENSG00000254248",1.39659441451734,-3.80691032520464,0.00257291600063612,0.0076518940040304
"ENSG00000166866",2.17187089112763,-0.811752988906069,0.00257538311665543,0.00765841234080375
"ENSG00000272024",0.877617634166146,-2.22728266680264,0.00257643604712294,0.00766072437231456
"ENSG00000268223",3.11481988520111,-2.9302923213129,0.00258101648982456,0.00767101029888474
"ENSG00000147324",-0.612824214504661,4.22290516618272,0.00258110181924145,0.00767101029888474
"ENSG00000175229",3.36893877808109,-2.49543721614428,0.00258121905384152,0.00767101029888474
"ENSG00000253955",-0.805571577572221,-2.9515145470428,0.00258145138269702,0.00767101029888474
"ENSG00000105889",2.24689994456612,0.437829252956104,0.00258171593904277,0.00767101029888474
"ENSG00000069122",-0.700411200390246,3.84132189952615,0.0025818260312753,0.00767101029888474
"ENSG00000232259",1.60788002939827,-2.87519082264672,0.0025837305360839,0.00767584889981859
"ENSG00000178718",0.840901808754516,4.08287165149259,0.00258702165154101,0.00768480542500376
"ENSG00000238061",1.13973878965974,-3.59722964792445,0.00258788880422891,0.00768625962398521
"ENSG00000198182",0.695311061386809,2.57406320728787,0.00258806390459934,0.00768625962398521
"ENSG00000179588",0.579033482298148,2.74420876066118,0.00258917180143427,0.00768828425356828
"ENSG00000115457",-1.12081472692411,5.90312640662762,0.00258929847924259,0.00768828425356828
"ENSG00000279675",-1.36696800618842,-4.19482865588405,0.00259238181138986,0.0076966177754255
"ENSG00000261269",-0.624656892009405,0.40698534982954,0.00259318217293966,0.00769817224634121
"ENSG00000189064",6.97119655547087,-1.66018681450689,0.00259509695526352,0.00770303432409223
"ENSG00000222019",0.78536186474946,-0.431017846269324,0.00259713485200006,0.00770826076605248
"ENSG00000271874",0.933893680181446,-3.0082706048918,0.00260440342640873,0.00772773192016252
"ENSG00000242516",1.27706319482727,1.27158506926,0.00260477661823178,0.00772773192016252
"ENSG00000254192",-1.30901570495901,-3.76388086076605,0.00260852228676396,0.00773685908677359
"ENSG00000226632",1.50954285955404,-3.79490360279011,0.00260873745963503,0.00773685908677359
"ENSG00000157657",0.808685880055091,3.5959205595346,0.00260899584276595,0.00773685908677359
"ENSG00000104818",3.5780494301781,-4.20629484809336,0.00261073437796911,0.00774118925953676
"ENSG00000260086",0.897978611943473,-2.24659236661177,0.00261273779450476,0.00774574163855287
"ENSG00000273888",0.812476108869242,-1.17094193725956,0.00261282666569241,0.00774574163855287
"ENSG00000137674",4.20801542597157,-3.52920373632186,0.00261452736422053,0.00774913145578279
"ENSG00000176293",-1.0205376426977,1.33761977092194,0.00261604335573248,0.00775279849259324
"ENSG00000213013",1.38497053173498,-3.46498019050201,0.00261708009287363,0.00775504460079845
"ENSG00000147246",2.1342700137459,0.500001816974094,0.00261993269555764,0.00776184363672185
"ENSG00000269706",4.29809217838155,-4.13318907379975,0.00262097336497856,0.00776368442416332
"ENSG00000224032",-0.520293052411202,3.44150448682184,0.00262111231233213,0.00776368442416332
"ENSG00000270823",1.59180225874958,-3.17410924640888,0.00262762489682207,0.00778048879541279
"ENSG00000259315",0.891366842829437,-1.6066633782582,0.00262938679750979,0.00778487704908876
"ENSG00000258918",3.3599336883727,-3.32524182961902,0.00263012635673642,0.00778623782436508
"ENSG00000268520",1.20947472321693,-3.54015265981346,0.00263237314161169,0.00779205983265708
"ENSG00000162545",1.13731594361544,6.7451066591792,0.00263490208166155,0.0077987157174899
"ENSG00000265222",1.11874469031297,-3.04037455161452,0.00263970894376873,0.00781128043973186
"ENSG00000149257",0.66253842278531,7.76112338193981,0.00264124649824978,0.00781499881444905
"ENSG00000227218",-0.871976913471604,-0.708650374213454,0.00264365028475865,0.00782127915859934
"ENSG00000232109",3.55973506510185,-1.71694685306504,0.00264814782576169,0.00783375191213678
"ENSG00000226332",0.947523426976147,2.0539683755331,0.00265091919204005,0.00784111618506965
"ENSG00000228295",5.06957493944027,-1.16304265763329,0.00265590994464859,0.00785504288499695
"ENSG00000268560",3.20491587308896,-1.72124001027767,0.00265655845365192,0.00785612549403731
"ENSG00000174004",-0.790958799229663,1.55288785624587,0.00265702687928754,0.00785667537674084
"ENSG00000177932",-0.806123518240824,1.36015925332989,0.00266139416082695,0.00786808080198524
"ENSG00000246223",-1.17168197130323,-1.03329619511099,0.00266170854596504,0.00786808080198524
"ENSG00000272502",1.95976832984609,-0.117829767569173,0.00266173272447701,0.00786808080198524
"ENSG00000197448",0.509484573385176,6.78350736041296,0.00266399079608592,0.00787391881100293
"ENSG00000234709",0.835584084174791,-2.60811299501622,0.0026662086042899,0.00787947676066907
"ENSG00000274695",1.27194108258521,-3.74218167222701,0.00266643782660688,0.00787947676066907
"ENSG00000023697",0.530044593992389,4.42296714778802,0.00266746355957163,0.0078816704538793
"ENSG00000213830",0.73645568943854,-2.39739538995814,0.00267436400179232,0.00790122009579879
"ENSG00000213976",1.18191374137566,-0.65364965570998,0.00267503730443836,0.00790236989361064
"ENSG00000070718",0.50895281788987,4.21911986844973,0.00267613260912036,0.00790476595767467
"ENSG00000179813",-1.44753499568248,-4.06589328180118,0.00267821729336643,0.00791008363389619
"ENSG00000120332",2.32793468779859,0.433223175472842,0.0026802834178015,0.0079128248274401
"ENSG00000270761",1.15008971146391,0.344161039085384,0.0026823545690153,0.00791725858304389
"ENSG00000179774",1.47857801605597,-2.5933181736698,0.0026834837601394,0.00791963637678372
"ENSG00000151655",2.04093804096216,-0.644083301875136,0.00268372965344215,0.00791963637678372
"ENSG00000134365",2.45062281172743,-2.47266971923283,0.00268565351017308,0.00792447284939995
"ENSG00000229111",0.872298713593414,-3.4264874130753,0.00268821523834917,0.00792998115408658
"ENSG00000158427",0.982470686342135,-1.40288699868177,0.00268837566252768,0.00792998115408658
"ENSG00000214176",0.599470168208588,3.8723165187697,0.00268916071286341,0.00793145566350689
"ENSG00000185250",-0.681735673537911,0.225489131811484,0.00269180044054739,0.00793839949665407
"ENSG00000151694",0.711635676277361,4.68078476581382,0.00269432875913884,0.00794417107791037
"ENSG00000130821",1.13646809526492,6.82367302144827,0.0026952846173072,0.00794563601864347
"ENSG00000138311",1.66223634110204,2.07538563353127,0.00269539696673862,0.00794563601864347
"ENSG00000108878",2.78752974945467,-3.8506343113329,0.00269786635985531,0.0079520726013836
"ENSG00000271670",1.48976612759634,-3.68025161214125,0.00270319058010269,0.0079669216492949
"ENSG00000260704",2.01983815338066,-1.29201782043803,0.0027035956807451,0.00796727131474503
"ENSG00000233682",2.09710264476749,-2.70846398813922,0.00270530899669627,0.00797104864754049
"ENSG00000160886",1.45264207623011,3.55665978301032,0.00271379834446039,0.00799381888081431
"ENSG00000148848",1.36251461594485,4.45085680592166,0.00271432874952038,0.00799381888081431
"ENSG00000203497",-0.567028116710724,-0.233058393181653,0.00271473742578439,0.00799417596859093
"ENSG00000173210",-0.814041741788022,4.64867447999877,0.00271539769292186,0.00799527377019221
"ENSG00000233912",1.15268282572112,-2.64083443021201,0.00271865519615226,0.00800401788616309
"ENSG00000255571",1.73993545776923,1.35377142432,0.00272224179980188,0.00801372895616953
"ENSG00000240668",1.01998345089541,-1.17526130622454,0.00272631352408708,0.00802401672438455
"ENSG00000237061",-1.66621800392666,-3.82864838311057,0.00272920203027127,0.00803166819044915
"ENSG00000260807",-0.917843998525586,-0.467085033240841,0.00273196808911974,0.0080381073164802
"ENSG00000204740",-1.24614914709985,-2.17177860732446,0.00273263414747767,0.00803869852821907
"ENSG00000196604",1.78554872421012,-2.34925774730755,0.00273654279759555,0.00804882660339067
"ENSG00000140323",1.35654122106343,1.75709655873231,0.00273676889182273,0.00804882660339067
"ENSG00000238840",2.33292521852777,-3.12050150763458,0.00273949252957695,0.0080551332831297
"ENSG00000263627",0.999256688668944,-2.54694959789177,0.00274146737711962,0.00805946461033448
"ENSG00000088836",1.1339149879303,4.13533690752616,0.00274154512919766,0.00805946461033448
"ENSG00000280816",0.757981518177487,-1.40686783528968,0.00274326443774607,0.008063352833722
"ENSG00000140464",0.622284208345759,6.29695973879289,0.00274344759161224,0.008063352833722
"ENSG00000181649",-0.787652605863867,4.31898026353978,0.00274730275143393,0.00807383045494843
"ENSG00000233379",4.67666408698387,-2.14924840434625,0.00275141752397348,0.00808506873684886
"ENSG00000266980",1.12026471198972,-3.30872793480311,0.00275692585514709,0.00809919606409925
"ENSG00000132541",0.588790680892867,3.69430357217828,0.00275709877880458,0.00809919606409925
"ENSG00000226026",-0.866627812389801,-2.44383502128895,0.0027581877859878,0.00810153943306353
"ENSG00000077063",-1.2643651096628,2.08306920620745,0.00275864136523212,0.00810201608143622
"ENSG00000255408",-1.24631978312145,-2.253851177823,0.00275924403039108,0.00810293044211457
"ENSG00000166289",1.12029699402076,4.73878572903267,0.00276083063397077,0.0081058780135785
"ENSG00000272942",2.49674830621443,-3.89504075250158,0.00276417725833253,0.00811484716972794
"ENSG00000135973",1.82071468414263,-3.74099283030446,0.00276540895642389,0.0081167496100694
"ENSG00000213862",-0.691072906060427,-1.20733610166244,0.0027727229222309,0.00813564116847853
"ENSG00000169136",0.69417813490286,5.38265142020322,0.00277323983259073,0.00813629952150275
"ENSG00000137959",1.48738557651571,4.98560282216681,0.00277513266335206,0.00814099406874917
"ENSG00000176834",0.714024946074852,4.99685373270519,0.00278065341640206,0.00815546909948229
"ENSG00000033178",0.579119410799734,5.5891590033514,0.00278464857908009,0.00816548009618239
"ENSG00000253898",5.3217028373522,0.447730619197871,0.00278541364458961,0.00816684690037644
"ENSG00000233588",0.947290337723181,-3.21924311936032,0.00278909975868924,0.00817679262026182
"ENSG00000276399",8.08801205509793,-0.504208502946639,0.00279407347596307,0.00818964754842037
"ENSG00000259124",-1.0437517512876,-3.69093504680871,0.00280130871861935,0.00820998939841518
"ENSG00000255458",0.759548075311468,-1.66021614742264,0.00280340492111775,0.00821526720799156
"ENSG00000236914",-0.7397409090504,-1.61849281380158,0.0028048191257636,0.0082176798003648
"ENSG00000259891",-0.508711261988114,0.688786128822108,0.00280658907092238,0.00822199935006994
"ENSG00000132010",0.585416766021433,-0.838235758411222,0.00281036294036716,0.00823218793685431
"ENSG00000185522",0.871421276076624,1.47198700872685,0.00281280637642094,0.00823847764820932
"ENSG00000137161",0.529755697543535,6.05301038438535,0.00281507073548351,0.00824424158850194
"ENSG00000213344",3.28422074538291,-3.54432400795508,0.00281954857013312,0.00825648603717757
"ENSG00000270532",-0.849621234821717,-3.62033698948723,0.00282314763348512,0.00826441481213784
"ENSG00000084453",2.5054232414469,0.635656457554991,0.00282352538313756,0.00826465075575721
"ENSG00000174145",-1.43687883640396,-1.3495437054691,0.00283045698715429,0.00828232511138583
"ENSG00000182264",1.26170999970424,-1.90605056508136,0.00283085885293131,0.00828262963145157
"ENSG00000279631",-1.02395119050293,-1.63700344420774,0.00283119199934546,0.00828273304699645
"ENSG00000141255",-1.59004447307236,-4.05635649447825,0.00283291407645374,0.00828689936983674
"ENSG00000256898",1.92637475467871,-3.17635077401124,0.00283596765430624,0.0082949593405426
"ENSG00000269693",0.583413983613926,-0.525460347408743,0.00283730081260134,0.00829798606739023
"ENSG00000102174",1.37967604413243,0.630686010638787,0.0028390082608983,0.0083012338898617
"ENSG00000215126",0.613248918221027,1.0046529325287,0.0028426603376589,0.00831016522717123
"ENSG00000233621",0.706486555373636,2.17371644272511,0.00284305484680367,0.00831044502933793
"ENSG00000182912",2.45250611823703,0.32660875458459,0.00284369827728479,0.00831067859572162
"ENSG00000136928",2.62174998397351,3.88876429744174,0.0028496381990079,0.00832706316757793
"ENSG00000245466",1.64171059778843,-2.95148845357061,0.00285877343770511,0.00835288009485159
"ENSG00000236231",-1.91852884168113,-3.53790091127198,0.00286122389964392,0.00835916179840298
"ENSG00000152256",0.644290147379939,3.98140715327619,0.00286219295398652,0.00836111465489202
"ENSG00000232600",0.76798900732519,-1.44286726645071,0.00286419246895128,0.0083660769942178
"ENSG00000156222",1.61520039663791,-2.34170008635782,0.00286517792757819,0.00836743579691741
"ENSG00000224916",1.72208829758549,-3.99136626369032,0.00286525935820808,0.00836743579691741
"ENSG00000262691",0.963851601257568,-0.981448382221512,0.00286661121167834,0.00837050473810075
"ENSG00000269416",1.9995974572402,1.00110754273447,0.00287095087984022,0.00838229653800084
"ENSG00000222041",1.1858185915121,3.50260911298104,0.00287435686365598,0.00839136007650506
"ENSG00000196406",6.4170477799475,-2.6125545892571,0.00287600527941954,0.00839529122969098
"ENSG00000073150",1.35581762836665,3.17901209912534,0.0028771852284823,0.00839785420923267
"ENSG00000198720",0.850117004464875,3.48484483890967,0.00287817634050178,0.00839986553603106
"ENSG00000147642",-1.08965398757776,1.50284804402121,0.00288004726271184,0.00840444386924818
"ENSG00000263011",0.8718804752374,-2.72026324298971,0.00288105075484733,0.00840560837559728
"ENSG00000183196",1.4516630891308,1.61401269985637,0.00288228621094292,0.00840833085640397
"ENSG00000108771",0.635329075986655,4.1066783659512,0.00288397903813367,0.00841238688910453
"ENSG00000251576",1.74157749241707,-3.50006111039981,0.00288537572084072,0.00841557832673479
"ENSG00000260135",1.8604196684993,-1.89063553636763,0.00289322163217867,0.00843757714750818
"ENSG00000057704",-0.830653563827293,3.46912305994284,0.00289641395504127,0.00844600139773147
"ENSG00000204323",-1.06582523594781,3.35372683544797,0.00289784894713147,0.00844930000697847
"ENSG00000136352",4.59710462094793,-0.0417255814720268,0.00289873374442972,0.00845099388195217
"ENSG00000166863",3.91561311294153,5.27334568745844,0.00290398680470732,0.00846542133941145
"ENSG00000235267",1.19699280083159,-3.54528565395985,0.00290540116140951,0.00846865672838847
"ENSG00000253844",1.94458572723551,-2.32375514563259,0.00290837768143293,0.00847644435226807
"ENSG00000280039",1.20483460320205,-1.6416996818052,0.00291258988556358,0.0084878313586735
"ENSG00000260001",1.45586975190363,-1.27136822110474,0.00291554944995999,0.00849378620003531
"ENSG00000099834",2.15669495299497,0.301341006904811,0.00291712783518023,0.00849684197773088
"ENSG00000101197",1.88707359797822,-1.14598401742854,0.00291720936415892,0.00849684197773088
"ENSG00000164683",1.16441824119675,3.2844773484166,0.00292300456212909,0.00851104751743052
"ENSG00000184106",2.35179105103117,-2.07564983226213,0.00292632024447392,0.0085198100030936
"ENSG00000106302",2.31394309456786,-1.153167837654,0.0029300741383965,0.00852984634825433
"ENSG00000233858",-1.26943616048167,-3.93030915491719,0.00293152834114078,0.0085322936115685
"ENSG00000185499",1.53193208633916,7.58058375379444,0.00293276618515638,0.00853500323404357
"ENSG00000136869",-0.799143004002258,2.93829157043038,0.00293985292146699,0.00855473208880114
"ENSG00000160284",0.989089313049529,3.2022586242474,0.00294098992523523,0.0085571453907906
"ENSG00000253474",5.30888582415784,-1.4067135805085,0.00294145267848939,0.00855759658439595
"ENSG00000214012",1.34401604364879,-3.85836073529464,0.00294395557397154,0.00856398246824291
"ENSG00000273249",0.966993863925388,-2.66828290655016,0.00294736405305225,0.00857300108842733
"ENSG00000268658",1.60967653943296,-0.597261173653515,0.00296886999808646,0.00863194451774815
"ENSG00000183570",-1.02002518468958,-0.0410192977101322,0.00297114851198659,0.00863766630750318
"ENSG00000233571",2.30480303480515,-3.87546404221609,0.00297154908035827,0.00863792794439846
"ENSG00000268401",1.42388763573905,-3.52483586007282,0.00297419561944787,0.00864381429087811
"ENSG00000105258",0.518004703290919,4.35794218690293,0.00297752936086144,0.008652598904361
"ENSG00000241431",1.14699338670558,-0.631296034787371,0.00298214325945055,0.00866419622637607
"ENSG00000273951",0.796023814433773,-1.89322283595431,0.00298506506411844,0.00867168945944207
"ENSG00000243679",0.586248560913093,2.60956692538106,0.00298534593802027,0.00867168945944207
"ENSG00000106128",4.21975428219534,-2.23090133924441,0.00298702638254166,0.00867566465931822
"ENSG00000261780",5.78433773508604,-0.190511415928654,0.00298922755330256,0.00868115129372497
"ENSG00000131368",0.621562050206976,5.36115022142442,0.00299748995225576,0.00870242046368367
"ENSG00000159182",-2.20480385576477,-0.727857596693625,0.00299842345044779,0.00870422204647785
"ENSG00000159713",-0.998438008182659,3.67899683575949,0.00300326362258023,0.00871736288194781
"ENSG00000256394",3.80492591403078,-1.6679611269936,0.00301756779665064,0.00875522774131487
"ENSG00000248483",2.16922746835228,-2.79028169379447,0.00301912485742075,0.00875801548073694
"ENSG00000227857",1.42063966806479,-2.07317434730162,0.00301915839461064,0.00875801548073694
"ENSG00000111181",1.34382199063818,0.287393304697896,0.0030205759607985,0.00876121380724671
"ENSG00000258713",3.79905773510818,-2.59966663701939,0.00303025554557448,0.00878837304369792
"ENSG00000237883",0.835182523516044,1.35454149607371,0.00303316304656851,0.00879497120665242
"ENSG00000270147",0.874582497319967,-2.08820130825834,0.0030375415375685,0.00880674896115842
"ENSG00000206647",1.59344415784484,-3.46485773153426,0.00303808954790917,0.00880683968528401
"ENSG00000260000",0.575453646357031,0.0337010752698508,0.00303820611873225,0.00880683968528401
"ENSG00000237852",1.23345525716377,-3.70722106360137,0.00304127048770655,0.00881388518022115
"ENSG00000234585",0.540276166723438,1.39653847981857,0.00304827414940867,0.00883142176223994
"ENSG00000167355",2.84442943619015,-2.61716165248212,0.00305032340783689,0.00883643838581059
"ENSG00000107242",-1.07091465259201,1.00170489287284,0.00305094582317049,0.00883732099352643
"ENSG00000225187",1.6357688167164,-2.54664749078612,0.00305175756187718,0.00883871012093646
"ENSG00000244578",2.64874621008949,-3.13090419142058,0.00305206097873202,0.00883871012093646
"ENSG00000101276",0.93648612245754,4.07206238155952,0.0030544693958214,0.00884476390483922
"ENSG00000205334",2.0137097733961,-2.38434234529475,0.00305572082826598,0.0088474665205665
"ENSG00000230138",-1.35764429301991,-4.04492671549804,0.00305656454976632,0.00884898821928288
"ENSG00000175806",-0.585058437147483,2.88769041841331,0.00305932690001884,0.00885520495759772
"ENSG00000281091",0.869591552937129,-2.41524358905267,0.003059348665644,0.00885520495759772
"ENSG00000206585",3.08083614451537,-3.11087588400528,0.00306833612459191,0.00888029475892559
"ENSG00000150637",-0.907694738657118,0.34863949365246,0.00306992022897155,0.0088830307249673
"ENSG00000268088",3.07306265646892,-4.06731314730324,0.00307150770169558,0.00888669964706743
"ENSG00000185420",0.801207545767316,2.89973280273227,0.00307686588891939,0.00890127636452204
"ENSG00000258365",0.873910373321003,-1.4272708483673,0.00307725571064958,0.00890147821947965
"ENSG00000164050",0.706623377822353,6.85007419782298,0.00307920187353429,0.00890558674406381
"ENSG00000136026",0.595955947369314,6.88591572642046,0.00307931642460942,0.00890558674406381
"ENSG00000136872",2.68414562168549,-0.677131368310423,0.00308042678969553,0.00890787173027674
"ENSG00000279968",0.747608967537128,-1.00724035054846,0.00308226696382636,0.0089115532043499
"ENSG00000272858",0.784135722548042,-2.26628572520271,0.00308234069772574,0.0089115532043499
"ENSG00000274391",4.60223760061218,-2.56528354207581,0.00308735662371454,0.00892419972722641
"ENSG00000101935",0.616566390245509,4.28286913926587,0.00308873769580618,0.00892726400638651
"ENSG00000119431",0.568476454057601,4.48166598864753,0.00309106557115673,0.00893306387474876
"ENSG00000205790",0.754142812828297,-1.73794493780715,0.00309586958194531,0.0089441592066734
"ENSG00000095951",-0.534644169160331,4.09954792995895,0.0031058228091503,0.0089719827369025
"ENSG00000134871",-0.71738664957453,8.27918020947666,0.00310959110841454,0.00898120369717384
"ENSG00000065361",1.00164340938382,7.12333665005049,0.00310966064803452,0.00898120369717384
"ENSG00000212901",5.83145736824058,0.183108800713578,0.00311105631939041,0.00898430167284866
"ENSG00000170689",1.84874087478226,2.79869732874663,0.0031122455254324,0.00898680282380102
"ENSG00000169397",1.98296019563117,-3.59028823572205,0.00311572766461681,0.00899592375542275
"ENSG00000245719",2.3876937037938,-3.61788981275752,0.00311765928874264,0.00899963236095475
"ENSG00000242207",2.05062482399935,-1.36126854450767,0.0031221791964503,0.00901174449884519
"ENSG00000187566",0.851152093266485,0.617371519521007,0.00312318267594696,0.00901370548574379
"ENSG00000152061",0.654086891908822,5.6716207393998,0.00312405429563283,0.0090152855493293
"ENSG00000272141",1.38615578001659,2.40939309696473,0.00313156485447357,0.00903602171360863
"ENSG00000173928",0.560592870920259,1.80605664066718,0.00313638319098283,0.00904804747337471
"ENSG00000234444",0.746439257730822,2.98104338401961,0.00313871894430112,0.00905384671207706
"ENSG00000258944",0.91050463647904,-2.21755766493015,0.00313921991349306,0.0090543527381502
"ENSG00000133115",2.26594624329212,-2.90466679716016,0.00314197841165831,0.00906136930355169
"ENSG00000260740",1.63870996348353,-3.40676882903373,0.00314826847462313,0.00907856828249798
"ENSG00000082269",-0.539852481103203,3.56609557497956,0.00314922718567354,0.00908039142806742
"ENSG00000153982",0.749897603903537,1.72593202237591,0.00315133282522073,0.00908552087362539
"ENSG00000147231",1.31021175406068,3.81283574020885,0.00315247094801252,0.00908786012407464
"ENSG00000144550",1.18197058040577,-2.43067722628402,0.00315349899174801,0.00908988158954166
"ENSG00000261183",0.886892054654503,3.32487597279913,0.0031546725553795,0.00909232205002797
"ENSG00000241003",1.71176130229633,-3.05230815689451,0.00315541853776846,0.00909258762856964
"ENSG00000166396",3.17708789650495,2.10916144312414,0.00315974120543864,0.0091041005021097
"ENSG00000233723",3.13710724157124,-1.17507422655643,0.00316080379212664,0.00910621875599941
"ENSG00000268864",3.30649592481033,4.04092754764848,0.00316249237453282,0.00911013986668891
"ENSG00000274272",0.594787342774401,1.89564020843287,0.00316628503755198,0.0091191763228159
"ENSG00000281327",1.78608416614748,-3.38599871232653,0.00316985053734537,0.00912849999950163
"ENSG00000248240",1.34891920126696,-2.38483942261757,0.00317239859787617,0.0091332219639342
"ENSG00000154997",4.27553705042634,-2.65243874520649,0.00317247536740259,0.0091332219639342
"ENSG00000279170",-0.822829690515313,-2.97472348324672,0.0031736732341808,0.00913572486672228
"ENSG00000160050",0.762702707797349,2.83766019834462,0.00317854997175414,0.00914803840287281
"ENSG00000277662",0.74023686514008,-1.70943635271412,0.00318095695106395,0.0091538495271538
"ENSG00000228010",-0.800759424546883,-2.51694724940806,0.00318213170127589,0.00915628274442233
"ENSG00000280081",5.3810540998188,-2.41125151693513,0.00318685945961874,0.00916704128145372
"ENSG00000115267",1.0074446865502,4.33333888630173,0.00319233738040743,0.00918089955136715
"ENSG00000197332",0.823310455099917,-1.30029954146584,0.00319465237803936,0.00918470814455332
"ENSG00000046774",5.22233411204432,1.58766741844741,0.00320266798283258,0.00920680150971808
"ENSG00000230068",1.60822459968081,-3.4163700108362,0.00320455744513677,0.00921128113079672
"ENSG00000131044",1.20135779153022,-1.7492691512927,0.00321600549367037,0.00924227741221885
"ENSG00000266560",2.35520192198623,-3.01296581775688,0.00322262279653451,0.0092593809752081
"ENSG00000231560",2.40784704424954,-3.42184957266804,0.00322370441509706,0.00926153195920818
"ENSG00000234667",2.11209173599662,-4.12305663454035,0.0032274804404341,0.00927142258725403
"ENSG00000267767",-1.11037966924971,-2.95899422107203,0.00322919810569764,0.00927539883442823
"ENSG00000114541",-0.712842692205494,4.03313293294094,0.00323041272647418,0.00927697151899085
"ENSG00000113269",-0.578340835045418,4.9160092020087,0.00323338704218805,0.00928359593314506
"ENSG00000231381",2.08385470481966,-3.53776216859489,0.00323391648066679,0.00928415762559718
"ENSG00000176029",1.71977049151833,-2.79670083664641,0.00323466180510955,0.0092853389189299
"ENSG00000163515",2.32218126091921,-3.15471590158053,0.00323522838342403,0.00928600691725208
"ENSG00000117148",3.14481174145695,-0.267408063235896,0.00323615237940667,0.00928770056015248
"ENSG00000144455",0.536024386864637,5.33316415924361,0.00323798874027158,0.00929201205459899
"ENSG00000269191",0.804441521144495,-2.70414910919042,0.00324070810402655,0.00929885633934699
"ENSG00000184220",0.527270190144356,4.05931589667923,0.0032423696633273,0.0093017047391565
"ENSG00000278962",-1.07010933775175,-1.38819039259685,0.00324407790261673,0.00930465433578418
"ENSG00000008118",-0.852272506460361,-1.54476304297149,0.0032443071956619,0.00930465433578418
"ENSG00000232021",1.21525784720853,-2.17739177658066,0.00324440145789505,0.00930465433578418
"ENSG00000181274",0.558348103405943,3.7898621176072,0.00324567125647476,0.00930733628789901
"ENSG00000228951",2.54612370091821,1.46456032583246,0.00324604901140797,0.00930744631947488
"ENSG00000184117",0.562538816436496,5.94125976019074,0.00324637891436471,0.00930744631947488
"ENSG00000229368",-0.722046219725096,-3.10621583789923,0.00324746557750293,0.00930960215492567
"ENSG00000231419",-1.48267994727428,-2.06010437213624,0.00324798242563364,0.00930984081844017
"ENSG00000277203",0.737192761005821,3.17193598785657,0.00325281874152547,0.00932206570407501
"ENSG00000231969",-0.616902546420515,-2.85600430768085,0.00325452068737612,0.00932598226643231
"ENSG00000214226",0.68859439187476,0.823435054232901,0.00325669219447923,0.00933124343309476
"ENSG00000270964",0.688533214328536,-0.626448878462387,0.00325858951515046,0.00933475643061899
"ENSG00000233539",1.93360006415824,-1.47458433918404,0.00326915794878109,0.00936310267011105
"ENSG00000009765",2.248839111623,0.553728024054569,0.00327196210747271,0.0093692043750786
"ENSG00000233514",0.99293224198793,-3.60348494249876,0.00327349253730122,0.00937165701903847
"ENSG00000118557",0.913320596316631,0.100574054484433,0.00327422292005724,0.00937278325190944
"ENSG00000151718",-0.635723843977596,3.1609756034168,0.0032748462156133,0.00937360273694068
"ENSG00000237892",-1.12217358847016,-3.16707638335375,0.00327609339414197,0.00937570304039319
"ENSG00000267348",0.839941557239598,-1.14356553881912,0.00327657581020696,0.00937570304039319
"ENSG00000251169",2.04405994736343,-2.31007341710674,0.00327659129013849,0.00937570304039319
"ENSG00000259341",2.48507028626004,-3.48762794251792,0.00327704660131654,0.00937604126349314
"ENSG00000007933",2.26116357532811,2.15505863599713,0.00328148426431271,0.00938680673077543
"ENSG00000113407",0.578096984748244,6.16211453444154,0.0032882917590329,0.0094053124942392
"ENSG00000267980",0.70003761345868,-0.738408105356717,0.00329055964690512,0.00941083140970407
"ENSG00000156097",0.853965973290705,-1.95911545022408,0.00329114613119479,0.00941154095691145
"ENSG00000128610",2.64648738891471,-0.57809451956135,0.00329573758424762,0.0094236270258297
"ENSG00000176170",1.36561745517221,4.67655686176812,0.00329605018183121,0.0094236270258297
"ENSG00000251791",2.5284206818875,-1.8595880119241,0.00329709812151906,0.00942565423515361
"ENSG00000170522",0.824176019851873,4.93810741803956,0.00329944863783823,0.00943140441564179
"ENSG00000112699",0.536214780583752,4.40267413271105,0.00330190785667526,0.00943746410622843
"ENSG00000233895",-0.721935078429721,-1.70485813134949,0.00330651607770812,0.00944966416659432
"ENSG00000186766",-1.62370457169095,-1.89770860572044,0.0033142090509522,0.0094706767013391
"ENSG00000205307",1.08121051721852,-1.91066228377504,0.00331530795863456,0.00947284366688956
"ENSG00000127578",1.31413213572342,-0.213668972697029,0.0033172451304957,0.00947740511704949
"ENSG00000105854",0.586902312101304,5.23873733438296,0.00332048234057538,0.00948567947190047
"ENSG00000232640",0.64230701732854,-0.000353948017535141,0.00332973862799209,0.00951088073955484
"ENSG00000169174",2.22908694622339,2.46990047822135,0.00332998801430213,0.00951088073955484
"ENSG00000227204",2.46682139251657,-3.702299960247,0.00333185875008697,0.00951524667996394
"ENSG00000113361",-0.721809439377779,2.07620842641565,0.00333436034189231,0.00952141316109352
"ENSG00000244502",1.19697019403864,-3.75349905173906,0.00333521223093486,0.00952286806067049
"ENSG00000197180",0.712768751520894,1.78107104288744,0.00333693657773556,0.00952583568064858
"ENSG00000144406",-1.36498215211746,-1.79553661489117,0.00335013838946237,0.00956155967430651
"ENSG00000113389",-1.0217686634219,1.03425695691321,0.00335141383871675,0.0095636437235416
"ENSG00000183628",1.08074454613324,1.04366691252585,0.00335155630005249,0.0095636437235416
"ENSG00000198089",0.578321916526107,4.57079472854621,0.00335330322905735,0.00956764697474067
"ENSG00000256950",0.841838372662738,-2.47869643504074,0.00335471203353282,0.00957068476650409
"ENSG00000204584",1.04909542847752,-0.422259159551167,0.00335574475565218,0.0095726491168158
"ENSG00000117091",-1.05447767747675,2.82793246601631,0.00335700789612595,0.00957527029175992
"ENSG00000196337",1.20816580999475,-0.14495283765566,0.00336092962710956,0.00958547330996701
"ENSG00000068650",0.8249851404479,4.59061285038327,0.00336203611759919,0.00958764590780132
"ENSG00000250602",1.13654336354437,-1.66995023910845,0.00336419346734904,0.00959183115401117
"ENSG00000280063",0.996769789063033,-0.278897338957148,0.00336856546007604,0.00960272343436394
"ENSG00000127074",-1.29247264515558,-0.909614897729018,0.0033687042947215,0.00960272343436394
"ENSG00000258819",-0.868977944281571,-2.62562715574839,0.00337504948462371,0.00961819482215378
"ENSG00000233614",2.0759536894758,-2.65685804623694,0.00337516921814335,0.00961819482215378
"ENSG00000204021",2.63221686795467,-1.07982854898036,0.00337863652590496,0.00962527551930118
"ENSG00000171722",1.74089347352145,-3.11806336019018,0.00337869215456576,0.00962527551930118
"ENSG00000256660",2.15484250947705,-2.10613326214783,0.00338856123479022,0.009652402050719
"ENSG00000091073",0.537859847687975,5.03789392706272,0.00339200363419512,0.00966025545695801
"ENSG00000226699",2.07577284317963,-3.51954567071802,0.00339498232088175,0.00966772225767218
"ENSG00000271816",0.696048835658914,-2.27851085643737,0.00339545512415566,0.00966807876414223
"ENSG00000224060",2.47438850389948,-2.72009051614125,0.00339856294160079,0.00967593726018455
"ENSG00000245848",1.07668689436605,4.98007606319966,0.00340455456471638,0.00969200369585024
"ENSG00000137266",0.793259680270385,4.60716239275008,0.00341278966837601,0.00971345876448445
"ENSG00000174946",-1.05536433758264,0.0203527749210127,0.00341391033023283,0.00971466012019294
"ENSG00000242951",0.820195162971974,-2.11001185044385,0.00341534285039963,0.009717742270912
"ENSG00000250420",2.86491206480448,-1.35548217167936,0.00341864725476076,0.00972614935522311
"ENSG00000259158",1.06382398351384,-1.55784313730843,0.00341940964247423,0.00972709864837607
"ENSG00000262410",0.878735242929295,-1.73134269150488,0.00342127700888671,0.00973064499930116
"ENSG00000105204",0.664982177308046,4.50132792810598,0.00342363091778085,0.00973634424501418
"ENSG00000224183",-0.85698368813692,-3.80958364364903,0.0034270543741775,0.00974508366312226
"ENSG00000110693",-1.04608245461843,0.484279149263999,0.0034303593508646,0.00975248744000787
"ENSG00000269779",3.53339715837009,0.354094261254576,0.00343132549596612,0.00975324026768582
"ENSG00000228966",4.53831475261685,-3.6694719367716,0.00343167685424949,0.00975324221819344
"ENSG00000105707",2.04882238631645,0.0659065692260092,0.0034323259395869,0.00975409025827428
"ENSG00000241157",1.37876306386457,-3.68092610455649,0.00343575175840836,0.0097628283261761
"ENSG00000184984",1.35431024673187,-2.38196621883605,0.00343629086363908,0.00976336273269934
"ENSG00000138101",0.690218402147614,4.07569827548252,0.00344101394444178,0.00977578353797337
"ENSG00000243368",0.942345240464621,-1.02238725325793,0.00344489789365837,0.00978581811013383
"ENSG00000114757",2.29081116353297,-1.24453272169003,0.00344533228704938,0.00978605258371163
"ENSG00000204682",1.29703876842921,2.79055865405944,0.00344754158095665,0.00979046422453498
"ENSG00000166813",-0.581584668132532,3.08520805875955,0.00344758949466421,0.00979046422453498
"ENSG00000174358",5.75455798817644,-1.32683894803314,0.0034518857706213,0.00980066342775524
"ENSG00000157601",1.1265117087643,6.82355918147422,0.003456892534594,0.00981387690769246
"ENSG00000279407",0.882683395162009,0.358921025911135,0.00345960243476575,0.009820567719753
"ENSG00000042832",2.28426502816116,2.52044973393496,0.00346618359277269,0.00983724125161091
"ENSG00000279837",0.981305787468436,-2.72942515515897,0.00346715743825993,0.0098383864720778
"ENSG00000167100",-0.749836836974772,0.722418517449045,0.00346729458164551,0.0098383864720778
"ENSG00000167766",0.691454670342669,4.95732224598824,0.00346811762231456,0.00983871434408761
"ENSG00000204055",-0.905457790064764,-2.10288484472923,0.00347130273927697,0.00984574169768614
"ENSG00000084444",0.888685501502722,3.93712788141708,0.00347262803257693,0.00984849632609994
"ENSG00000277748",3.13897441427947,-2.88582742629134,0.00347366628825479,0.00985043642691992
"ENSG00000170638",0.519761937286187,5.73107008669432,0.00347537629173507,0.00985428084432944
"ENSG00000124507",1.41099438419724,1.42563387317418,0.00347695271622996,0.00985774575907278
"ENSG00000279379",3.18757241119262,-3.84406834301477,0.00347774617768004,0.00985899036181989
"ENSG00000165121",-0.50846512240153,0.625153328994244,0.00347939007649737,0.00986241866486325
"ENSG00000132702",-1.2138683831976,-2.80045307715113,0.0034796647020567,0.00986241866486325
"ENSG00000265293",1.72832032437345,-3.73000798769611,0.00348209666234477,0.00986730050634693
"ENSG00000272323",0.776132148578819,0.555164950620132,0.00348547700588963,0.00987486726747562
"ENSG00000185958",0.972363616309897,-1.53921869673896,0.00348824096256862,0.00988134136071214
"ENSG00000226659",1.31972336426807,-2.09230646733993,0.00348847268618389,0.00988134136071214
"ENSG00000178078",0.794546402427134,5.80390118126728,0.00348966454913111,0.00988371080498814
"ENSG00000234859",2.94643976393397,-3.1938803838074,0.00349257911111711,0.0098909584377864
"ENSG00000142227",-0.939358515001245,4.57290860385606,0.00349615800546302,0.00989907794013468
"ENSG00000260409",-1.23781802161783,-3.91038602367058,0.00349733782080409,0.00990141050590638
"ENSG00000137766",3.90227318047427,1.05832551347457,0.00349882386920742,0.0099036377077601
"ENSG00000142156",-0.950612121575212,8.53644675853275,0.00349903726310426,0.0099036377077601
"ENSG00000277610",-1.13288601386228,-3.76431072799357,0.00350390287346449,0.00991495071926623
"ENSG00000172663",0.597706896885408,5.38564279154583,0.00350685996657495,0.00992230887592564
"ENSG00000163554",2.60266725557037,-1.58524844914748,0.00351030805542313,0.00993034532158619
"ENSG00000234329",0.960710176182164,-2.5020131585068,0.00351041438182991,0.00993034532158619
"ENSG00000268186",2.30294111634158,-3.82033645763069,0.00351337210126881,0.00993669089410103
"ENSG00000171631",1.35113499699193,2.91840062452699,0.00351992960657298,0.0099542249260411
"ENSG00000265790",3.61847465500111,-3.63808313984327,0.0035204255711936,0.00995461533261566
"ENSG00000241889",0.807888171733154,-2.16170938106586,0.00352342970992319,0.00996209723717533
"ENSG00000271427",0.916432400964415,-2.58148149285053,0.00352570983260631,0.00996753075566977
"ENSG00000165240",-0.502049149478642,3.66599349832242,0.00352845617712906,0.0099742810910144
"ENSG00000078487",-0.542453576673504,1.98155705997864,0.00352928828390539,0.00997561941466064
"ENSG00000258867",1.81642043731384,-2.34375506130665,0.00353362607843132,0.00998686537134541
"ENSG00000213462",1.24475619237586,4.24356064379907,0.00353758326797278,0.00999601782303432
"ENSG00000196549",1.55805981061565,5.18144808420952,0.00353831969480229,0.00999658909188356
"ENSG00000230499",1.15965642761404,-3.30803533307056,0.0035390894005422,0.00999722663998376
"ENSG00000233155",0.873118793529499,-2.8967046075464,0.0035396466723511,0.00999778540653003
